ID,Description,GeneRatio,BgRatio,RichFactor,FoldEnrichment,zScore,pvalue,p.adjust,qvalue,geneID,Count
GO:0048002,antigen processing and presentation of peptide antigen,10/132,68/18842,0.147058823529412,20.9915329768271,13.8715245197755,4.15441645134086e-11,2.44279687338843e-07,2.44279687338843e-07,HLA-DRB1/IDE/HLA-DRB5/HLA-DQA1/HLA-DQB1/HLA-B/HLA-C/TAP2/HLA-DQA2/HLA-DRA,10
GO:0002478,antigen processing and presentation of exogenous peptide antigen,8/132,39/18842,0.205128205128205,29.2804972804973,14.8493628281811,2.40079313857382e-10,7.05833182740703e-07,7.05833182740703e-07,HLA-DRB1/HLA-DRB5/HLA-DQA1/HLA-DQB1/HLA-B/HLA-C/HLA-DQA2/HLA-DRA,8
GO:0002399,MHC class II protein complex assembly,6/132,16/18842,0.375,53.5284090909091,17.6553876862906,7.97141400753882e-10,9.54977627884505e-07,9.54977627884505e-07,HLA-DRB1/HLA-DRB5/HLA-DQA1/HLA-DQB1/HLA-DQA2/HLA-DRA,6
GO:0002503,peptide antigen assembly with MHC class II protein complex,6/132,16/18842,0.375,53.5284090909091,17.6553876862906,7.97141400753882e-10,9.54977627884505e-07,9.54977627884505e-07,HLA-DRB1/HLA-DRB5/HLA-DQA1/HLA-DQB1/HLA-DQA2/HLA-DRA,6
GO:0019884,antigen processing and presentation of exogenous antigen,8/132,45/18842,0.177777777777778,25.376430976431,13.750995895606,8.12055806024239e-10,9.54977627884505e-07,9.54977627884505e-07,HLA-DRB1/HLA-DRB5/HLA-DQA1/HLA-DQB1/HLA-B/HLA-C/HLA-DQA2/HLA-DRA,8
GO:0019882,antigen processing and presentation,10/132,104/18842,0.0961538461538462,13.7252331002331,10.9300675364932,3.01516857044843e-09,2.95486519903946e-06,2.95486519903946e-06,HLA-DRB1/IDE/HLA-DRB5/HLA-DQA1/HLA-DQB1/HLA-B/HLA-C/TAP2/HLA-DQA2/HLA-DRA,10
GO:0002396,MHC protein complex assembly,6/132,21/18842,0.285714285714286,40.7835497835498,15.3212386771293,5.24865356496945e-09,3.85776037025255e-06,3.85776037025255e-06,HLA-DRB1/HLA-DRB5/HLA-DQA1/HLA-DQB1/HLA-DQA2/HLA-DRA,6
GO:0002501,peptide antigen assembly with MHC protein complex,6/132,21/18842,0.285714285714286,40.7835497835498,15.3212386771293,5.24865356496945e-09,3.85776037025255e-06,3.85776037025255e-06,HLA-DRB1/HLA-DRB5/HLA-DQA1/HLA-DQB1/HLA-DQA2/HLA-DRA,6
GO:0002483,antigen processing and presentation of endogenous peptide antigen,6/132,24/18842,0.25,35.6856060606061,14.2813815674167,1.27963295914578e-08,8.36026866641912e-06,8.36026866641912e-06,HLA-DRB1/IDE/HLA-B/HLA-C/TAP2/HLA-DRA,6
GO:0019886,antigen processing and presentation of exogenous peptide antigen via MHC class II,6/132,27/18842,0.222222222222222,31.7205387205387,13.417161417943,2.76616784237954e-08,1.62650669131917e-05,1.62650669131917e-05,HLA-DRB1/HLA-DRB5/HLA-DQA1/HLA-DQB1/HLA-DQA2/HLA-DRA,6
GO:0019883,antigen processing and presentation of endogenous antigen,6/132,30/18842,0.2,28.5484848484849,12.6836107921291,5.45399413739658e-08,2.9154077752629e-05,2.9154077752629e-05,HLA-DRB1/IDE/HLA-B/HLA-C/TAP2/HLA-DRA,6
GO:0002495,antigen processing and presentation of peptide antigen via MHC class II,6/132,32/18842,0.1875,26.7642045454546,12.2517852663386,8.22863297738664e-08,4.03203015891946e-05,4.03203015891946e-05,HLA-DRB1/HLA-DRB5/HLA-DQA1/HLA-DQB1/HLA-DQA2/HLA-DRA,6
GO:0002504,antigen processing and presentation of peptide or polysaccharide antigen via MHC class II,6/132,34/18842,0.176470588235294,25.1898395721925,11.8577744490197,1.20729733107602e-07,5.46069869748231e-05,5.46069869748231e-05,HLA-DRB1/HLA-DRB5/HLA-DQA1/HLA-DQB1/HLA-DQA2/HLA-DRA,6
GO:0001910,regulation of leukocyte mediated cytotoxicity,8/132,89/18842,0.0898876404494382,12.8307797071842,9.39669305760526,2.05597840592714e-07,8.63510930489398e-05,8.63510930489398e-05,NCR3/HLA-DRB1/RASGRP1/MICA/AGER/HLA-B/HLA-C/HLA-DRA,8
GO:0031341,regulation of cell killing,8/132,99/18842,0.0808080808080808,11.5347413529232,8.82722036779103,4.70043524806827e-07,0.000184257061724276,0.000184257061724276,NCR3/HLA-DRB1/RASGRP1/MICA/AGER/HLA-B/HLA-C/HLA-DRA,8
GO:0001913,T cell mediated cytotoxicity,6/132,50/18842,0.12,17.1290909090909,9.59202797426157,1.30142235259532e-06,0.000478272714578779,0.000478272714578779,HLA-DRB1/MICA/AGER/HLA-B/HLA-C/HLA-DRA,6
GO:1903039,positive regulation of leukocyte cell-cell adhesion,11/132,250/18842,0.044,6.28066666666667,7.05988700046641,1.51708461957204e-06,0.000524732797828447,0.000524732797828447,HLA-DRB1/NFAT5/RASGRP1/HLA-DRB5/ZMIZ1/HLA-DQA1/AGER/HLA-DQB1/AIF1/HLA-DQA2/HLA-DRA,11
GO:0046879,hormone secretion,11/132,268/18842,0.041044776119403,5.85883084577114,6.72896861895924,2.97537365173515e-06,0.000971955392900149,0.000971955392900149,PPARG/KCNJ11/HLA-DRB1/SLC30A8/ABCC8/HNF1A/GIPR/TCF7L2/ADCY5/KCNQ1/HNF1B,11
GO:0030073,insulin secretion,9/132,171/18842,0.0526315789473684,7.51275917065391,7.18590268454759,3.30166830565368e-06,0.00102177945459177,0.00102177945459177,KCNJ11/HLA-DRB1/SLC30A8/ABCC8/HNF1A/GIPR/TCF7L2/ADCY5/HNF1B,9
GO:0001912,positive regulation of leukocyte mediated cytotoxicity,6/132,60/18842,0.1,14.2742424242424,8.6500077887143,3.87187071283958e-06,0.00113832998957484,0.00113832998957484,NCR3/HLA-DRB1/RASGRP1/HLA-B/HLA-C/HLA-DRA,6
GO:0050870,positive regulation of T cell activation,10/132,226/18842,0.0442477876106195,6.31603647090373,6.75306660023319,4.4008806686118e-06,0.00115155438062362,0.00115155438062362,HLA-DRB1/RASGRP1/HLA-DRB5/ZMIZ1/HLA-DQA1/AGER/HLA-DQB1/AIF1/HLA-DQA2/HLA-DRA,10
GO:0001909,leukocyte mediated cytotoxicity,8/132,134/18842,0.0597014925373134,8.52193577566712,7.33956610165653,4.66162392354806e-06,0.00115155438062362,0.00115155438062362,NCR3/HLA-DRB1/RASGRP1/MICA/AGER/HLA-B/HLA-C/HLA-DRA,8
GO:0009914,hormone transport,11/132,281/18842,0.0391459074733096,5.58778173190985,6.5081457284683,4.6847899397559e-06,0.00115155438062362,0.00115155438062362,PPARG/KCNJ11/HLA-DRB1/SLC30A8/ABCC8/HNF1A/GIPR/TCF7L2/ADCY5/KCNQ1/HNF1B,11
GO:0031343,positive regulation of cell killing,6/132,62/18842,0.0967741935483871,13.8137829912023,8.48843176932981,4.70022196172906e-06,0.00115155438062362,0.00115155438062362,NCR3/HLA-DRB1/RASGRP1/HLA-B/HLA-C/HLA-DRA,6
GO:0015833,peptide transport,10/132,238/18842,0.0420168067226891,5.99758085052203,6.51699201059741,6.94976046262213e-06,0.00163458366080873,0.00163458366080873,KCNJ11/HLA-DRB1/SLC30A8/ABCC8/HNF1A/GIPR/TCF7L2/ADCY5/TAP2/HNF1B,10
GO:0022409,positive regulation of cell-cell adhesion,11/132,297/18842,0.037037037037037,5.28675645342312,6.25454415427125,7.92259232513916e-06,0.00179037585068468,0.00179037585068468,HLA-DRB1/NFAT5/RASGRP1/HLA-DRB5/ZMIZ1/HLA-DQA1/AGER/HLA-DQB1/AIF1/HLA-DQA2/HLA-DRA,11
GO:0001709,cell fate determination,4/132,19/18842,0.210526315789474,30.0510366826156,10.641333659845,8.22111360008272e-06,0.00179037585068468,0.00179037585068468,POU5F1/NOTCH2/NOTCH4/TNXB,4
GO:0045165,cell fate commitment,9/132,195/18842,0.0461538461538462,6.58811188811189,6.58840002412719,9.60360421697295e-06,0.00201675688556432,0.00201675688556432,PPARG/POU5F1/GATAD2A/PROX1/NOTCH2/TCF7L2/EYA2/NOTCH4/TNXB,9
GO:0023061,signal release,13/132,430/18842,0.0302325581395349,4.31546863988724,5.8415852055746,1.04556789623754e-05,0.00211997904478509,0.00211997904478509,PPARG/SLC44A4/KCNJ11/HLA-DRB1/SLC30A8/SYN2/ABCC8/HNF1A/GIPR/TCF7L2/ADCY5/KCNQ1/HNF1B,13
GO:0001914,regulation of T cell mediated cytotoxicity,5/132,43/18842,0.116279069767442,16.5979563072586,8.60075546282955,1.21576813605632e-05,0.00238290554667039,0.00238290554667039,HLA-DRB1/AGER/HLA-B/HLA-C/HLA-DRA,5
GO:0019885,antigen processing and presentation of endogenous peptide antigen via MHC class I,4/132,22/18842,0.181818181818182,25.9531680440771,9.8362434430777,1.52644385269648e-05,0.00289531930769526,0.00289531930769525,IDE/HLA-B/HLA-C/TAP2,4
GO:0009306,protein secretion,11/132,323/18842,0.0340557275541796,4.86119711042312,5.87917671709461,1.73648612058937e-05,0.00308964838675821,0.00308964838675821,PPARG/KCNJ11/HLA-DRB1/SLC30A8/ABCC8/HNF1A/GIPR/TCF7L2/ADCY5/MON1A/HNF1B,11
GO:0030072,peptide hormone secretion,9/132,210/18842,0.0428571428571429,6.11753246753247,6.26386750610158,1.73667735858806e-05,0.00308964838675821,0.00308964838675821,KCNJ11/HLA-DRB1/SLC30A8/ABCC8/HNF1A/GIPR/TCF7L2/ADCY5/HNF1B,9
GO:0051249,regulation of lymphocyte activation,13/132,453/18842,0.0286975717439294,4.09636096059937,5.60303937442755,1.81339858166159e-05,0.00308964838675821,0.00308964838675821,ZFP36L2/HLA-DRB1/RASGRP1/LST1/MICA/HLA-DRB5/ZMIZ1/HLA-DQA1/AGER/HLA-DQB1/AIF1/HLA-DQA2/HLA-DRA,13
GO:0035592,establishment of protein localization to extracellular region,11/132,326/18842,0.0337423312883436,4.81646216768916,5.83845883142661,1.89162146128054e-05,0.00308964838675821,0.00308964838675821,PPARG/KCNJ11/HLA-DRB1/SLC30A8/ABCC8/HNF1A/GIPR/TCF7L2/ADCY5/MON1A/HNF1B,11
GO:0071692,protein localization to extracellular region,11/132,326/18842,0.0337423312883436,4.81646216768916,5.83845883142661,1.89162146128054e-05,0.00308964838675821,0.00308964838675821,PPARG/KCNJ11/HLA-DRB1/SLC30A8/ABCC8/HNF1A/GIPR/TCF7L2/ADCY5/MON1A/HNF1B,11
GO:0002790,peptide secretion,9/132,214/18842,0.0420560747663551,6.00318606627018,6.18261884176586,2.01695677420374e-05,0.00320532590062648,0.00320532590062648,KCNJ11/HLA-DRB1/SLC30A8/ABCC8/HNF1A/GIPR/TCF7L2/ADCY5/HNF1B,9
GO:0042269,regulation of natural killer cell mediated cytotoxicity,5/132,49/18842,0.102040816326531,14.5655534941249,7.98618834059479,2.32873659320058e-05,0.00360341346526826,0.00360341346526826,NCR3/RASGRP1/MICA/HLA-B/HLA-C,5
GO:0002706,regulation of lymphocyte mediated immunity,8/132,169/18842,0.0473372781065089,6.75703783396091,6.31447770061575,2.54350963510128e-05,0.00383482991138347,0.00383482991138347,NCR3/HLA-DRB1/RASGRP1/MICA/AGER/HLA-B/HLA-C/HLA-DRA,8
GO:0022407,regulation of cell-cell adhesion,13/132,472/18842,0.0275423728813559,3.93146507447355,5.41755329239084,2.78408420944116e-05,0.0040926037878785,0.0040926037878785,HLA-DRB1/NFAT5/RASGRP1/CDSN/HLA-DRB5/ZMIZ1/HLA-DQA1/NOTCH4/AGER/HLA-DQB1/AIF1/HLA-DQA2/HLA-DRA,13
GO:0009749,response to glucose,8/132,172/18842,0.0465116279069768,6.63918252290345,6.24036888421469,2.88572001292977e-05,0.00413854479903098,0.00413854479903098,HLA-DRB1/SLC30A8/ABCC8/GIPR/TCF7L2/ADCY5/AGER/GCKR,8
GO:0031016,pancreas development,5/132,53/18842,0.0943396226415094,13.4662664379646,7.63351481734784,3.42686240720789e-05,0.00479760737009105,0.00479760737009105,PROX1/HNF1A/TCF7L2/WFS1/HNF1B,5
GO:0051251,positive regulation of lymphocyte activation,10/132,289/18842,0.0346020761245675,4.93918422984167,5.66826555270817,3.71069191851038e-05,0.00502530054340173,0.00502530054340173,HLA-DRB1/RASGRP1/HLA-DRB5/ZMIZ1/HLA-DQA1/AGER/HLA-DQB1/AIF1/HLA-DQA2/HLA-DRA,10
GO:0009746,response to hexose,8/132,179/18842,0.0446927374301676,6.37954968681226,6.07412544966989,3.83665632834355e-05,0.00502530054340173,0.00502530054340173,HLA-DRB1/SLC30A8/ABCC8/GIPR/TCF7L2/ADCY5/AGER/GCKR,8
GO:0010817,regulation of hormone levels,13/132,487/18842,0.026694045174538,3.81037272105034,5.27780395383855,3.84589327301153e-05,0.00502530054340173,0.00502530054340173,PPARG/KCNJ11/HLA-DRB1/SLC30A8/IDE/ABCC8/CYP21A2/HNF1A/GIPR/TCF7L2/ADCY5/KCNQ1/HNF1B,13
GO:0042593,glucose homeostasis,9/132,233/18842,0.0386266094420601,5.51365587202497,5.82300192851409,3.93405948472304e-05,0.00502875429786337,0.00502875429786337,PPARG/HLA-DRB1/ABCC8/HNF1A/TCF7L2/ADCY5/WFS1/AGER/GCKR,9
GO:0002715,regulation of natural killer cell mediated immunity,5/132,55/18842,0.0909090909090909,12.9765840220386,7.47115315520675,4.1079208285053e-05,0.00513927116417259,0.00513927116417259,NCR3/RASGRP1/MICA/HLA-B/HLA-C,5
GO:1903037,regulation of leukocyte cell-cell adhesion,11/132,359/18842,0.0306406685236769,4.37372330547818,5.42091378685264,4.56755953718005e-05,0.00556814730442158,0.00556814730442158,HLA-DRB1/NFAT5/RASGRP1/HLA-DRB5/ZMIZ1/HLA-DQA1/AGER/HLA-DQB1/AIF1/HLA-DQA2/HLA-DRA,11
GO:0001906,cell killing,9/132,238/18842,0.0378151260504202,5.39782276546982,5.73488987648823,4.64012275368465e-05,0.00556814730442158,0.00556814730442158,NCR3/HLA-DRB1/RASGRP1/MICA/AGER/HLA-B/HLA-C/MICB/HLA-DRA,9
GO:0033500,carbohydrate homeostasis,9/132,239/18842,0.0376569037656904,5.37523773297832,5.71756564951134,4.79347741016314e-05,0.00563712943435185,0.00563712943435185,PPARG/HLA-DRB1/ABCC8/HNF1A/TCF7L2/ADCY5/WFS1/AGER/GCKR,9
GO:0034284,response to monosaccharide,8/132,186/18842,0.0430107526881721,6.13945910720104,5.91652449793944,5.03642363383658e-05,0.00580670018959982,0.00580670018959982,HLA-DRB1/SLC30A8/ABCC8/GIPR/TCF7L2/ADCY5/AGER/GCKR,8
GO:0045785,positive regulation of cell adhesion,12/132,437/18842,0.0274599542334096,3.91970043686291,5.18696298814889,5.90609597550183e-05,0.00667843160306745,0.00667843160306745,HLA-DRB1/NFAT5/RASGRP1/RREB1/HLA-DRB5/ZMIZ1/HLA-DQA1/AGER/HLA-DQB1/AIF1/HLA-DQA2/HLA-DRA,12
GO:0050796,regulation of insulin secretion,7/132,149/18842,0.0469798657718121,6.70601993085215,5.87339165919358,8.67454224051859e-05,0.00962383176872628,0.00962383176872628,KCNJ11/HLA-DRB1/SLC30A8/ABCC8/GIPR/TCF7L2/ADCY5,7
GO:0001916,positive regulation of T cell mediated cytotoxicity,4/132,34/18842,0.117647058823529,16.7932263814617,7.74178413605355,9.06731801783795e-05,0.00987330184164577,0.00987330184164577,HLA-DRB1/HLA-B/HLA-C/HLA-DRA,4
GO:0002696,positive regulation of leukocyte activation,10/132,325/18842,0.0307692307692308,4.39207459207459,5.1811218683315,9.88224421072034e-05,0.0104553071799495,0.0104553071799495,HLA-DRB1/RASGRP1/HLA-DRB5/ZMIZ1/HLA-DQA1/AGER/HLA-DQB1/AIF1/HLA-DQA2/HLA-DRA,10
GO:0009743,response to carbohydrate,8/132,205/18842,0.0390243902439024,5.57043606799704,5.52648013008563,9.95743540947576e-05,0.0104553071799495,0.0104553071799495,HLA-DRB1/SLC30A8/ABCC8/GIPR/TCF7L2/ADCY5/AGER/GCKR,8
GO:0002474,antigen processing and presentation of peptide antigen via MHC class I,4/132,35/18842,0.114285714285714,16.3134199134199,7.61637814425667,0.00010181960534512,0.0105034961303387,0.0105034961303387,IDE/HLA-B/HLA-C/TAP2,4
GO:0002708,positive regulation of lymphocyte mediated immunity,6/132,108/18842,0.0555555555555556,7.93013468013468,6.06652988269248,0.000112489807720187,0.0114041391274948,0.0114041391274948,NCR3/HLA-DRB1/RASGRP1/HLA-B/HLA-C/HLA-DRA,6
GO:0007159,leukocyte cell-cell adhesion,11/132,402/18842,0.027363184079602,3.9058872305141,4.94667492579869,0.000125052509425812,0.0124628602614199,0.0124628602614199,HLA-DRB1/NFAT5/RASGRP1/HLA-DRB5/ZMIZ1/HLA-DQA1/AGER/HLA-DQB1/AIF1/HLA-DQA2/HLA-DRA,11
GO:0002476,antigen processing and presentation of endogenous peptide antigen via MHC class Ib,3/132,15/18842,0.2,28.5484848484849,8.96509369452135,0.000143780361115487,0.0140904753893177,0.0140904753893177,HLA-B/HLA-C/TAP2,3
GO:0002703,regulation of leukocyte mediated immunity,8/132,219/18842,0.0365296803652968,5.21433513214335,5.26900184945346,0.000157080321488063,0.0151415129565542,0.0151415129565542,NCR3/HLA-DRB1/RASGRP1/MICA/AGER/HLA-B/HLA-C/HLA-DRA,8
GO:0050867,positive regulation of cell activation,10/132,345/18842,0.0289855072463768,4.13746157224418,4.94014118835027,0.000160925631415084,0.0152619792374306,0.0152619792374306,HLA-DRB1/RASGRP1/HLA-DRB5/ZMIZ1/HLA-DQA1/AGER/HLA-DQB1/AIF1/HLA-DQA2/HLA-DRA,10
GO:0050863,regulation of T cell activation,10/132,346/18842,0.0289017341040462,4.12550359082151,4.92857295828718,0.000164742460251338,0.0153759629567916,0.0153759629567916,HLA-DRB1/RASGRP1/HLA-DRB5/ZMIZ1/HLA-DQA1/AGER/HLA-DQB1/AIF1/HLA-DQA2/HLA-DRA,10
GO:0002428,antigen processing and presentation of peptide antigen via MHC class Ib,3/132,16/18842,0.1875,26.7642045454546,8.65963823293505,0.000176054960901072,0.0161750495327859,0.0161750495327859,HLA-B/HLA-C/TAP2,3
GO:0042267,natural killer cell mediated cytotoxicity,5/132,77/18842,0.0649350649350649,9.26898858717041,6.10696621460499,0.000206302714631913,0.0186624609543946,0.0186624609543946,NCR3/RASGRP1/MICA/HLA-B/HLA-C,5
GO:0002456,T cell mediated immunity,6/132,124/18842,0.0483870967741936,6.90689149560117,5.54296531577354,0.000239632367936186,0.021349065507042,0.021349065507042,HLA-DRB1/MICA/AGER/HLA-B/HLA-C/HLA-DRA,6
GO:0032024,positive regulation of insulin secretion,5/132,80/18842,0.0625,8.92140151515152,5.96361366783975,0.00024684633538962,0.021663529135686,0.021663529135686,HLA-DRB1/SLC30A8/ABCC8/GIPR/TCF7L2,5
GO:0046883,regulation of hormone secretion,8/132,236/18842,0.0338983050847458,4.83872624550591,4.98446650347144,0.000261193087880342,0.0225855199520061,0.0225855199520061,PPARG/KCNJ11/HLA-DRB1/SLC30A8/ABCC8/GIPR/TCF7L2/ADCY5,8
GO:1903131,mononuclear cell differentiation,11/132,439/18842,0.0250569476082005,3.57668944570995,4.58830281375565,0.000267887082286914,0.022828638316624,0.022828638316624,PPARG/ZFP36L2/HLA-DRB1/RASGRP1/NOTCH2/ZMIZ1/ZBTB46/HHEX/AGER/HLA-B/HLA-DRA,11
GO:0002228,natural killer cell mediated immunity,5/132,83/18842,0.0602409638554217,8.59894121942315,5.82759465396331,0.000293179474483927,0.0246270758566498,0.0246270758566498,NCR3/RASGRP1/MICA/HLA-B/HLA-C,5
GO:0090276,regulation of peptide hormone secretion,7/132,182/18842,0.0384615384615385,5.49009324009324,5.11254661073815,0.000298609621591281,0.0247299235909399,0.0247299235909399,KCNJ11/HLA-DRB1/SLC30A8/ABCC8/GIPR/TCF7L2/ADCY5,7
GO:0002705,positive regulation of leukocyte mediated immunity,6/132,130/18842,0.0461538461538462,6.58811188811189,5.37005472591469,0.000309271487144568,0.0252571714501398,0.0252571714501398,NCR3/HLA-DRB1/RASGRP1/HLA-B/HLA-C/HLA-DRA,6
GO:0050708,regulation of protein secretion,8/132,245/18842,0.0326530612244898,4.66097711811998,4.84463048588934,0.000335877210860421,0.0270542191761544,0.0270542191761544,PPARG/KCNJ11/HLA-DRB1/SLC30A8/ABCC8/GIPR/TCF7L2/ADCY5,8
GO:0002791,regulation of peptide secretion,7/132,186/18842,0.0376344086021505,5.37202671880091,5.03305944222576,0.000340629124915614,0.0270662061419434,0.0270662061419434,KCNJ11/HLA-DRB1/SLC30A8/ABCC8/GIPR/TCF7L2/ADCY5,7
GO:0090087,regulation of peptide transport,7/132,188/18842,0.0372340425531915,5.31487749838814,4.99417154001148,0.000363348079333412,0.0284864894197395,0.0284864894197395,KCNJ11/HLA-DRB1/SLC30A8/ABCC8/GIPR/TCF7L2/ADCY5,7
GO:0002475,antigen processing and presentation via MHC class Ib,3/132,21/18842,0.142857142857143,20.3917748917749,7.46806187749735,0.000407551569852881,0.0308762695179767,0.0308762695179767,HLA-B/HLA-C/TAP2,3
GO:0046887,positive regulation of hormone secretion,6/132,137/18842,0.0437956204379562,6.25149303251493,5.18162843801165,0.000409583167075201,0.0308762695179767,0.0308762695179767,PPARG/HLA-DRB1/SLC30A8/ABCC8/GIPR/TCF7L2,6
GO:0050714,positive regulation of protein secretion,6/132,137/18842,0.0437956204379562,6.25149303251493,5.18162843801165,0.000409583167075201,0.0308762695179767,0.0308762695179767,PPARG/HLA-DRB1/SLC30A8/ABCC8/GIPR/TCF7L2,6
GO:0051132,NK T cell activation,3/132,24/18842,0.125,17.842803030303,6.934821790927,0.00061076223090961,0.0454592647816267,0.0454592647816267,NCR3/BAG6/NCR3LG1,3
GO:0002449,lymphocyte mediated immunity,9/132,339/18842,0.0265486725663717,3.78962188254224,4.35337583707394,0.000648759325245826,0.0476838104055682,0.0476838104055682,NCR3/HLA-DRB1/RASGRP1/C2/MICA/AGER/HLA-B/HLA-C/HLA-DRA,9
GO:0002709,regulation of T cell mediated immunity,5/132,100/18842,0.05,7.13712121212121,5.16843169187021,0.00069150702768816,0.0501982879358813,0.0501982879358813,HLA-DRB1/AGER/HLA-B/HLA-C/HLA-DRA,5
GO:0002697,regulation of immune effector process,9/132,347/18842,0.0259365994236311,3.70225307833377,4.26742243863478,0.000765619132600111,0.0549004938986421,0.0549004938986421,NCR3/HLA-DRB1/RASGRP1/C2/MICA/AGER/HLA-B/HLA-C/HLA-DRA,9
GO:0045954,positive regulation of natural killer cell mediated cytotoxicity,3/132,26/18842,0.115384615384615,16.4702797202797,6.63014817983182,0.000776590942184161,0.0550163221691912,0.0550163221691912,NCR3/RASGRP1/HLA-C,3
GO:0090277,positive regulation of peptide hormone secretion,5/132,105/18842,0.0476190476190476,6.7972582972583,5.00344717057905,0.000862561531730974,0.0601288567202798,0.0601288567202798,HLA-DRB1/SLC30A8/ABCC8/GIPR/TCF7L2,5
GO:0006656,phosphatidylcholine biosynthetic process,3/132,27/18842,0.111111111111111,15.8602693602694,6.49020626020292,0.000869209663473433,0.0601288567202798,0.0601288567202798,SLC44A4/GPAT4/STARD10,3
GO:0002793,positive regulation of peptide secretion,5/132,106/18842,0.0471698113207547,6.73313321898228,4.97174188861736,0.000900241146384166,0.0615513714039406,0.0615513714039406,HLA-DRB1/SLC30A8/ABCC8/GIPR/TCF7L2,5
GO:1902105,regulation of leukocyte differentiation,8/132,295/18842,0.0271186440677966,3.87098099640473,4.17451990754101,0.00113192938097449,0.0765028133348279,0.0765028133348279,ZFP36L2/HLA-DRB1/RASGRP1/NOTCH2/ZMIZ1/AGER/HLA-B/HLA-DRA,8
GO:0002711,positive regulation of T cell mediated immunity,4/132,66/18842,0.0606060606060606,8.65105601469238,5.22990569305604,0.00118539215870214,0.0792057487860069,0.0792057487860069,HLA-DRB1/HLA-B/HLA-C/HLA-DRA,4
GO:1902107,positive regulation of leukocyte differentiation,6/132,170/18842,0.0352941176470588,5.0379679144385,4.4421574896492,0.00126707673148816,0.0827823464572266,0.0827823464572266,HLA-DRB1/RASGRP1/NOTCH2/ZMIZ1/AGER/HLA-DRA,6
GO:1903708,positive regulation of hemopoiesis,6/132,170/18842,0.0352941176470588,5.0379679144385,4.4421574896492,0.00126707673148816,0.0827823464572266,0.0827823464572266,HLA-DRB1/RASGRP1/NOTCH2/ZMIZ1/AGER/HLA-DRA,6
GO:0002699,positive regulation of immune effector process,7/132,235/18842,0.0297872340425532,4.25190199871051,4.21342480730713,0.00135249476697176,0.0873919695581752,0.0873919695581752,NCR3/HLA-DRB1/RASGRP1/C2/HLA-B/HLA-C/HLA-DRA,7
GO:0002717,positive regulation of natural killer cell mediated immunity,3/132,32/18842,0.09375,13.3821022727273,5.88812505053885,0.00143677708549733,0.0918287963339596,0.0918287963339596,NCR3/RASGRP1/HLA-C,3
GO:1903706,regulation of hemopoiesis,9/132,382/18842,0.0235602094240838,3.36304140885293,3.9191258695427,0.0014961907241479,0.094597865139674,0.0945978651396739,ZFP36L2/HLA-DRB1/RASGRP1/NOTCH2/ZMIZ1/AGER/HLA-B/HSPA1A/HLA-DRA,9
GO:0046631,alpha-beta T cell activation,6/132,183/18842,0.0327868852459016,4.68007948335817,4.20185061224232,0.00184338773230487,0.115309785808007,0.115309785808007,NCR3/HLA-DRB1/BAG6/NCR3LG1/AGER/HLA-DRA,6
GO:0033674,positive regulation of kinase activity,5/132,126/18842,0.0396825396825397,5.66438191438192,4.41240028217896,0.00194141397750024,0.120163307238962,0.120163307238962,HMGA2/RASGRP1/MST1R/TIGAR/LTA,5
GO:0036500,ATF6-mediated unfolded protein response,2/132,10/18842,0.2,28.5484848484849,7.31899653875316,0.00211269931721174,0.125481535204091,0.125481535204091,WFS1/ATF6B,2
GO:0043379,memory T cell differentiation,2/132,10/18842,0.2,28.5484848484849,7.31899653875316,0.00211269931721174,0.125481535204091,0.125481535204091,HLA-DRB1/HLA-DRA,2
GO:0043380,regulation of memory T cell differentiation,2/132,10/18842,0.2,28.5484848484849,7.31899653875316,0.00211269931721174,0.125481535204091,0.125481535204091,HLA-DRB1/HLA-DRA,2
GO:2000674,regulation of type B pancreatic cell apoptotic process,2/132,10/18842,0.2,28.5484848484849,7.31899653875316,0.00211269931721174,0.125481535204091,0.125481535204091,TCF7L2/WFS1,2
GO:0045444,fat cell differentiation,6/132,191/18842,0.031413612565445,4.4840552118039,4.06492650531518,0.00228545899093178,0.133963453540296,0.133963453540296,PPARG/ZFP36L2/HMGA2/RREB1/TCF7L2/FTO,6
GO:0002832,negative regulation of response to biotic stimulus,5/132,131/18842,0.0381679389312977,5.44818413139024,4.29113276486142,0.00230107292645746,0.133963453540296,0.133963453540296,PPARG/NFKBIL1/MICA/HLA-B/MICB,5
GO:0050873,brown fat cell differentiation,3/132,38/18842,0.0789473684210526,11.2691387559809,5.32234160768783,0.00237005506009622,0.13662670346437,0.13662670346437,PPARG/RREB1/FTO,3
GO:0090715,immunological memory formation process,2/132,11/18842,0.181818181818182,25.9531680440771,6.95324270522915,0.00257036095609878,0.145324254056354,0.145324254056354,HLA-DRB1/HLA-DRA,2
GO:2000392,regulation of lamellipodium morphogenesis,2/132,11/18842,0.181818181818182,25.9531680440771,6.95324270522915,0.00257036095609878,0.145324254056354,0.145324254056354,ARPIN/RREB1,2
GO:0097050,type B pancreatic cell apoptotic process,2/132,12/18842,0.166666666666667,23.790404040404,6.63314566075176,0.0030703133399185,0.171937547035436,0.171937547035436,TCF7L2/WFS1,2
GO:0098659,inorganic cation import across plasma membrane,5/132,141/18842,0.0354609929078014,5.06178809370299,4.06627222550868,0.00316244833519417,0.173786880476091,0.173786880476091,KCNJ11/SLC39A10/SLC30A8/ABCC8/KCNQ1,5
GO:0099587,inorganic ion import across plasma membrane,5/132,141/18842,0.0354609929078014,5.06178809370299,4.06627222550868,0.00316244833519417,0.173786880476091,0.173786880476091,KCNJ11/SLC39A10/SLC30A8/ABCC8/KCNQ1,5
GO:0002443,leukocyte mediated immunity,9/132,429/18842,0.020979020979021,2.99459631277813,3.51013183362682,0.00326595255799678,0.177812972602047,0.177812972602047,NCR3/HLA-DRB1/RASGRP1/C2/MICA/AGER/HLA-B/HLA-C/HLA-DRA,9
GO:0048598,embryonic morphogenesis,8/132,354/18842,0.0225988700564972,3.22581749700394,3.55098030425133,0.00351403627577238,0.18751054976552,0.18751054976552,SLC44A4/MBNL1/HMGA2/POU5F1/PROX1/NOTCH2/KCNQ1/EYA2,8
GO:0009408,response to heat,4/132,89/18842,0.0449438202247191,6.4153898535921,4.30121745995947,0.00354901051779416,0.18751054976552,0.18751054976552,MICA/MAP2K7/MICB/HSPA1A,4
GO:0071902,positive regulation of protein serine/threonine kinase activity,3/132,44/18842,0.0681818181818182,9.73243801652893,4.87088721814767,0.00360894958259726,0.18751054976552,0.18751054976552,HMGA2/RASGRP1/MST1R,3
GO:0016024,CDP-diacylglycerol biosynthetic process,2/132,13/18842,0.153846153846154,21.960372960373,6.34978617739279,0.00361195054809281,0.18751054976552,0.18751054976552,AGPAT1/GPAT4,2
GO:2001198,regulation of dendritic cell differentiation,2/132,13/18842,0.153846153846154,21.960372960373,6.34978617739279,0.00361195054809281,0.18751054976552,0.18751054976552,AGER/HLA-B,2
GO:0030098,lymphocyte differentiation,8/132,356/18842,0.0224719101123596,3.20769492679605,3.53219467058034,0.00363540861790293,0.18751054976552,0.18751054976552,ZFP36L2/HLA-DRB1/RASGRP1/NOTCH2/ZMIZ1/ZBTB46/HHEX/HLA-DRA,8
GO:0043085,positive regulation of catalytic activity,7/132,285/18842,0.0245614035087719,3.50595427963849,3.58050047708275,0.00398106051588536,0.2021694837521,0.2021694837521,ARAP1/HMGA2/RASGRP1/MST1R/GIPR/TIGAR/LTA,7
GO:0010720,positive regulation of cell development,8/132,362/18842,0.0220994475138122,3.15452871253976,3.4766232851948,0.00401912843667073,0.2021694837521,0.2021694837521,HLA-DRB1/RASGRP1/MACF1/NOTCH2/ZMIZ1/AGER/LTA/HLA-DRA,8
GO:0030101,natural killer cell activation,4/132,93/18842,0.0430107526881721,6.13945910720104,4.17322577714031,0.0041539847401405,0.2021694837521,0.2021694837521,NCR3/BAG6/RASGRP1/MICA,4
GO:0002484,antigen processing and presentation of endogenous peptide antigen via MHC class I via ER pathway,2/132,14/18842,0.142857142857143,20.3917748917749,6.09651337172958,0.00419467296220344,0.2021694837521,0.2021694837521,HLA-B/HLA-C,2
GO:0002486,"antigen processing and presentation of endogenous peptide antigen via MHC class I via ER pathway, TAP-independent",2/132,14/18842,0.142857142857143,20.3917748917749,6.09651337172958,0.00419467296220344,0.2021694837521,0.2021694837521,HLA-B/HLA-C,2
GO:0046341,CDP-diacylglycerol metabolic process,2/132,14/18842,0.142857142857143,20.3917748917749,6.09651337172958,0.00419467296220344,0.2021694837521,0.2021694837521,AGPAT1/GPAT4,2
GO:0071578,zinc ion import across plasma membrane,2/132,14/18842,0.142857142857143,20.3917748917749,6.09651337172958,0.00419467296220344,0.2021694837521,0.2021694837521,SLC39A10/SLC30A8,2
GO:1901142,insulin metabolic process,2/132,14/18842,0.142857142857143,20.3917748917749,6.09651337172958,0.00419467296220344,0.2021694837521,0.2021694837521,SLC30A8/IDE,2
GO:0044093,positive regulation of molecular function,8/132,366/18842,0.0218579234972678,3.12005298890545,3.44021296659123,0.00429185199443021,0.204635260389531,0.204635260389531,ARAP1/HMGA2/IDE/RASGRP1/MST1R/GIPR/TIGAR/LTA,8
GO:1905897,regulation of response to endoplasmic reticulum stress,4/132,94/18842,0.0425531914893617,6.07414571244359,4.14239430060664,0.00431543746399691,0.204635260389531,0.204635260389531,BAG6/WFS1/ATF6B/HSPA1A,4
GO:0042472,inner ear morphogenesis,3/132,47/18842,0.0638297872340426,9.11121856866538,4.67644590339133,0.00435169217802005,0.204703600054063,0.204703600054063,SLC44A4/PROX1/KCNQ1,3
GO:0002468,dendritic cell antigen processing and presentation,2/132,15/18842,0.133333333333333,19.0323232323232,5.86825258074268,0.00481788720852467,0.223064384142717,0.223064384142717,HLA-DRB1/HLA-DRA,2
GO:0072673,lamellipodium morphogenesis,2/132,15/18842,0.133333333333333,19.0323232323232,5.86825258074268,0.00481788720852467,0.223064384142717,0.223064384142717,ARPIN/RREB1,2
GO:0001678,intracellular glucose homeostasis,5/132,156/18842,0.0320512820512821,4.5750777000777,3.76609836245859,0.0048592159633967,0.223101629094623,0.223101629094623,HLA-DRB1/ABCC8/ADCY5/AGER/GCKR,5
GO:0010043,response to zinc ion,3/132,49/18842,0.0612244897959184,8.73933209647495,4.55622866989006,0.00489457655666775,0.223101629094623,0.223101629094623,SLC30A8/ABCC8/PAM,3
GO:0002460,adaptive immune response based on somatic recombination of immune receptors built from immunoglobulin superfamily domains,8/132,377/18842,0.0212201591511936,3.02901696005144,3.34259487492116,0.00511580903740037,0.23139197799934,0.23139197799934,HLA-DRB1/C2/MICA/ZBTB46/AGER/HLA-B/HLA-C/HLA-DRA,8
GO:1903573,negative regulation of response to endoplasmic reticulum stress,3/132,50/18842,0.06,8.56454545454545,4.4986622012079,0.00518063923218303,0.232535562482719,0.232535562482719,WFS1/ATF6B/HSPA1A,3
GO:1900087,positive regulation of G1/S transition of mitotic cell cycle,3/132,51/18842,0.0588235294117647,8.39661319073084,4.44268064787233,0.0054765756519994,0.242318164467134,0.242318164467134,CCND2/UBE2E2/AIF1,3
GO:0016045,detection of bacterium,2/132,16/18842,0.125,17.842803030303,5.66105508181655,0.00548100610104232,0.242318164467134,0.242318164467134,HLA-DRB1/HLA-B,2
GO:0045582,positive regulation of T cell differentiation,4/132,102/18842,0.0392156862745098,5.59774212715389,3.91076706128618,0.00576177739095367,0.251858980223704,0.251858980223704,HLA-DRB1/RASGRP1/ZMIZ1/HLA-DRA,4
GO:0045066,regulatory T cell differentiation,3/132,52/18842,0.0576923076923077,8.23513986013986,4.38820854868276,0.00578247658676872,0.251858980223704,0.251858980223704,HLA-DRB1/ZBTB46/HLA-DRA,3
GO:0002824,positive regulation of adaptive immune response based on somatic recombination of immune receptors built from immunoglobulin superfamily domains,4/132,103/18842,0.0388349514563107,5.54339511621065,3.88354158774815,0.00596262728426833,0.257795944349248,0.257795944349248,HLA-DRB1/HLA-B/HLA-C/HLA-DRA,4
GO:1990573,potassium ion import across plasma membrane,3/132,53/18842,0.0566037735849057,8.07975986277873,4.33517541797462,0.00609842943602255,0.261742810830749,0.261742810830749,KCNJ11/ABCC8/KCNQ1,3
GO:0090713,immunological memory process,2/132,17/18842,0.117647058823529,16.7932263814617,5.47179572173213,0.00618344858495521,0.263468678837222,0.263468678837222,HLA-DRB1/HLA-DRA,2
GO:0048732,gland development,6/132,236/18842,0.0254237288135593,3.62904468412943,3.41373266184699,0.00640634753667426,0.26809176177264,0.26809176177264,RREB1/PROX1/HNF1A/GPAT4/NOTCH4/HNF1B,6
GO:0002347,response to tumor cell,3/132,54/18842,0.0555555555555556,7.93013468013468,4.28351533050554,0.0064245182811385,0.26809176177264,0.26809176177264,HLA-DRB1/NOTCH2/MICA,3
GO:0002768,immune response-regulating cell surface receptor signaling pathway,8/132,392/18842,0.0204081632653061,2.91311069882498,3.2150445510889,0.00642873102209903,0.26809176177264,0.26809176177264,NCR3/HLA-DRB1/BAG6/MAP2K7/BCAR1/HLA-DQB1/BTNL2/MICB,8
GO:0051222,positive regulation of protein transport,6/132,237/18842,0.0253164556962025,3.61373225930188,3.40112411406545,0.00653586689696043,0.270640122212164,0.270640122212164,PPARG/HLA-DRB1/SLC30A8/ABCC8/GIPR/TCF7L2,6
GO:0042471,ear morphogenesis,3/132,55/18842,0.0545454545454545,7.78595041322314,4.23316654795188,0.00676082393766946,0.277997515758716,0.277997515758716,SLC44A4/PROX1/KCNQ1,3
GO:0006620,post-translational protein targeting to endoplasmic reticulum membrane,2/132,18/18842,0.111111111111111,15.8602693602694,5.29796425372154,0.00692463968065501,0.280806078084493,0.280806078084493,BAG6/SSR1,2
GO:1904036,negative regulation of epithelial cell apoptotic process,2/132,18/18842,0.111111111111111,15.8602693602694,5.29796425372154,0.00692463968065501,0.280806078084493,0.280806078084493,TCF7L2/WFS1,2
GO:0061178,regulation of insulin secretion involved in cellular response to glucose stimulus,3/132,56/18842,0.0535714285714286,7.64691558441558,4.18407118217143,0.00710742400704251,0.286244199735685,0.286244199735685,HLA-DRB1/ABCC8/ADCY5,3
GO:0051223,regulation of protein transport,8/132,401/18842,0.0199501246882793,2.84772916194363,3.14137882648921,0.00733089220003539,0.292145824099161,0.292145824099161,PPARG/KCNJ11/HLA-DRB1/SLC30A8/ABCC8/GIPR/TCF7L2/ADCY5,8
GO:0043549,regulation of kinase activity,6/132,243/18842,0.0246913580246914,3.52450430228208,3.32687513687724,0.00735333026644146,0.292145824099161,0.292145824099161,HMGA2/RASGRP1/MST1R/TIGAR/LTA/GCKR,6
GO:0002821,positive regulation of adaptive immune response,4/132,110/18842,0.0363636363636364,5.19063360881543,3.70242275433406,0.00750022158081284,0.295981898625366,0.295981898625366,HLA-DRB1/HLA-B/HLA-C/HLA-DRA,4
GO:0010968,regulation of microtubule nucleation,2/132,19/18842,0.105263157894737,15.0255183413078,5.13751788112417,0.00770401042818073,0.296075694886946,0.296075694886946,EML2/HSPA1A,2
GO:0046629,gamma-delta T cell activation,2/132,19/18842,0.105263157894737,15.0255183413078,5.13751788112417,0.00770401042818073,0.296075694886946,0.296075694886946,MICA/MICB,2
GO:0098543,detection of other organism,2/132,19/18842,0.105263157894737,15.0255183413078,5.13751788112417,0.00770401042818073,0.296075694886946,0.296075694886946,HLA-DRB1/HLA-B,2
GO:1902236,negative regulation of endoplasmic reticulum stress-induced intrinsic apoptotic signaling pathway,2/132,19/18842,0.105263157894737,15.0255183413078,5.13751788112417,0.00770401042818073,0.296075694886946,0.296075694886946,WFS1/HSPA1A,2
GO:0009611,response to wounding,9/132,496/18842,0.0181451612903226,2.59008431085044,3.01434073670779,0.00825922343022675,0.315352167335931,0.315352167335931,PPARG/ZFP36L2/POU5F1/MACF1/RREB1/NOTCH2/GIPR/PABPC4/AGER,9
GO:0002822,regulation of adaptive immune response based on somatic recombination of immune receptors built from immunoglobulin superfamily domains,5/132,178/18842,0.0280898876404494,4.00961865849506,3.38860662491098,0.0083924328661351,0.318371001631448,0.318371001631448,HLA-DRB1/AGER/HLA-B/HLA-C/HLA-DRA,5
GO:0035019,somatic stem cell population maintenance,2/132,20/18842,0.1,14.2742424242424,4.9887748571615,0.00852099783214416,0.319130364668839,0.319130364668839,ZFP36L2/POU5F1,2
GO:0045591,positive regulation of regulatory T cell differentiation,2/132,20/18842,0.1,14.2742424242424,4.9887748571615,0.00852099783214416,0.319130364668839,0.319130364668839,HLA-DRB1/HLA-DRA,2
GO:0045621,positive regulation of lymphocyte differentiation,4/132,115/18842,0.0347826086956522,4.96495388669302,3.5822426668339,0.00874516703716064,0.325453051762687,0.325453051762687,HLA-DRB1/RASGRP1/ZMIZ1/HLA-DRA,4
GO:0003209,cardiac atrium morphogenesis,2/132,21/18842,0.0952380952380952,13.5945165945166,4.85033627762004,0.00937504480712219,0.340279404110361,0.340279404110361,PROX1/NOTCH2,2
GO:0046579,positive regulation of Ras protein signal transduction,2/132,21/18842,0.0952380952380952,13.5945165945166,4.85033627762004,0.00937504480712219,0.340279404110361,0.340279404110361,RASGRP1/NOTCH2,2
GO:0051152,positive regulation of smooth muscle cell differentiation,2/132,21/18842,0.0952380952380952,13.5945165945166,4.85033627762004,0.00937504480712219,0.340279404110361,0.340279404110361,NOTCH2/NOTCH4,2
GO:0060795,cell fate commitment involved in formation of primary germ layer,2/132,21/18842,0.0952380952380952,13.5945165945166,4.85033627762004,0.00937504480712219,0.340279404110361,0.340279404110361,POU5F1/EYA2,2
GO:0002429,immune response-activating cell surface receptor signaling pathway,7/132,336/18842,0.0208333333333333,2.97380050505051,3.06632837716544,0.00952654629005374,0.343657007273104,0.343657007273104,NCR3/HLA-DRB1/BAG6/BCAR1/HLA-DQB1/BTNL2/MICB,7
GO:0035773,insulin secretion involved in cellular response to glucose stimulus,3/132,63/18842,0.0476190476190476,6.7972582972583,3.87131705839757,0.00982773491927049,0.348303351705044,0.348303351705044,HLA-DRB1/ABCC8/ADCY5,3
GO:0070059,intrinsic apoptotic signaling pathway in response to endoplasmic reticulum stress,3/132,63/18842,0.0476190476190476,6.7972582972583,3.87131705839757,0.00982773491927049,0.348303351705044,0.348303351705044,BAG6/WFS1/HSPA1A,3
GO:0045860,positive regulation of protein kinase activity,4/132,119/18842,0.0336134453781513,4.79806468041762,3.49100254249883,0.009833053806639,0.348303351705044,0.348303351705044,HMGA2/RASGRP1/MST1R/LTA,4
GO:0070661,leukocyte proliferation,6/132,261/18842,0.0229885057471264,3.28143504005573,3.11742393947474,0.0102485142093928,0.35506899250737,0.35506899250737,HLA-DRB1/RASGRP1/LST1/HHEX/AGER/AIF1,6
GO:1902808,positive regulation of cell cycle G1/S phase transition,3/132,64/18842,0.046875,6.69105113636364,3.83053869841182,0.0102591148201855,0.35506899250737,0.35506899250737,CCND2/UBE2E2/AIF1,3
GO:0032469,endoplasmic reticulum calcium ion homeostasis,2/132,22/18842,0.0909090909090909,12.9765840220386,4.7210276406249,0.0102656001235124,0.35506899250737,0.35506899250737,THADA/WFS1,2
GO:1900102,negative regulation of endoplasmic reticulum unfolded protein response,2/132,22/18842,0.0909090909090909,12.9765840220386,4.7210276406249,0.0102656001235124,0.35506899250737,0.35506899250737,WFS1/ATF6B,2
GO:0019827,stem cell population maintenance,4/132,121/18842,0.0330578512396694,4.71875782619584,3.44689542198646,0.0104084880981709,0.355825058239796,0.355825058239796,ZFP36L2/HMGA2/POU5F1/PROX1,4
GO:0045598,regulation of fat cell differentiation,4/132,121/18842,0.0330578512396694,4.71875782619584,3.44689542198646,0.0104084880981709,0.355825058239796,0.355825058239796,PPARG/ZFP36L2/RREB1/FTO,4
GO:0010632,regulation of epithelial cell migration,3/132,65/18842,0.0461538461538462,6.58811188811189,3.79062406151628,0.0107013511377521,0.36172837306954,0.36172837306954,PTPRG/MACF1/RREB1,3
GO:0003014,renal system process,4/132,122/18842,0.0327868852459016,4.68007948335817,3.42520239135655,0.0107042069581803,0.36172837306954,0.36172837306954,HNF1A/ADCY5/KCNQ1/WFS1,4
GO:0002819,regulation of adaptive immune response,5/132,190/18842,0.0263157894736842,3.75637958532695,3.20741509250155,0.0109264032212363,0.367110047288136,0.367110047288137,HLA-DRB1/AGER/HLA-B/HLA-C/HLA-DRA,5
GO:0030217,T cell differentiation,6/132,265/18842,0.0226415094339623,3.23190394511149,3.07335475129536,0.0109883279460395,0.367110047288136,0.367110047288137,ZFP36L2/HLA-DRB1/RASGRP1/ZMIZ1/ZBTB46/HLA-DRA,6
GO:0032958,inositol phosphate biosynthetic process,2/132,23/18842,0.0869565217391304,12.4123847167325,4.59985452621547,0.0111921183538482,0.371805965653263,0.371805965653263,PPIP5K2/IP6K1,2
GO:0098727,maintenance of cell number,4/132,124/18842,0.032258064516129,4.60459433040078,3.38251369027594,0.0113118260354409,0.373671556676363,0.373671556676363,ZFP36L2/HMGA2/POU5F1/PROX1,4
GO:1904951,positive regulation of establishment of protein localization,6/132,268/18842,0.0223880597014925,3.19572591587517,3.0408489722623,0.0115675033238239,0.377922692692428,0.377922692692428,PPARG/HLA-DRB1/SLC30A8/ABCC8/GIPR/TCF7L2,6
GO:0030879,mammary gland development,3/132,67/18842,0.0447761194029851,6.39145183175034,3.71325867765566,0.0116185830158191,0.377922692692428,0.377922692692428,RREB1/GPAT4/NOTCH4,3
GO:0045619,regulation of lymphocyte differentiation,5/132,193/18842,0.0259067357512953,3.69799026534778,3.16441405661048,0.0116333345879812,0.377922692692428,0.377922692692428,ZFP36L2/HLA-DRB1/RASGRP1/ZMIZ1/HLA-DRA,5
GO:0007605,sensory perception of sound,4/132,126/18842,0.0317460317460317,4.53150553150553,3.34072472832586,0.0119412508581862,0.385794258495247,0.385794258495247,PPIP5K2/EML2/KCNQ1/WFS1,4
GO:0006896,Golgi to vacuole transport,2/132,24/18842,0.0833333333333333,11.895202020202,4.48596853209709,0.0121540598195699,0.390523889284542,0.390523889284542,AP3S2/VTI1A,2
GO:2001236,regulation of extrinsic apoptotic signaling pathway,4/132,127/18842,0.031496062992126,4.49582438558817,3.32015683388413,0.0122642247545927,0.391921964983724,0.391921964983724,TCF7L2/EYA2/LTA/HSPA1A,4
GO:0070201,regulation of establishment of protein localization,8/132,443/18842,0.018058690744921,2.57774129557425,2.82255616721447,0.0128571681795003,0.406891057971883,0.406891057971883,PPARG/KCNJ11/HLA-DRB1/SLC30A8/ABCC8/GIPR/TCF7L2/ADCY5,8
GO:0001708,cell fate specification,3/132,70/18842,0.0428571428571429,6.11753246753247,3.60293477924883,0.0130769718606843,0.406891057971883,0.406891057971883,POU5F1/GATAD2A/EYA2,3
GO:2000514,"regulation of CD4-positive, alpha-beta T cell activation",3/132,70/18842,0.0428571428571429,6.11753246753247,3.60293477924883,0.0130769718606843,0.406891057971883,0.406891057971883,HLA-DRB1/AGER/HLA-DRA,3
GO:0002716,negative regulation of natural killer cell mediated immunity,2/132,25/18842,0.08,11.4193939393939,4.37864077282207,0.0131508905382476,0.406891057971883,0.406891057971883,MICA/HLA-B,2
GO:0045953,negative regulation of natural killer cell mediated cytotoxicity,2/132,25/18842,0.08,11.4193939393939,4.37864077282207,0.0131508905382476,0.406891057971883,0.406891057971883,MICA/HLA-B,2
GO:0048333,mesodermal cell differentiation,2/132,25/18842,0.08,11.4193939393939,4.37864077282207,0.0131508905382476,0.406891057971883,0.406891057971883,HMGA2/EYA2,2
GO:1903532,positive regulation of secretion by cell,6/132,276/18842,0.0217391304347826,3.10309617918314,2.95635476801517,0.0132170394681343,0.406891057971883,0.406891057971883,PPARG/HLA-DRB1/SLC30A8/ABCC8/GIPR/TCF7L2,6
GO:0098739,import across plasma membrane,6/132,278/18842,0.0215827338129496,3.08077174623937,2.93570969373159,0.0136539172579329,0.418151216024194,0.418151216024194,KCNJ11/SLC39A10/SLC30A8/ABCC8/HNF1A/KCNQ1,6
GO:0090335,regulation of brown fat cell differentiation,2/132,26/18842,0.0769230769230769,10.9801864801865,4.27724103393226,0.0141820821712529,0.429848676118387,0.429848676118387,RREB1/FTO,2
GO:0098581,detection of external biotic stimulus,2/132,26/18842,0.0769230769230769,10.9801864801865,4.27724103393226,0.0141820821712529,0.429848676118387,0.429848676118387,HLA-DRB1/HLA-B,2
GO:0051338,regulation of transferase activity,6/132,281/18842,0.0213523131672598,3.0478809446781,2.90508755676354,0.0143280566955629,0.432046017281588,0.432046017281588,HMGA2/RASGRP1/MST1R/TIGAR/LTA/GCKR,6
GO:0051149,positive regulation of muscle cell differentiation,3/132,73/18842,0.0410958904109589,5.86612702366127,3.4988582724027,0.0146353002623229,0.435208827158381,0.435208827158381,PROX1/NOTCH2/NOTCH4,3
GO:0071383,cellular response to steroid hormone stimulus,5/132,205/18842,0.024390243902439,3.48152254249815,3.00060756116991,0.0147723665292056,0.435208827158381,0.435208827158381,ZFP36L2/HMGA2/TCF7L2/ZMIZ1/HSPA1A,5
GO:0009266,response to temperature stimulus,4/132,135/18842,0.0296296296296296,4.2294051627385,3.16292863451528,0.0150504967662338,0.435208827158381,0.435208827158381,MICA/MAP2K7/MICB/HSPA1A,4
GO:0071333,cellular response to glucose stimulus,4/132,135/18842,0.0296296296296296,4.2294051627385,3.16292863451528,0.0150504967662338,0.435208827158381,0.435208827158381,HLA-DRB1/ABCC8/ADCY5/AGER,4
GO:0046470,phosphatidylcholine metabolic process,3/132,74/18842,0.0405405405405405,5.78685503685504,3.4654463903729,0.015177098969819,0.435208827158381,0.435208827158381,SLC44A4/GPAT4/STARD10,3
GO:0048525,negative regulation of viral process,3/132,74/18842,0.0405405405405405,5.78685503685504,3.4654463903729,0.015177098969819,0.435208827158381,0.435208827158381,CSNK2B/HMGA2/PROX1,3
GO:1902893,regulation of miRNA transcription,3/132,74/18842,0.0405405405405405,5.78685503685504,3.4654463903729,0.015177098969819,0.435208827158381,0.435208827158381,PPARG/POU5F1/NOTCH2,3
GO:0060292,long-term synaptic depression,2/132,27/18842,0.0740740740740741,10.5735129068462,4.18122120762289,0.0152471119718753,0.435208827158381,0.435208827158381,PRRT1/AGER,2
GO:1901099,negative regulation of signal transduction in absence of ligand,2/132,27/18842,0.0740740740740741,10.5735129068462,4.18122120762289,0.0152471119718753,0.435208827158381,0.435208827158381,EYA2/HSPA1A,2
GO:1902894,negative regulation of miRNA transcription,2/132,27/18842,0.0740740740740741,10.5735129068462,4.18122120762289,0.0152471119718753,0.435208827158381,0.435208827158381,PPARG/POU5F1,2
GO:2001240,negative regulation of extrinsic apoptotic signaling pathway in absence of ligand,2/132,27/18842,0.0740740740740741,10.5735129068462,4.18122120762289,0.0152471119718753,0.435208827158381,0.435208827158381,EYA2/HSPA1A,2
GO:0061614,miRNA transcription,3/132,75/18842,0.04,5.70969696969697,3.43263966122703,0.0157301201968984,0.446826602694504,0.446826602694504,PPARG/POU5F1/NOTCH2,3
GO:0071331,cellular response to hexose stimulus,4/132,138/18842,0.0289855072463768,4.13746157224418,3.10708230894563,0.0161901209173023,0.453355287147231,0.453355287147231,HLA-DRB1/ABCC8/ADCY5/AGER,4
GO:0002507,tolerance induction,2/132,28/18842,0.0714285714285714,10.1958874458874,4.09010200761815,0.0163454627338798,0.453355287147231,0.453355287147231,ZBTB46/HLA-B,2
GO:0003230,cardiac atrium development,2/132,28/18842,0.0714285714285714,10.1958874458874,4.09010200761815,0.0163454627338798,0.453355287147231,0.453355287147231,PROX1/NOTCH2,2
GO:0035315,hair cell differentiation,2/132,28/18842,0.0714285714285714,10.1958874458874,4.09010200761815,0.0163454627338798,0.453355287147231,0.453355287147231,SLC44A4/KCNQ1,2
GO:0043406,positive regulation of MAP kinase activity,2/132,28/18842,0.0714285714285714,10.1958874458874,4.09010200761815,0.0163454627338798,0.453355287147231,0.453355287147231,RASGRP1/MST1R,2
GO:0022604,regulation of cell morphogenesis,5/132,211/18842,0.023696682464455,3.38252190147925,2.92322398213174,0.0165363176300569,0.454362372265114,0.454362372265114,ARAP1/ARPIN/MACF1/RREB1/LST1,5
GO:0046474,glycerophospholipid biosynthetic process,5/132,211/18842,0.023696682464455,3.38252190147925,2.92322398213174,0.0165363176300569,0.454362372265114,0.454362372265114,SLC44A4/AGPAT1/GPAT4/STARD10/IP6K1,5
GO:0009755,hormone-mediated signaling pathway,5/132,212/18842,0.0235849056603774,3.36656660949114,2.91059837339666,0.0168433377786657,0.46064570297002,0.46064570297002,CSNK2B/PPARG/HMGA2/TCF7L2/ZMIZ1,5
GO:0071326,cellular response to monosaccharide stimulus,4/132,140/18842,0.0285714285714286,4.07835497835498,3.07072367161195,0.0169791911345425,0.462211314218102,0.462211314218102,HLA-DRB1/ABCC8/ADCY5/AGER,4
GO:0001911,negative regulation of leukocyte mediated cytotoxicity,2/132,29/18842,0.0689655172413793,9.84430512016719,4.003462222353,0.0174766227405024,0.466109272159436,0.466109272159436,MICA/HLA-B,2
GO:0042026,protein refolding,2/132,29/18842,0.0689655172413793,9.84430512016719,4.003462222353,0.0174766227405024,0.466109272159436,0.466109272159436,HSPA1L/HSPA1A,2
GO:0060251,regulation of glial cell proliferation,2/132,29/18842,0.0689655172413793,9.84430512016719,4.003462222353,0.0174766227405024,0.466109272159436,0.466109272159436,ABCC8/LTA,2
GO:2000629,negative regulation of miRNA metabolic process,2/132,29/18842,0.0689655172413793,9.84430512016719,4.003462222353,0.0174766227405024,0.466109272159436,0.466109272159436,PPARG/POU5F1,2
GO:0051047,positive regulation of secretion,6/132,294/18842,0.0204081632653061,2.91311069882498,2.77694493897037,0.0175187328481693,0.466109272159436,0.466109272159436,PPARG/HLA-DRB1/SLC30A8/ABCC8/GIPR/TCF7L2,6
GO:0050954,sensory perception of mechanical stimulus,4/132,144/18842,0.0277777777777778,3.96506734006734,2.99999323993549,0.0186286121104082,0.489937872017613,0.489937872017613,PPIP5K2/EML2/KCNQ1/WFS1,4
GO:0046676,negative regulation of insulin secretion,2/132,30/18842,0.0666666666666667,9.51616161616162,3.92092995227662,0.0186400857138799,0.489937872017613,0.489937872017613,KCNJ11/ABCC8,2
GO:2001237,negative regulation of extrinsic apoptotic signaling pathway,3/132,80/18842,0.0375,5.35284090909091,3.27702888052507,0.0186642998863853,0.489937872017613,0.489937872017613,TCF7L2/EYA2/HSPA1A,3
GO:0006986,response to unfolded protein,4/132,145/18842,0.0275862068965517,3.93772204806688,2.98270832559659,0.0190559564960291,0.495792142463058,0.495792142463058,HSPA1L/WFS1/ATF6B/HSPA1A,4
GO:0050852,T cell receptor signaling pathway,4/132,145/18842,0.0275862068965517,3.93772204806688,2.98270832559659,0.0190559564960291,0.495792142463058,0.495792142463058,HLA-DRB1/BCAR1/HLA-DQB1/BTNL2,4
GO:0042490,mechanoreceptor differentiation,2/132,31/18842,0.0645161290322581,9.20918866080156,3.84217541220597,0.0198353507649096,0.507095054337688,0.507095054337688,SLC44A4/KCNQ1,2
GO:0043372,"positive regulation of CD4-positive, alpha-beta T cell differentiation",2/132,31/18842,0.0645161290322581,9.20918866080156,3.84217541220597,0.0198353507649096,0.507095054337688,0.507095054337688,HLA-DRB1/HLA-DRA,2
GO:0071577,zinc ion transmembrane transport,2/132,31/18842,0.0645161290322581,9.20918866080156,3.84217541220597,0.0198353507649096,0.507095054337688,0.507095054337688,SLC39A10/SLC30A8,2
GO:2001239,regulation of extrinsic apoptotic signaling pathway in absence of ligand,2/132,31/18842,0.0645161290322581,9.20918866080156,3.84217541220597,0.0198353507649096,0.507095054337688,0.507095054337688,EYA2/HSPA1A,2
GO:0071322,cellular response to carbohydrate stimulus,4/132,147/18842,0.0272108843537415,3.88414759843331,2.94859728444788,0.0199287898710001,0.507278287625456,0.507278287625456,HLA-DRB1/ABCC8/ADCY5/AGER,4
GO:0045088,regulation of innate immune response,8/132,482/18842,0.016597510373444,2.36916886709418,2.55768020723969,0.0202926658304607,0.514314116737538,0.514314116737538,PPARG/NCR3/NFKBIL1/RASGRP1/MICA/HLA-B/HLA-C/HSPA1A,8
GO:1901568,fatty acid derivative metabolic process,3/132,83/18842,0.036144578313253,5.15936473165389,3.18979854879175,0.0205606266597458,0.518869033301739,0.518869033301739,ABHD16A/PAM/PPT2,3
GO:0007584,response to nutrient,4/132,149/18842,0.0268456375838926,3.83201138905837,2.9150813128605,0.0208259574358051,0.521109744911035,0.521109744911035,CDKN2B/PPARG/GIPR/LTA,4
GO:0070663,regulation of leukocyte proliferation,5/132,224/18842,0.0223214285714286,3.18621482683983,2.76472779163505,0.0208266649751859,0.521109744911035,0.521109744911035,HLA-DRB1/LST1/HHEX/AGER/AIF1,5
GO:0006829,zinc ion transport,2/132,32/18842,0.0625,8.92140151515152,3.7669049786056,0.0210619223435371,0.522548959409274,0.522548959409274,SLC39A10/SLC30A8,2
GO:0043268,positive regulation of potassium ion transport,2/132,32/18842,0.0625,8.92140151515152,3.7669049786056,0.0210619223435371,0.522548959409274,0.522548959409274,ABCC8/KCNQ1,2
GO:0001822,kidney development,5/132,225/18842,0.0222222222222222,3.17205387205387,2.75301798703039,0.0211840381670778,0.523370354716041,0.523370354716041,BAG6/PROX1/NOTCH2/WFS1/HNF1B,5
GO:0006650,glycerophospholipid metabolic process,6/132,308/18842,0.0194805194805195,2.78069657615112,2.64656612379925,0.0214686630639818,0.528183007599218,0.528183007599218,SLC44A4/ABHD16A/AGPAT1/GPAT4/STARD10/IP6K1,6
GO:0010631,epithelial cell migration,3/132,85/18842,0.0352941176470588,5.0379679144385,3.13395447908737,0.0218815990825125,0.534586139106148,0.534586139106148,PTPRG/MACF1/RREB1,3
GO:0046651,lymphocyte proliferation,5/132,227/18842,0.0220264317180617,3.14410626084635,2.72979327756942,0.0219107584225479,0.534586139106148,0.534586139106148,HLA-DRB1/RASGRP1/LST1/AGER/AIF1,5
GO:0006909,phagocytosis,5/132,228/18842,0.0219298245614035,3.1303163211058,2.71827699714985,0.0222801354064915,0.537858786533064,0.537858786533064,ARAP1/MST1R/C2/AGER/AIF1,5
GO:0003091,renal water homeostasis,2/132,33/18842,0.0606060606060606,8.65105601469238,3.69485623494232,0.0223193101894673,0.537858786533064,0.537858786533064,ADCY5/WFS1,2
GO:1902235,regulation of endoplasmic reticulum stress-induced intrinsic apoptotic signaling pathway,2/132,33/18842,0.0606060606060606,8.65105601469238,3.69485623494232,0.0223193101894673,0.537858786533064,0.537858786533064,WFS1/HSPA1A,2
GO:0050678,regulation of epithelial cell proliferation,6/132,312/18842,0.0192307692307692,2.74504662004662,2.61065009854008,0.0226995789291876,0.544789894300501,0.544789894300501,CDKN2B/PPARG/RREB1/PROX1/NOTCH2/TCF7L2,6
GO:0032943,mononuclear cell proliferation,5/132,230/18842,0.0217391304347826,3.10309617918314,2.69543322336996,0.0230309962506399,0.546493433802282,0.546493433802282,HLA-DRB1/RASGRP1/LST1/AGER/AIF1,5
GO:0016525,negative regulation of angiogenesis,4/132,154/18842,0.025974025974026,3.70759543486816,2.83377110431434,0.0231763756615537,0.546493433802282,0.546493433802282,PPARG/ABCC8/HHEX/GTF2I,4
GO:0090132,epithelium migration,3/132,87/18842,0.0344827586206897,4.92215256008359,3.07983621285653,0.0232480106912314,0.546493433802282,0.546493433802282,PTPRG/MACF1/RREB1,3
GO:2000628,regulation of miRNA metabolic process,3/132,87/18842,0.0344827586206897,4.92215256008359,3.07983621285653,0.0232480106912314,0.546493433802282,0.546493433802282,PPARG/POU5F1/NOTCH2,3
GO:0072001,renal system development,5/132,231/18842,0.0216450216450216,3.08966286239014,2.6841044154856,0.0234125087179369,0.546493433802282,0.546493433802282,BAG6/PROX1/NOTCH2/WFS1/HNF1B,5
GO:0006654,phosphatidic acid biosynthetic process,2/132,34/18842,0.0588235294117647,8.39661319073084,3.62579382308738,0.0236070292832959,0.546493433802282,0.546493433802282,AGPAT1/GPAT4,2
GO:0031342,negative regulation of cell killing,2/132,34/18842,0.0588235294117647,8.39661319073084,3.62579382308738,0.0236070292832959,0.546493433802282,0.546493433802282,MICA/HLA-B,2
GO:0070293,renal absorption,2/132,34/18842,0.0588235294117647,8.39661319073084,3.62579382308738,0.0236070292832959,0.546493433802282,0.546493433802282,HNF1A/KCNQ1,2
GO:0099010,modification of postsynaptic structure,2/132,34/18842,0.0588235294117647,8.39661319073084,3.62579382308738,0.0236070292832959,0.546493433802282,0.546493433802282,CAMKV/FILIP1,2
GO:2000181,negative regulation of blood vessel morphogenesis,4/132,156/18842,0.0256410256410256,3.66006216006216,2.80219245160194,0.0241599242122826,0.557099428894987,0.557099428894987,PPARG/ABCC8/HHEX/GTF2I,4
GO:2001233,regulation of apoptotic signaling pathway,6/132,317/18842,0.0189274447949527,2.7017493547462,2.56654074944348,0.0243041406716439,0.558235731051822,0.558235731051822,PPARG/TCF7L2/WFS1/EYA2/LTA/HSPA1A,6
GO:0048562,embryonic organ morphogenesis,4/132,157/18842,0.0254777070063694,3.63674966222737,2.78659735659857,0.0246610614009825,0.563679410817609,0.563679410817609,SLC44A4/PROX1/NOTCH2/KCNQ1,4
GO:0048729,tissue morphogenesis,7/132,408/18842,0.017156862745098,2.44901218062983,2.48538900553087,0.0249197973670516,0.563679410817609,0.563679410817609,CSNK2B/HMGA2/RREB1/PROX1/NOTCH2/EYA2/NOTCH4,7
GO:0030224,monocyte differentiation,2/132,35/18842,0.0571428571428571,8.15670995670996,3.55950595015693,0.0249245997980575,0.563679410817609,0.563679410817609,PPARG/HLA-DRB1,2
GO:0090278,negative regulation of peptide hormone secretion,2/132,35/18842,0.0571428571428571,8.15670995670996,3.55950595015693,0.0249245997980575,0.563679410817609,0.563679410817609,KCNJ11/ABCC8,2
GO:1901343,negative regulation of vasculature development,4/132,158/18842,0.0253164556962025,3.61373225930188,2.77112909948352,0.0251684611282729,0.567013607027758,0.567013607027758,PPARG/ABCC8/HHEX/GTF2I,4
GO:0001704,formation of primary germ layer,3/132,90/18842,0.0333333333333333,4.75808080808081,3.00168847992889,0.0253828104600009,0.569660021010707,0.569660021010707,HMGA2/POU5F1/EYA2,3
GO:0090130,tissue migration,3/132,91/18842,0.032967032967033,4.70579420579421,2.97640361833749,0.0261171074723476,0.580739461131521,0.580739461131521,PTPRG/MACF1/RREB1,3
GO:1901992,positive regulation of mitotic cell cycle phase transition,3/132,91/18842,0.032967032967033,4.70579420579421,2.97640361833749,0.0261171074723476,0.580739461131521,0.580739461131521,CCND2/UBE2E2/AIF1,3
GO:0032814,regulation of natural killer cell activation,2/132,36/18842,0.0555555555555556,7.93013468013468,3.49580143175639,0.0262715470511878,0.580739461131521,0.580739461131521,RASGRP1/MICA,2
GO:1904035,regulation of epithelial cell apoptotic process,2/132,36/18842,0.0555555555555556,7.93013468013468,3.49580143175639,0.0262715470511878,0.580739461131521,0.580739461131521,TCF7L2/WFS1,2
GO:0035966,response to topologically incorrect protein,4/132,161/18842,0.0248447204968944,3.54639563335216,2.72546623031107,0.026728380092035,0.587185550618543,0.587185550618543,HSPA1L/WFS1/ATF6B/HSPA1A,4
GO:0001889,liver development,3/132,92/18842,0.0326086956521739,4.6546442687747,2.95148401060275,0.0268627403259163,0.587185550618543,0.587185550618543,PROX1/HNF1A/HNF1B,3
GO:0090398,cellular senescence,3/132,92/18842,0.0326086956521739,4.6546442687747,2.95148401060275,0.0268627403259163,0.587185550618543,0.587185550618543,CDKN2B/HMGA2/MAP2K7,3
GO:0042327,positive regulation of phosphorylation,5/132,240/18842,0.0208333333333333,2.97380050505051,2.58482474873257,0.0270310271602249,0.588675702600453,0.588675702600453,HMGA2/RASGRP1/MST1R/TIGAR/LTA,5
GO:0042098,T cell proliferation,4/132,162/18842,0.0246913580246914,3.52450430228208,2.71048640370959,0.0272609717040734,0.589009857125158,0.589009857125158,HLA-DRB1/RASGRP1/AGER/AIF1,4
GO:0032102,negative regulation of response to external stimulus,7/132,416/18842,0.0168269230769231,2.40191579254079,2.42859505630696,0.0273131296933334,0.589009857125158,0.589009857125158,PPARG/HLA-DRB1/NFKBIL1/MICA/HLA-B/MICB/AIF1,7
GO:0030968,endoplasmic reticulum unfolded protein response,3/132,93/18842,0.032258064516129,4.60459433040078,2.92692006337505,0.0276196988454422,0.589009857125158,0.589009857125158,WFS1/ATF6B/HSPA1A,3
GO:0061008,hepaticobiliary system development,3/132,93/18842,0.032258064516129,4.60459433040078,2.92692006337505,0.0276196988454422,0.589009857125158,0.589009857125158,PROX1/HNF1A/HNF1B,3
GO:0002792,negative regulation of peptide secretion,2/132,37/18842,0.0540540540540541,7.71580671580672,3.4345071768687,0.0276474014568952,0.589009857125158,0.589009857125158,KCNJ11/ABCC8,2
GO:0033144,negative regulation of intracellular steroid hormone receptor signaling pathway,2/132,37/18842,0.0540540540540541,7.71580671580672,3.4345071768687,0.0276474014568952,0.589009857125158,0.589009857125158,HMGA2/TCF7L2,2
GO:0032868,response to insulin,5/132,242/18842,0.0206611570247934,2.9492236413724,2.56339142770356,0.0278809048334219,0.591840145922458,0.591840145922458,PPARG/IDE/ABCC8/BCAR1/KCNQ1,5
GO:0045824,negative regulation of innate immune response,3/132,94/18842,0.0319148936170213,4.55560928433269,2.90270253739142,0.0283879711986766,0.600436225353304,0.600436225353304,PPARG/MICA/HLA-B,3
GO:0035774,positive regulation of insulin secretion involved in cellular response to glucose stimulus,2/132,38/18842,0.0526315789473684,7.51275917065391,3.37546603843809,0.0290516984789395,0.605758819348101,0.605758819348101,HLA-DRB1/ABCC8,2
GO:0046473,phosphatidic acid metabolic process,2/132,38/18842,0.0526315789473684,7.51275917065391,3.37546603843809,0.0290516984789395,0.605758819348101,0.605758819348101,AGPAT1/GPAT4,2
GO:0097028,dendritic cell differentiation,2/132,38/18842,0.0526315789473684,7.51275917065391,3.37546603843809,0.0290516984789395,0.605758819348101,0.605758819348101,AGER/HLA-B,2
GO:1900101,regulation of endoplasmic reticulum unfolded protein response,2/132,38/18842,0.0526315789473684,7.51275917065391,3.37546603843809,0.0290516984789395,0.605758819348101,0.605758819348101,WFS1/ATF6B,2
GO:0071216,cellular response to biotic stimulus,5/132,245/18842,0.0204081632653061,2.91311069882498,2.53165046253229,0.0291873413445423,0.606436632883069,0.606436632883069,NFKBIL1/NOTCH2/MAP2K7/TIGAR/WFS1,5
GO:0060395,SMAD protein signal transduction,3/132,96/18842,0.03125,4.46070075757576,2.85527146323613,0.0299584019820316,0.616934964423249,0.616934964423249,CSNK2B/PPARG/ZMIZ1,3
GO:0002418,immune response to tumor cell,2/132,39/18842,0.0512820512820513,7.32012432012432,3.31853496838819,0.0304839785838151,0.616934964423249,0.616934964423249,HLA-DRB1/MICA,2
GO:0007129,homologous chromosome pairing at meiosis,2/132,39/18842,0.0512820512820513,7.32012432012432,3.31853496838819,0.0304839785838151,0.616934964423249,0.616934964423249,BAG6/MSH5,2
GO:0043647,inositol phosphate metabolic process,2/132,39/18842,0.0512820512820513,7.32012432012432,3.31853496838819,0.0304839785838151,0.616934964423249,0.616934964423249,PPIP5K2/IP6K1,2
GO:0050891,multicellular organismal-level water homeostasis,2/132,39/18842,0.0512820512820513,7.32012432012432,3.31853496838819,0.0304839785838151,0.616934964423249,0.616934964423249,ADCY5/WFS1,2
GO:1904893,negative regulation of receptor signaling pathway via STAT,2/132,39/18842,0.0512820512820513,7.32012432012432,3.31853496838819,0.0304839785838151,0.616934964423249,0.616934964423249,PPARG/HMGA2,2
GO:2000516,"positive regulation of CD4-positive, alpha-beta T cell activation",2/132,39/18842,0.0512820512820513,7.32012432012432,3.31853496838819,0.0304839785838151,0.616934964423249,0.616934964423249,HLA-DRB1/HLA-DRA,2
GO:0048568,embryonic organ development,5/132,248/18842,0.0201612903225806,2.87787145650049,2.50038758860232,0.0305319854842118,0.616934964423249,0.616934964423249,SLC44A4/PROX1/NOTCH2/KCNQ1/PBX2,5
GO:0045639,positive regulation of myeloid cell differentiation,3/132,97/18842,0.0309278350515464,4.41471415182755,2.83204106130117,0.030760528745813,0.61942434597733,0.61942434597733,HLA-DRB1/NOTCH2/HSPA1A,3
GO:0045580,regulation of T cell differentiation,4/132,169/18842,0.0236686390532544,3.37851891698046,2.60882507548721,0.0311669988584045,0.625467417363204,0.625467417363204,HLA-DRB1/RASGRP1/ZMIZ1/HLA-DRA,4
GO:0045017,glycerolipid biosynthetic process,5/132,251/18842,0.0199203187250996,2.84347458650248,2.46958902753981,0.0319151168121904,0.634559015887418,0.634559015887418,SLC44A4/AGPAT1/GPAT4/STARD10/IP6K1,5
GO:0009595,detection of biotic stimulus,2/132,40/18842,0.05,7.13712121212121,3.26358342736185,0.0319437871943326,0.634559015887418,0.634559015887418,HLA-DRB1/HLA-B,2
GO:0051150,regulation of smooth muscle cell differentiation,2/132,40/18842,0.05,7.13712121212121,3.26358342736185,0.0319437871943326,0.634559015887418,0.634559015887418,NOTCH2/NOTCH4,2
GO:0007034,vacuolar transport,4/132,172/18842,0.0232558139534884,3.31959126145173,2.56688005278589,0.0329368565707356,0.648753686153014,0.648753686153014,AP3S2/HSPA1A/VTI1A/MON1A,4
GO:0046634,regulation of alpha-beta T cell activation,3/132,100/18842,0.03,4.28227272727273,2.76419542626798,0.0332343323378979,0.648753686153014,0.648753686153014,HLA-DRB1/AGER/HLA-DRA,3
GO:0048839,inner ear development,3/132,100/18842,0.03,4.28227272727273,2.76419542626798,0.0332343323378979,0.648753686153014,0.648753686153014,SLC44A4/PROX1/KCNQ1,3
GO:0001707,mesoderm formation,2/132,41/18842,0.0487804878048781,6.9630450849963,3.21049200861065,0.0334306746435992,0.648753686153014,0.648753686153014,HMGA2/EYA2,2
GO:0014009,glial cell proliferation,2/132,41/18842,0.0487804878048781,6.9630450849963,3.21049200861065,0.0334306746435992,0.648753686153014,0.648753686153014,ABCC8/LTA,2
GO:0032435,negative regulation of proteasomal ubiquitin-dependent protein catabolic process,2/132,41/18842,0.0487804878048781,6.9630450849963,3.21049200861065,0.0334306746435992,0.648753686153014,0.648753686153014,CSNK2B/BAG6,2
GO:0099563,modification of synaptic structure,2/132,41/18842,0.0487804878048781,6.9630450849963,3.21049200861065,0.0334306746435992,0.648753686153014,0.648753686153014,CAMKV/FILIP1,2
GO:0070936,protein K48-linked ubiquitination,3/132,101/18842,0.0297029702970297,4.23987398739874,2.74217061191018,0.0340813375878649,0.658345525684099,0.658345525684099,UBE2E2/UBE3C/RNF5,3
GO:0050679,positive regulation of epithelial cell proliferation,4/132,174/18842,0.0229885057471264,3.28143504005573,2.53942787317927,0.0341488750567432,0.658345525684099,0.658345525684099,RREB1/PROX1/NOTCH2/TCF7L2,4
GO:0001837,epithelial to mesenchymal transition,4/132,175/18842,0.0228571428571429,3.26268398268398,2.52585089440475,0.034764537765441,0.665848475768056,0.665848475768056,SLC39A10/HMGA2/TCF7L2/NOTCH4,4
GO:2000045,regulation of G1/S transition of mitotic cell cycle,4/132,175/18842,0.0228571428571429,3.26268398268398,2.52585089440475,0.034764537765441,0.665848475768056,0.665848475768056,CDKN2B/CCND2/UBE2E2/AIF1,4
GO:0048332,mesoderm morphogenesis,2/132,42/18842,0.0476190476190476,6.7972582972583,3.15915124274377,0.0349441961293919,0.667116471561118,0.667116471561118,HMGA2/EYA2,2
GO:0010586,miRNA metabolic process,3/132,103/18842,0.029126213592233,4.15754633715799,2.69896458528181,0.0358088124425127,0.681410411527427,0.681410411527427,PPARG/POU5F1/NOTCH2,3
GO:0021879,forebrain neuron differentiation,2/132,43/18842,0.0465116279069768,6.63918252290345,3.10946055587964,0.0364839116689216,0.685384666496035,0.685384666496035,PROX1/ZMIZ1,2
GO:0045622,regulation of T-helper cell differentiation,2/132,43/18842,0.0465116279069768,6.63918252290345,3.10946055587964,0.0364839116689216,0.685384666496035,0.685384666496035,HLA-DRB1/HLA-DRA,2
GO:0046638,positive regulation of alpha-beta T cell differentiation,2/132,43/18842,0.0465116279069768,6.63918252290345,3.10946055587964,0.0364839116689216,0.685384666496035,0.685384666496035,HLA-DRB1/HLA-DRA,2
GO:0097192,extrinsic apoptotic signaling pathway in absence of ligand,2/132,43/18842,0.0465116279069768,6.63918252290345,3.10946055587964,0.0364839116689216,0.685384666496035,0.685384666496035,EYA2/HSPA1A,2
GO:0034620,cellular response to unfolded protein,3/132,104/18842,0.0288461538461538,4.11756993006993,2.67777019226317,0.0366892299533982,0.687046726515864,0.687046726515865,WFS1/ATF6B/HSPA1A,3
GO:0035987,endodermal cell differentiation,2/132,44/18842,0.0454545454545455,6.48829201101929,3.06132735844621,0.0380493860539847,0.710255206341047,0.710255206341047,HMGA2/POU5F1,2
GO:0008654,phospholipid biosynthetic process,5/132,264/18842,0.0189393939393939,2.70345500459137,2.34118211265878,0.038359412055672,0.713776401542251,0.713776401542251,SLC44A4/AGPAT1/GPAT4/STARD10/IP6K1,5
GO:0071900,regulation of protein serine/threonine kinase activity,3/132,107/18842,0.0280373831775701,4.00212404418012,2.61574690166372,0.0393968623173426,0.726119346362034,0.726119346362034,HMGA2/RASGRP1/MST1R,3
GO:0050673,epithelial cell proliferation,6/132,356/18842,0.0168539325842697,2.40577119509704,2.24915927608861,0.0394655172605184,0.726119346362034,0.726119346362034,CDKN2B/PPARG/RREB1/PROX1/NOTCH2/TCF7L2,6
GO:0038034,signal transduction in absence of ligand,2/132,45/18842,0.0444444444444444,6.34410774410774,3.0146662456844,0.0396401888064988,0.726119346362034,0.726119346362034,EYA2/HSPA1A,2
GO:0045589,regulation of regulatory T cell differentiation,2/132,45/18842,0.0444444444444444,6.34410774410774,3.0146662456844,0.0396401888064988,0.726119346362034,0.726119346362034,HLA-DRB1/HLA-DRA,2
GO:0085029,extracellular matrix assembly,2/132,45/18842,0.0444444444444444,6.34410774410774,3.0146662456844,0.0396401888064988,0.726119346362034,0.726119346362034,PPARG/TNXB,2
GO:0141091,transforming growth factor beta receptor superfamily signaling pathway,6/132,357/18842,0.0168067226890756,2.39903234020881,2.24157967994142,0.0399184228020279,0.728945112037031,0.728945112037031,CSNK2B/CDKN2B/PPARG/POU5F1/ZMIZ1/HSPA1A,6
GO:0060562,epithelial tube morphogenesis,4/132,184/18842,0.0217391304347826,3.10309617918314,2.40789501793539,0.0405959196644472,0.735123973632085,0.735123973632085,CSNK2B/PROX1/NOTCH2/NOTCH4,4
GO:0034976,response to endoplasmic reticulum stress,5/132,269/18842,0.0185873605947955,2.65320491156922,2.29384381579447,0.0410354387833225,0.735123973632085,0.735123973632085,BAG6/WFS1/ATF6B/RNF5/HSPA1A,5
GO:0001774,microglial cell activation,2/132,46/18842,0.0434782608695652,6.20619235836627,2.96939829401176,0.04125589413442,0.735123973632085,0.735123973632085,AGER/AIF1,2
GO:0002269,leukocyte activation involved in inflammatory response,2/132,46/18842,0.0434782608695652,6.20619235836627,2.96939829401176,0.04125589413442,0.735123973632085,0.735123973632085,AGER/AIF1,2
GO:0030521,androgen receptor signaling pathway,2/132,46/18842,0.0434782608695652,6.20619235836627,2.96939829401176,0.04125589413442,0.735123973632085,0.735123973632085,TCF7L2/ZMIZ1,2
GO:0070192,chromosome organization involved in meiotic cell cycle,2/132,46/18842,0.0434782608695652,6.20619235836627,2.96939829401176,0.04125589413442,0.735123973632085,0.735123973632085,BAG6/MSH5,2
GO:1904019,epithelial cell apoptotic process,2/132,46/18842,0.0434782608695652,6.20619235836627,2.96939829401176,0.04125589413442,0.735123973632085,0.735123973632085,TCF7L2/WFS1,2
GO:0034341,response to type II interferon,3/132,109/18842,0.0275229357798165,3.92869057547957,2.57563974843871,0.0412569577038415,0.735123973632085,0.735123973632085,PPARG/SLC30A8/AIF1,3
GO:0097191,extrinsic apoptotic signaling pathway,4/132,186/18842,0.021505376344086,3.06972955360052,2.38266427508472,0.0419628928760111,0.742982157204073,0.742982157204073,TCF7L2/EYA2/LTA/HSPA1A,4
GO:1903829,positive regulation of protein localization,7/132,457/18842,0.0153172866520788,2.18642662953385,2.15659808637153,0.0420471887722134,0.742982157204073,0.742982157204073,PPARG/HLA-DRB1/SLC30A8/ABCC8/GIPR/HSPA1L/TCF7L2,7
GO:1901989,positive regulation of cell cycle phase transition,3/132,110/18842,0.0272727272727273,3.89297520661157,2.5559421873941,0.042203408249347,0.742982157204073,0.742982157204073,CCND2/UBE2E2/AIF1,3
GO:1903900,regulation of viral life cycle,3/132,110/18842,0.0272727272727273,3.89297520661157,2.5559421873941,0.042203408249347,0.742982157204073,0.742982157204073,CSNK2B/HMGA2/PROX1,3
GO:0021872,forebrain generation of neurons,2/132,47/18842,0.0425531914893617,6.07414571244359,2.92545043994195,0.0428960808880378,0.752922255587052,0.752922255587052,PROX1/ZMIZ1,2
GO:0030099,myeloid cell differentiation,6/132,364/18842,0.0164835164835165,2.3528971028971,2.18922310917773,0.0431815355196781,0.755676871594366,0.755676871594366,CDKN2B/PPARG/HLA-DRB1/NOTCH2/KCNQ1/HSPA1A,6
GO:0030336,negative regulation of cell migration,6/132,365/18842,0.0164383561643836,2.34645080946451,2.18184171682019,0.0436610116082501,0.757268078606568,0.757268078606568,CSNK2B/ARPIN/PPARG/PTPRG/ABCC8/AIF1,6
GO:0141193,nuclear receptor-mediated signaling pathway,4/132,189/18842,0.0211640211640212,3.02100368767035,2.34544746400403,0.0440618661701752,0.757268078606568,0.757268078606568,PPARG/HMGA2/TCF7L2/ZMIZ1,4
GO:0036503,ERAD pathway,3/132,112/18842,0.0267857142857143,3.82345779220779,2.51723330485601,0.044128937691822,0.757268078606568,0.757268078606568,BAG6/WFS1/RNF5,3
GO:0043583,ear development,3/132,112/18842,0.0267857142857143,3.82345779220779,2.51723330485601,0.044128937691822,0.757268078606568,0.757268078606568,SLC44A4/PROX1/KCNQ1,3
GO:0006110,regulation of glycolytic process,2/132,48/18842,0.0416666666666667,5.94760101010101,2.88275493034261,0.044560332516645,0.757268078606568,0.757268078606568,TIGAR/GCKR,2
GO:0010883,regulation of lipid storage,2/132,48/18842,0.0416666666666667,5.94760101010101,2.88275493034261,0.044560332516645,0.757268078606568,0.757268078606568,PPARG/FTO,2
GO:0030811,regulation of nucleotide catabolic process,2/132,48/18842,0.0416666666666667,5.94760101010101,2.88275493034261,0.044560332516645,0.757268078606568,0.757268078606568,TIGAR/GCKR,2
GO:0033121,regulation of purine nucleotide catabolic process,2/132,48/18842,0.0416666666666667,5.94760101010101,2.88275493034261,0.044560332516645,0.757268078606568,0.757268078606568,TIGAR/GCKR,2
GO:0045047,protein targeting to ER,2/132,48/18842,0.0416666666666667,5.94760101010101,2.88275493034261,0.044560332516645,0.757268078606568,0.757268078606568,BAG6/SSR1,2
GO:0045071,negative regulation of viral genome replication,2/132,48/18842,0.0416666666666667,5.94760101010101,2.88275493034261,0.044560332516645,0.757268078606568,0.757268078606568,HMGA2/PROX1,2
GO:0030183,B cell differentiation,3/132,114/18842,0.0263157894736842,3.75637958532695,2.47940684979958,0.0460977218771362,0.776970382029749,0.776970382029749,ZFP36L2/NOTCH2/HHEX,3
GO:0071560,cellular response to transforming growth factor beta stimulus,5/132,278/18842,0.0179856115107914,2.56730978853281,2.21127884285818,0.0461321048174444,0.776970382029749,0.776970382029749,CDKN2B/PPARG/ZFP36L2/ZMIZ1/HSPA1A,5
GO:0046578,regulation of Ras protein signal transduction,2/132,49/18842,0.0408163265306122,5.82622139764997,2.8412488345377,0.0462482370255803,0.776970382029749,0.776970382029749,RASGRP1/NOTCH2,2
GO:0060986,endocrine hormone secretion,2/132,49/18842,0.0408163265306122,5.82622139764997,2.8412488345377,0.0462482370255803,0.776970382029749,0.776970382029749,PPARG/KCNQ1,2
GO:0141060,disruption of anatomical structure in another organism,3/132,115/18842,0.0260869565217391,3.72371541501976,2.46081287470782,0.0470982367389212,0.788996102634919,0.788996102634919,CSNK2B/MICA/MICB,3
GO:0006984,ER-nucleus signaling pathway,2/132,50/18842,0.04,5.70969696969697,2.80087361019001,0.0479593869336384,0.801139759005097,0.801139759005097,WFS1/ATF6B,2
GO:0045931,positive regulation of mitotic cell cycle,3/132,117/18842,0.0256410256410256,3.66006216006216,2.42424132184722,0.0491313072248016,0.810022545633443,0.810022545633443,CCND2/UBE2E2/AIF1,3
GO:0001706,endoderm formation,2/132,51/18842,0.0392156862745098,5.59774212715389,2.76157471608917,0.0496933792308482,0.810022545633443,0.810022545633443,HMGA2/POU5F1,2
GO:0007020,microtubule nucleation,2/132,51/18842,0.0392156862745098,5.59774212715389,2.76157471608917,0.0496933792308482,0.810022545633443,0.810022545633443,EML2/HSPA1A,2
GO:0045143,homologous chromosome segregation,2/132,51/18842,0.0392156862745098,5.59774212715389,2.76157471608917,0.0496933792308482,0.810022545633443,0.810022545633443,BAG6/MSH5,2
GO:0060612,adipose tissue development,2/132,51/18842,0.0392156862745098,5.59774212715389,2.76157471608917,0.0496933792308482,0.810022545633443,0.810022545633443,PPARG/FTO,2
GO:0072599,establishment of protein localization to endoplasmic reticulum,2/132,51/18842,0.0392156862745098,5.59774212715389,2.76157471608917,0.0496933792308482,0.810022545633443,0.810022545633443,BAG6/SSR1,2
GO:1902743,regulation of lamellipodium organization,2/132,51/18842,0.0392156862745098,5.59774212715389,2.76157471608917,0.0496933792308482,0.810022545633443,0.810022545633443,ARPIN/RREB1,2
GO:0019058,viral life cycle,5/132,284/18842,0.0176056338028169,2.51307084933846,2.15801716987999,0.0497309760159308,0.810022545633443,0.810022545633443,CSNK2B/HMGA2/IDE/PROX1/HSPA1A,5
GO:0071559,response to transforming growth factor beta,5/132,284/18842,0.0176056338028169,2.51307084933846,2.15801716987999,0.0497309760159308,0.810022545633443,0.810022545633443,CDKN2B/PPARG/ZFP36L2/ZMIZ1/HSPA1A,5
GO:0006892,post-Golgi vesicle-mediated transport,3/132,118/18842,0.0254237288135593,3.62904468412943,2.40625529013728,0.0501637778782722,0.812570286292673,0.812570286292673,MACF1/AP3S2/VTI1A,3
GO:0035967,cellular response to topologically incorrect protein,3/132,118/18842,0.0254237288135593,3.62904468412943,2.40625529013728,0.0501637778782722,0.812570286292673,0.812570286292673,WFS1/ATF6B/HSPA1A,3
GO:0050670,regulation of lymphocyte proliferation,4/132,198/18842,0.0202020202020202,2.88368533823079,2.23806889854011,0.0507075843642212,0.819122516652804,0.819122516652804,HLA-DRB1/LST1/AGER/AIF1,4
GO:2000146,negative regulation of cell motility,6/132,380/18842,0.0157894736842105,2.25382775119617,2.07392167035541,0.0512568735056816,0.825727167707967,0.825727167707967,CSNK2B/ARPIN/PPARG/PTPRG/ABCC8/AIF1,6
GO:2001234,negative regulation of apoptotic signaling pathway,4/132,199/18842,0.0201005025125628,2.86919445713416,2.22651266348802,0.0514782124155905,0.827027019135716,0.827027019135717,TCF7L2/WFS1/EYA2/HSPA1A,4
GO:0032944,regulation of mononuclear cell proliferation,4/132,200/18842,0.02,2.85484848484848,2.21502806015432,0.0522552637944659,0.836851364230574,0.836851364230574,HLA-DRB1/LST1/AGER/AIF1,4
GO:0016032,viral process,6/132,383/18842,0.0156657963446475,2.2361737479231,2.05294287618621,0.0528675277799253,0.836851364230574,0.836851364230574,CSNK2B/HMGA2/IDE/PROX1/ST6GAL1/HSPA1A,6
GO:0040008,regulation of growth,7/132,482/18842,0.0145228215767635,2.07302275870741,2.00446353829844,0.053176828762071,0.836851364230574,0.836851364230574,SLC44A4/MACF1/PROX1/BCAR1/WFS1/FTO/HSPA1A,7
GO:0032615,interleukin-12 production,2/132,53/18842,0.0377358490566038,5.38650657518582,2.68600571828801,0.0532283010582032,0.836851364230574,0.836851364230574,AGER/HLA-B,2
GO:0032655,regulation of interleukin-12 production,2/132,53/18842,0.0377358490566038,5.38650657518582,2.68600571828801,0.0532283010582032,0.836851364230574,0.836851364230574,AGER/HLA-B,2
GO:0060411,cardiac septum morphogenesis,2/132,53/18842,0.0377358490566038,5.38650657518582,2.68600571828801,0.0532283010582032,0.836851364230574,0.836851364230574,PROX1/NOTCH2,2
GO:0061900,glial cell activation,2/132,53/18842,0.0377358490566038,5.38650657518582,2.68600571828801,0.0532283010582032,0.836851364230574,0.836851364230574,AGER/AIF1,2
GO:1901570,fatty acid derivative biosynthetic process,2/132,53/18842,0.0377358490566038,5.38650657518582,2.68600571828801,0.0532283010582032,0.836851364230574,0.836851364230574,PAM/PPT2,2
GO:0050777,negative regulation of immune response,4/132,202/18842,0.0198019801980198,2.82658265826583,2.19227033635979,0.053828609253505,0.844032593094959,0.844032593094959,PPARG/HLA-DRB1/MICA/HLA-B,4
GO:0007586,digestion,3/132,122/18842,0.0245901639344262,3.51005961251863,2.33621643937997,0.0543988597837895,0.85070557321458,0.85070557321458,CTRB2/CTRB1/KCNQ1,3
GO:1902806,regulation of cell cycle G1/S phase transition,4/132,203/18842,0.0197044334975369,2.81265860576205,2.18099554592092,0.0546248885959736,0.851974389772746,0.851974389772745,CDKN2B/CCND2/UBE2E2/AIF1,4
GO:0043370,"regulation of CD4-positive, alpha-beta T cell differentiation",2/132,54/18842,0.037037037037037,5.28675645342312,2.64964359769479,0.0550284465496287,0.854272711676795,0.854272711676795,HLA-DRB1/HLA-DRA,2
GO:0006644,phospholipid metabolic process,6/132,387/18842,0.0155038759689922,2.21306084096782,2.02527073763507,0.0550628159397118,0.854272711676795,0.854272711676795,SLC44A4/ABHD16A/AGPAT1/GPAT4/STARD10/IP6K1,6
GO:0007178,cell surface receptor protein serine/threonine kinase signaling pathway,6/132,389/18842,0.0154241645244216,2.20168263612994,2.01156070028263,0.0561809656284465,0.867044823872087,0.867044823872087,CSNK2B/CDKN2B/PPARG/POU5F1/ZMIZ1/HSPA1A,6
GO:0040013,negative regulation of locomotion,6/132,389/18842,0.0154241645244216,2.20168263612994,2.01156070028263,0.0561809656284465,0.867044823872087,0.867044823872087,CSNK2B/ARPIN/PPARG/PTPRG/ABCC8/AIF1,6
GO:0043467,regulation of generation of precursor metabolites and energy,3/132,124/18842,0.0241935483870968,3.45344574780059,2.30228787752714,0.0565788689737741,0.870513577272157,0.870513577272157,IDE/TIGAR/GCKR,3
GO:0050805,negative regulation of synaptic transmission,2/132,55/18842,0.0363636363636364,5.19063360881543,2.61417324432444,0.0568498662708347,0.870513577272157,0.870513577272157,PRRT1/AGER,2
GO:1902895,positive regulation of miRNA transcription,2/132,55/18842,0.0363636363636364,5.19063360881543,2.61417324432444,0.0568498662708347,0.870513577272157,0.870513577272157,PPARG/NOTCH2,2
GO:0050851,antigen receptor-mediated signaling pathway,4/132,206/18842,0.0194174757281553,2.77169755810533,2.1475777338069,0.0570520555582808,0.871340484890107,0.871340484890107,HLA-DRB1/BCAR1/HLA-DQB1/BTNL2,4
GO:0003158,endothelium development,3/132,125/18842,0.024,3.42581818181818,2.28558396125664,0.0576843215947903,0.872134234776078,0.872134234776078,CSNK2B/PROX1/NOTCH4,3
GO:0032434,regulation of proteasomal ubiquitin-dependent protein catabolic process,3/132,125/18842,0.024,3.42581818181818,2.28558396125664,0.0576843215947903,0.872134234776078,0.872134234776078,CSNK2B/BAG6/HSPA1A,3
GO:0042177,negative regulation of protein catabolic process,3/132,125/18842,0.024,3.42581818181818,2.28558396125664,0.0576843215947903,0.872134234776078,0.872134234776078,CSNK2B/BAG6/NQO1,3
GO:0002763,positive regulation of myeloid leukocyte differentiation,2/132,56/18842,0.0357142857142857,5.09794372294372,2.57955558778721,0.0586921789472715,0.872134234776078,0.872134234776078,HLA-DRB1/NOTCH2,2
GO:0033077,T cell differentiation in thymus,2/132,56/18842,0.0357142857142857,5.09794372294372,2.57955558778721,0.0586921789472715,0.872134234776078,0.872134234776078,ZFP36L2/RASGRP1,2
GO:0045927,positive regulation of growth,4/132,208/18842,0.0192307692307692,2.74504662004662,2.12563015469126,0.0587020178582641,0.872134234776078,0.872134234776078,SLC44A4/MACF1/PROX1/WFS1,4
GO:0046486,glycerolipid metabolic process,6/132,395/18842,0.0151898734177215,2.16823935558113,1.97092252624719,0.0596176150388828,0.872134234776078,0.872134234776078,SLC44A4/ABHD16A/AGPAT1/GPAT4/STARD10/IP6K1,6
GO:0007369,gastrulation,3/132,127/18842,0.0236220472440945,3.37186828919112,2.25268029535357,0.0599258719281682,0.872134234776078,0.872134234776078,HMGA2/POU5F1/EYA2,3
GO:0035710,"CD4-positive, alpha-beta T cell activation",3/132,127/18842,0.0236220472440945,3.37186828919112,2.25268029535357,0.0599258719281682,0.872134234776078,0.872134234776078,HLA-DRB1/AGER/HLA-DRA,3
GO:0031348,negative regulation of defense response,5/132,300/18842,0.0166666666666667,2.3790404040404,2.02237354814361,0.0601181944531475,0.872134234776078,0.872134234776078,PPARG/HLA-DRB1/MICA/HLA-B/MICB,5
GO:0070371,ERK1 and ERK2 cascade,5/132,300/18842,0.0166666666666667,2.3790404040404,2.02237354814361,0.0601181944531475,0.872134234776078,0.872134234776078,ZFP36L2/RASGRP1/NOTCH2/MAP2K7/AGER,5
GO:0007492,endoderm development,2/132,57/18842,0.0350877192982456,5.00850611376927,2.54575394296934,0.0605550075298037,0.872134234776078,0.872134234776078,HMGA2/POU5F1,2
GO:0046888,negative regulation of hormone secretion,2/132,57/18842,0.0350877192982456,5.00850611376927,2.54575394296934,0.0605550075298037,0.872134234776078,0.872134234776078,KCNJ11/ABCC8,2
GO:0048010,vascular endothelial growth factor receptor signaling pathway,2/132,57/18842,0.0350877192982456,5.00850611376927,2.54575394296934,0.0605550075298037,0.872134234776078,0.872134234776078,BCAR1/HHEX,2
GO:0051145,smooth muscle cell differentiation,2/132,57/18842,0.0350877192982456,5.00850611376927,2.54575394296934,0.0605550075298037,0.872134234776078,0.872134234776078,NOTCH2/NOTCH4,2
GO:2000059,negative regulation of ubiquitin-dependent protein catabolic process,2/132,57/18842,0.0350877192982456,5.00850611376927,2.54575394296934,0.0605550075298037,0.872134234776078,0.872134234776078,CSNK2B/BAG6,2
GO:0062197,cellular response to chemical stress,5/132,301/18842,0.0166112956810631,2.37113661532266,2.01418541117501,0.0608055781785507,0.872134234776078,0.872134234776078,NFAT5/PAM/NQO1/HSPA1A/AIF1,5
GO:0032496,response to lipopolysaccharide,5/132,302/18842,0.0165562913907285,2.36328516957656,2.00602972253943,0.0614974478233097,0.872134234776078,0.872134234776078,NFKBIL1/ABCC8/MAP2K7/NQO1/LTA,5
GO:0001961,positive regulation of cytokine-mediated signaling pathway,2/132,58/18842,0.0344827586206897,4.92215256008359,2.51273382521599,0.0624379791549672,0.872134234776078,0.872134234776078,AGPAT1/HSPA1A,2
GO:0002707,negative regulation of lymphocyte mediated immunity,2/132,58/18842,0.0344827586206897,4.92215256008359,2.51273382521599,0.0624379791549672,0.872134234776078,0.872134234776078,MICA/HLA-B,2
GO:0006518,peptide metabolic process,2/132,58/18842,0.0344827586206897,4.92215256008359,2.51273382521599,0.0624379791549672,0.872134234776078,0.872134234776078,IDE/PAM,2
GO:0043405,regulation of MAP kinase activity,2/132,58/18842,0.0344827586206897,4.92215256008359,2.51273382521599,0.0624379791549672,0.872134234776078,0.872134234776078,RASGRP1/MST1R,2
GO:0043470,regulation of carbohydrate catabolic process,2/132,58/18842,0.0344827586206897,4.92215256008359,2.51273382521599,0.0624379791549672,0.872134234776078,0.872134234776078,TIGAR/GCKR,2
GO:0046635,positive regulation of alpha-beta T cell activation,2/132,58/18842,0.0344827586206897,4.92215256008359,2.51273382521599,0.0624379791549672,0.872134234776078,0.872134234776078,HLA-DRB1/HLA-DRA,2
GO:0002064,epithelial cell development,3/132,130/18842,0.0230769230769231,3.29405594405594,2.20453817148832,0.063364033465624,0.872134234776078,0.872134234776078,PROX1/NOTCH2/CDSN,3
GO:0010562,positive regulation of phosphorus metabolic process,5/132,305/18842,0.0163934426229508,2.34003974167909,1.9817548047481,0.0635999508417023,0.872134234776078,0.872134234776078,HMGA2/RASGRP1/MST1R/TIGAR/LTA,5
GO:0045937,positive regulation of phosphate metabolic process,5/132,305/18842,0.0163934426229508,2.34003974167909,1.9817548047481,0.0635999508417023,0.872134234776078,0.872134234776078,HMGA2/RASGRP1/MST1R/TIGAR/LTA,5
GO:0045600,positive regulation of fat cell differentiation,2/132,59/18842,0.0338983050847458,4.83872624550591,2.48046278275434,0.0643407251055675,0.872134234776078,0.872134234776078,PPARG/RREB1,2
GO:1901799,negative regulation of proteasomal protein catabolic process,2/132,59/18842,0.0338983050847458,4.83872624550591,2.48046278275434,0.0643407251055675,0.872134234776078,0.872134234776078,CSNK2B/BAG6,2
GO:0042180,ketone metabolic process,4/132,216/18842,0.0185185185185185,2.64337822671156,2.04035929857174,0.0655548674748159,0.872134234776078,0.872134234776078,PPARG/PROX1/CYP21A2/NQO1,4
GO:0010038,response to metal ion,5/132,308/18842,0.0162337662337662,2.3172471467926,1.95776289013129,0.0657427411982862,0.872134234776078,0.872134234776078,SLC30A8/ABCC8/PAM/GIPR/TIGAR,5
GO:0032613,interleukin-10 production,2/132,60/18842,0.0333333333333333,4.75808080808081,2.44891024448591,0.0662628807716194,0.872134234776078,0.872134234776078,HLA-DRB1/AGER,2
GO:0032653,regulation of interleukin-10 production,2/132,60/18842,0.0333333333333333,4.75808080808081,2.44891024448591,0.0662628807716194,0.872134234776078,0.872134234776078,HLA-DRB1/AGER,2
GO:0045861,negative regulation of proteolysis,2/132,60/18842,0.0333333333333333,4.75808080808081,2.44891024448591,0.0662628807716194,0.872134234776078,0.872134234776078,BAG6/IDE,2
GO:0046173,polyol biosynthetic process,2/132,60/18842,0.0333333333333333,4.75808080808081,2.44891024448591,0.0662628807716194,0.872134234776078,0.872134234776078,PPIP5K2/IP6K1,2
GO:0048771,tissue remodeling,3/132,133/18842,0.0225563909774436,3.21975393028025,2.15778124136767,0.0668919150491001,0.872134234776078,0.872134234776078,ARAP1/PPARG/NOTCH2,3
GO:0001696,gastric acid secretion,1/132,10/18842,0.1,14.2742424242424,3.5266598105828,0.0679041801074456,0.872134234776078,0.872134234776078,KCNQ1,1
GO:0001710,mesodermal cell fate commitment,1/132,10/18842,0.1,14.2742424242424,3.5266598105828,0.0679041801074456,0.872134234776078,0.872134234776078,EYA2,1
GO:0002461,tolerance induction dependent upon immune response,1/132,10/18842,0.1,14.2742424242424,3.5266598105828,0.0679041801074456,0.872134234776078,0.872134234776078,ZBTB46,1
GO:0006307,DNA alkylation repair,1/132,10/18842,0.1,14.2742424242424,3.5266598105828,0.0679041801074456,0.872134234776078,0.872134234776078,FTO,1
GO:0007635,chemosensory behavior,1/132,10/18842,0.1,14.2742424242424,3.5266598105828,0.0679041801074456,0.872134234776078,0.872134234776078,WFS1,1
GO:0009757,hexose mediated signaling,1/132,10/18842,0.1,14.2742424242424,3.5266598105828,0.0679041801074456,0.872134234776078,0.872134234776078,AGER,1
GO:0010182,sugar mediated signaling pathway,1/132,10/18842,0.1,14.2742424242424,3.5266598105828,0.0679041801074456,0.872134234776078,0.872134234776078,AGER,1
GO:0010255,glucose mediated signaling pathway,1/132,10/18842,0.1,14.2742424242424,3.5266598105828,0.0679041801074456,0.872134234776078,0.872134234776078,AGER,1
GO:0010616,negative regulation of cardiac muscle adaptation,1/132,10/18842,0.1,14.2742424242424,3.5266598105828,0.0679041801074456,0.872134234776078,0.872134234776078,PPARG,1
GO:0021542,dentate gyrus development,1/132,10/18842,0.1,14.2742424242424,3.5266598105828,0.0679041801074456,0.872134234776078,0.872134234776078,PROX1,1
GO:0032025,response to cobalt ion,1/132,10/18842,0.1,14.2742424242424,3.5266598105828,0.0679041801074456,0.872134234776078,0.872134234776078,TIGAR,1
GO:0033598,mammary gland epithelial cell proliferation,1/132,10/18842,0.1,14.2742424242424,3.5266598105828,0.0679041801074456,0.872134234776078,0.872134234776078,RREB1,1
GO:0042451,purine nucleoside biosynthetic process,1/132,10/18842,0.1,14.2742424242424,3.5266598105828,0.0679041801074456,0.872134234776078,0.872134234776078,MTAP,1
GO:0043584,nose development,1/132,10/18842,0.1,14.2742424242424,3.5266598105828,0.0679041801074456,0.872134234776078,0.872134234776078,PROX1,1
GO:0043589,skin morphogenesis,1/132,10/18842,0.1,14.2742424242424,3.5266598105828,0.0679041801074456,0.872134234776078,0.872134234776078,CDSN,1
GO:0044557,relaxation of smooth muscle,1/132,10/18842,0.1,14.2742424242424,3.5266598105828,0.0679041801074456,0.872134234776078,0.872134234776078,ABCC8,1
GO:0045657,positive regulation of monocyte differentiation,1/132,10/18842,0.1,14.2742424242424,3.5266598105828,0.0679041801074456,0.872134234776078,0.872134234776078,HLA-DRB1,1
GO:0045869,negative regulation of single stranded viral RNA replication via double stranded DNA intermediate,1/132,10/18842,0.1,14.2742424242424,3.5266598105828,0.0679041801074456,0.872134234776078,0.872134234776078,HMGA2,1
GO:0046129,purine ribonucleoside biosynthetic process,1/132,10/18842,0.1,14.2742424242424,3.5266598105828,0.0679041801074456,0.872134234776078,0.872134234776078,MTAP,1
GO:0048840,otolith development,1/132,10/18842,0.1,14.2742424242424,3.5266598105828,0.0679041801074456,0.872134234776078,0.872134234776078,SLC44A4,1
GO:0055012,ventricular cardiac muscle cell differentiation,1/132,10/18842,0.1,14.2742424242424,3.5266598105828,0.0679041801074456,0.872134234776078,0.872134234776078,PROX1,1
GO:0060216,definitive hemopoiesis,1/132,10/18842,0.1,14.2742424242424,3.5266598105828,0.0679041801074456,0.872134234776078,0.872134234776078,ZFP36L2,1
GO:0060911,cardiac cell fate commitment,1/132,10/18842,0.1,14.2742424242424,3.5266598105828,0.0679041801074456,0.872134234776078,0.872134234776078,POU5F1,1
GO:0062176,R-loop processing,1/132,10/18842,0.1,14.2742424242424,3.5266598105828,0.0679041801074456,0.872134234776078,0.872134234776078,NFAT5,1
GO:0071670,smooth muscle cell chemotaxis,1/132,10/18842,0.1,14.2742424242424,3.5266598105828,0.0679041801074456,0.872134234776078,0.872134234776078,AIF1,1
GO:0072310,glomerular epithelial cell development,1/132,10/18842,0.1,14.2742424242424,3.5266598105828,0.0679041801074456,0.872134234776078,0.872134234776078,NOTCH2,1
GO:0097011,cellular response to granulocyte macrophage colony-stimulating factor stimulus,1/132,10/18842,0.1,14.2742424242424,3.5266598105828,0.0679041801074456,0.872134234776078,0.872134234776078,ZFP36L2,1
GO:0097012,response to granulocyte macrophage colony-stimulating factor,1/132,10/18842,0.1,14.2742424242424,3.5266598105828,0.0679041801074456,0.872134234776078,0.872134234776078,ZFP36L2,1
GO:0097503,sialylation,1/132,10/18842,0.1,14.2742424242424,3.5266598105828,0.0679041801074456,0.872134234776078,0.872134234776078,ST6GAL1,1
GO:1901029,negative regulation of mitochondrial outer membrane permeabilization involved in apoptotic signaling pathway,1/132,10/18842,0.1,14.2742424242424,3.5266598105828,0.0679041801074456,0.872134234776078,0.872134234776078,HSPA1A,1
GO:1901523,icosanoid catabolic process,1/132,10/18842,0.1,14.2742424242424,3.5266598105828,0.0679041801074456,0.872134234776078,0.872134234776078,ABHD16A,1
GO:1903243,negative regulation of cardiac muscle hypertrophy in response to stress,1/132,10/18842,0.1,14.2742424242424,3.5266598105828,0.0679041801074456,0.872134234776078,0.872134234776078,PPARG,1
GO:1904669,ATP export,1/132,10/18842,0.1,14.2742424242424,3.5266598105828,0.0679041801074456,0.872134234776078,0.872134234776078,ANKH,1
GO:2000197,regulation of ribonucleoprotein complex localization,1/132,10/18842,0.1,14.2742424242424,3.5266598105828,0.0679041801074456,0.872134234776078,0.872134234776078,HHEX,1
GO:2000311,regulation of AMPA receptor activity,1/132,10/18842,0.1,14.2742424242424,3.5266598105828,0.0679041801074456,0.872134234776078,0.872134234776078,PRRT1,1
GO:2000425,regulation of apoptotic cell clearance,1/132,10/18842,0.1,14.2742424242424,3.5266598105828,0.0679041801074456,0.872134234776078,0.872134234776078,C2,1
GO:0097479,synaptic vesicle localization,2/132,61/18842,0.0327868852459016,4.68007948335817,2.41804738150773,0.0682040856116232,0.872134234776078,0.872134234776078,SYN2/AP3S2,2
GO:0001934,positive regulation of protein phosphorylation,4/132,219/18842,0.0182648401826484,2.60716756607168,2.00937244250589,0.0682281884348632,0.872134234776078,0.872134234776078,HMGA2/RASGRP1/MST1R/LTA,4
GO:0042445,hormone metabolic process,4/132,219/18842,0.0182648401826484,2.60716756607168,2.00937244250589,0.0682281884348632,0.872134234776078,0.872134234776078,SLC30A8/IDE/CYP21A2/TCF7L2,4
GO:0030518,nuclear receptor-mediated steroid hormone signaling pathway,3/132,135/18842,0.0222222222222222,3.17205387205387,2.12734266573206,0.0692929441049389,0.872199557273743,0.872199557273743,HMGA2/TCF7L2/ZMIZ1,3
GO:0043401,steroid hormone receptor signaling pathway,3/132,135/18842,0.0222222222222222,3.17205387205387,2.12734266573206,0.0692929441049389,0.872199557273743,0.872199557273743,HMGA2/TCF7L2/ZMIZ1,3
GO:0042325,regulation of phosphorylation,6/132,412/18842,0.0145631067961165,2.07877316857899,1.85959394373414,0.0700259466359237,0.872199557273743,0.872199557273743,HMGA2/RASGRP1/MST1R/TIGAR/LTA/GCKR,6
GO:0031113,regulation of microtubule polymerization,2/132,62/18842,0.032258064516129,4.60459433040078,2.38784698092106,0.0701639831141749,0.872199557273743,0.872199557273743,EML2/HSPA1A,2
GO:0060261,positive regulation of transcription initiation by RNA polymerase II,2/132,62/18842,0.032258064516129,4.60459433040078,2.38784698092106,0.0701639831141749,0.872199557273743,0.872199557273743,HNF1A/HNF1B,2
GO:0050792,regulation of viral process,3/132,136/18842,0.0220588235294118,3.14872994652406,2.11233537605137,0.0705080208302592,0.872199557273743,0.872199557273743,CSNK2B/HMGA2/PROX1,3
GO:0045859,regulation of protein kinase activity,4/132,222/18842,0.018018018018018,2.57193557193557,1.97889812685195,0.0709573949293531,0.872199557273743,0.872199557273743,HMGA2/RASGRP1/MST1R/LTA,4
GO:0002009,morphogenesis of an epithelium,5/132,316/18842,0.0158227848101266,2.25858266206367,1.89511907434696,0.0716531244542984,0.872199557273743,0.872199557273743,CSNK2B/RREB1/PROX1/NOTCH2/NOTCH4,5
GO:0007219,Notch signaling pathway,3/132,137/18842,0.0218978102189781,3.12574651625747,2.09746609820196,0.0717327285720379,0.872199557273743,0.872199557273743,NOTCH2/ZMIZ1/NOTCH4,3
GO:0051028,mRNA transport,3/132,137/18842,0.0218978102189781,3.12574651625747,2.09746609820196,0.0717327285720379,0.872199557273743,0.872199557273743,IGF2BP2/HHEX/DDX39B,3
GO:0048545,response to steroid hormone,5/132,317/18842,0.0157728706624606,2.25145779562183,1.88742097637004,0.0724119222713281,0.872199557273743,0.872199557273743,ZFP36L2/HMGA2/TCF7L2/ZMIZ1/HSPA1A,5
GO:0002237,response to molecule of bacterial origin,5/132,319/18842,0.0156739811912226,2.23734207276527,1.87211061211594,0.0739427984240707,0.872199557273743,0.872199557273743,NFKBIL1/ABCC8/MAP2K7/NQO1/LTA,5
GO:2000630,positive regulation of miRNA metabolic process,2/132,64/18842,0.03125,4.46070075757576,2.32933211420542,0.0741384499837715,0.872199557273743,0.872199557273743,PPARG/NOTCH2,2
GO:0010887,negative regulation of cholesterol storage,1/132,11/18842,0.0909090909090909,12.9765840220386,3.33729550242699,0.0744375620225806,0.872199557273743,0.872199557273743,PPARG,1
GO:0016185,synaptic vesicle budding from presynaptic endocytic zone membrane,1/132,11/18842,0.0909090909090909,12.9765840220386,3.33729550242699,0.0744375620225806,0.872199557273743,0.872199557273743,AP3S2,1
GO:0021681,cerebellar granular layer development,1/132,11/18842,0.0909090909090909,12.9765840220386,3.33729550242699,0.0744375620225806,0.872199557273743,0.872199557273743,PROX1,1
GO:0031204,"post-translational protein targeting to membrane, translocation",1/132,11/18842,0.0909090909090909,12.9765840220386,3.33729550242699,0.0744375620225806,0.872199557273743,0.872199557273743,SSR1,1
GO:0035519,protein K29-linked ubiquitination,1/132,11/18842,0.0909090909090909,12.9765840220386,3.33729550242699,0.0744375620225806,0.872199557273743,0.872199557273743,UBE3C,1
GO:0035696,monocyte extravasation,1/132,11/18842,0.0909090909090909,12.9765840220386,3.33729550242699,0.0744375620225806,0.872199557273743,0.872199557273743,AGER,1
GO:0035933,glucocorticoid secretion,1/132,11/18842,0.0909090909090909,12.9765840220386,3.33729550242699,0.0744375620225806,0.872199557273743,0.872199557273743,KCNQ1,1
GO:0036035,osteoclast development,1/132,11/18842,0.0909090909090909,12.9765840220386,3.33729550242699,0.0744375620225806,0.872199557273743,0.872199557273743,NOTCH2,1
GO:0042455,ribonucleoside biosynthetic process,1/132,11/18842,0.0909090909090909,12.9765840220386,3.33729550242699,0.0744375620225806,0.872199557273743,0.872199557273743,MTAP,1
GO:0045602,negative regulation of endothelial cell differentiation,1/132,11/18842,0.0909090909090909,12.9765840220386,3.33729550242699,0.0744375620225806,0.872199557273743,0.872199557273743,NOTCH4,1
GO:0046415,urate metabolic process,1/132,11/18842,0.0909090909090909,12.9765840220386,3.33729550242699,0.0744375620225806,0.872199557273743,0.872199557273743,GCKR,1
GO:0048251,elastic fiber assembly,1/132,11/18842,0.0909090909090909,12.9765840220386,3.33729550242699,0.0744375620225806,0.872199557273743,0.872199557273743,TNXB,1
GO:0055064,chloride ion homeostasis,1/132,11/18842,0.0909090909090909,12.9765840220386,3.33729550242699,0.0744375620225806,0.872199557273743,0.872199557273743,KCNQ1,1
GO:0060413,atrial septum morphogenesis,1/132,11/18842,0.0909090909090909,12.9765840220386,3.33729550242699,0.0744375620225806,0.872199557273743,0.872199557273743,NOTCH2,1
GO:0062111,zinc ion import into organelle,1/132,11/18842,0.0909090909090909,12.9765840220386,3.33729550242699,0.0744375620225806,0.872199557273743,0.872199557273743,SLC30A8,1
GO:0070307,lens fiber cell development,1/132,11/18842,0.0909090909090909,12.9765840220386,3.33729550242699,0.0744375620225806,0.872199557273743,0.872199557273743,PROX1,1
GO:0070857,regulation of bile acid biosynthetic process,1/132,11/18842,0.0909090909090909,12.9765840220386,3.33729550242699,0.0744375620225806,0.872199557273743,0.872199557273743,PROX1,1
GO:0070934,CRD-mediated mRNA stabilization,1/132,11/18842,0.0909090909090909,12.9765840220386,3.33729550242699,0.0744375620225806,0.872199557273743,0.872199557273743,IGF2BP2,1
GO:0071166,ribonucleoprotein complex localization,1/132,11/18842,0.0909090909090909,12.9765840220386,3.33729550242699,0.0744375620225806,0.872199557273743,0.872199557273743,HHEX,1
GO:0071265,L-methionine biosynthetic process,1/132,11/18842,0.0909090909090909,12.9765840220386,3.33729550242699,0.0744375620225806,0.872199557273743,0.872199557273743,MTAP,1
GO:0071872,cellular response to epinephrine stimulus,1/132,11/18842,0.0909090909090909,12.9765840220386,3.33729550242699,0.0744375620225806,0.872199557273743,0.872199557273743,KCNQ1,1
GO:0098751,bone cell development,1/132,11/18842,0.0909090909090909,12.9765840220386,3.33729550242699,0.0744375620225806,0.872199557273743,0.872199557273743,NOTCH2,1
GO:0099624,atrial cardiac muscle cell membrane repolarization,1/132,11/18842,0.0909090909090909,12.9765840220386,3.33729550242699,0.0744375620225806,0.872199557273743,0.872199557273743,KCNQ1,1
GO:1901202,negative regulation of extracellular matrix assembly,1/132,11/18842,0.0909090909090909,12.9765840220386,3.33729550242699,0.0744375620225806,0.872199557273743,0.872199557273743,PPARG,1
GO:1903689,"regulation of wound healing, spreading of epidermal cells",1/132,11/18842,0.0909090909090909,12.9765840220386,3.33729550242699,0.0744375620225806,0.872199557273743,0.872199557273743,RREB1,1
GO:2000048,negative regulation of cell-cell adhesion mediated by cadherin,1/132,11/18842,0.0909090909090909,12.9765840220386,3.33729550242699,0.0744375620225806,0.872199557273743,0.872199557273743,NOTCH4,1
GO:2000105,positive regulation of DNA-templated DNA replication,1/132,11/18842,0.0909090909090909,12.9765840220386,3.33729550242699,0.0744375620225806,0.872199557273743,0.872199557273743,AGER,1
GO:0045739,positive regulation of DNA repair,3/132,140/18842,0.0214285714285714,3.05876623376623,2.05366250896759,0.0754640491288645,0.872199557273743,0.872199557273743,TIGAR/EYA2/AGER,3
GO:0030111,regulation of Wnt signaling pathway,5/132,321/18842,0.0155763239875389,2.22340224676673,1.856913273811,0.0754913457023361,0.872199557273743,0.872199557273743,TLE1/POU5F1/MACF1/TCF7L2/HHEX,5
GO:0002704,negative regulation of leukocyte mediated immunity,2/132,65/18842,0.0307692307692308,4.39207459207459,2.30097031423622,0.0761523261376135,0.872199557273743,0.872199557273743,MICA/HLA-B,2
GO:0032722,positive regulation of chemokine production,2/132,65/18842,0.0307692307692308,4.39207459207459,2.30097031423622,0.0761523261376135,0.872199557273743,0.872199557273743,AGER/AIF1,2
GO:0050709,negative regulation of protein secretion,2/132,65/18842,0.0307692307692308,4.39207459207459,2.30097031423622,0.0761523261376135,0.872199557273743,0.872199557273743,KCNJ11/ABCC8,2
GO:0051893,regulation of focal adhesion assembly,2/132,65/18842,0.0307692307692308,4.39207459207459,2.30097031423622,0.0761523261376135,0.872199557273743,0.872199557273743,MACF1/PEAK1,2
GO:0060760,positive regulation of response to cytokine stimulus,2/132,65/18842,0.0307692307692308,4.39207459207459,2.30097031423622,0.0761523261376135,0.872199557273743,0.872199557273743,AGPAT1/HSPA1A,2
GO:0090109,regulation of cell-substrate junction assembly,2/132,65/18842,0.0307692307692308,4.39207459207459,2.30097031423622,0.0761523261376135,0.872199557273743,0.872199557273743,MACF1/PEAK1,2
GO:0002833,positive regulation of response to biotic stimulus,6/132,424/18842,0.0141509433962264,2.01993996569468,1.78417869977276,0.0779700242648887,0.872199557273743,0.872199557273743,NCR3/HLA-DRB1/NFKBIL1/RASGRP1/HLA-C/HSPA1A,6
GO:0030177,positive regulation of Wnt signaling pathway,3/132,142/18842,0.0211267605633803,3.01568501920615,2.02510750736603,0.0779986619786756,0.872199557273743,0.872199557273743,POU5F1/MACF1/HHEX,3
GO:0046637,regulation of alpha-beta T cell differentiation,2/132,66/18842,0.0303030303030303,4.32552800734619,2.27317612426818,0.0781835084531165,0.872199557273743,0.872199557273743,HLA-DRB1/HLA-DRA,2
GO:0046849,bone remodeling,2/132,66/18842,0.0303030303030303,4.32552800734619,2.27317612426818,0.0781835084531165,0.872199557273743,0.872199557273743,ARAP1/NOTCH2,2
GO:0048662,negative regulation of smooth muscle cell proliferation,2/132,66/18842,0.0303030303030303,4.32552800734619,2.27317612426818,0.0781835084531165,0.872199557273743,0.872199557273743,PPARG/AIF1,2
GO:0140962,multicellular organismal-level chemical homeostasis,2/132,66/18842,0.0303030303030303,4.32552800734619,2.27317612426818,0.0781835084531165,0.872199557273743,0.872199557273743,ADCY5/WFS1,2
GO:0007179,transforming growth factor beta receptor signaling pathway,4/132,230/18842,0.0173913043478261,2.48247694334651,1.90001657819006,0.0785052934485362,0.872199557273743,0.872199557273743,CDKN2B/PPARG/ZMIZ1/HSPA1A,4
GO:0046165,alcohol biosynthetic process,3/132,143/18842,0.020979020979021,2.99459631277813,2.01101766928839,0.0792799057392707,0.872199557273743,0.872199557273743,PPIP5K2/CYP21A2/IP6K1,3
GO:0051147,regulation of muscle cell differentiation,3/132,143/18842,0.020979020979021,2.99459631277813,2.01101766928839,0.0792799057392707,0.872199557273743,0.872199557273743,PROX1/NOTCH2/NOTCH4,3
GO:0043122,regulation of canonical NF-kappaB signal transduction,5/132,326/18842,0.0153374233128834,2.18930098531326,1.81940355644371,0.0794397144273165,0.872199557273743,0.872199557273743,TLE1/NFAT5/NFKBIL1/LTA/HSPA1A,5
GO:0043434,response to peptide hormone,6/132,427/18842,0.0140515222482436,2.00574835001065,1.76571030366027,0.0800329327395121,0.872199557273743,0.872199557273743,PPARG/IDE/ABCC8/ADCY5/BCAR1/KCNQ1,6
GO:0001711,endodermal cell fate commitment,1/132,12/18842,0.0833333333333333,11.895202020202,3.17104786186299,0.0809254937210042,0.872199557273743,0.872199557273743,POU5F1,1
GO:0002664,regulation of T cell tolerance induction,1/132,12/18842,0.0833333333333333,11.895202020202,3.17104786186299,0.0809254937210042,0.872199557273743,0.872199557273743,HLA-B,1
GO:0003156,regulation of animal organ formation,1/132,12/18842,0.0833333333333333,11.895202020202,3.17104786186299,0.0809254937210042,0.872199557273743,0.872199557273743,POU5F1,1
GO:0006705,mineralocorticoid biosynthetic process,1/132,12/18842,0.0833333333333333,11.895202020202,3.17104786186299,0.0809254937210042,0.872199557273743,0.872199557273743,CYP21A2,1
GO:0008356,asymmetric cell division,1/132,12/18842,0.0833333333333333,11.895202020202,3.17104786186299,0.0809254937210042,0.872199557273743,0.872199557273743,POU5F1,1
GO:0009756,carbohydrate mediated signaling,1/132,12/18842,0.0833333333333333,11.895202020202,3.17104786186299,0.0809254937210042,0.872199557273743,0.872199557273743,AGER,1
GO:0015074,DNA integration,1/132,12/18842,0.0833333333333333,11.895202020202,3.17104786186299,0.0809254937210042,0.872199557273743,0.872199557273743,GIN1,1
GO:0030011,maintenance of cell polarity,1/132,12/18842,0.0833333333333333,11.895202020202,3.17104786186299,0.0809254937210042,0.872199557273743,0.872199557273743,ANK1,1
GO:0030948,negative regulation of vascular endothelial growth factor receptor signaling pathway,1/132,12/18842,0.0833333333333333,11.895202020202,3.17104786186299,0.0809254937210042,0.872199557273743,0.872199557273743,HHEX,1
GO:0034651,cortisol biosynthetic process,1/132,12/18842,0.0833333333333333,11.895202020202,3.17104786186299,0.0809254937210042,0.872199557273743,0.872199557273743,CYP21A2,1
GO:0035729,cellular response to hepatocyte growth factor stimulus,1/132,12/18842,0.0833333333333333,11.895202020202,3.17104786186299,0.0809254937210042,0.872199557273743,0.872199557273743,BCAR1,1
GO:0043174,nucleoside salvage,1/132,12/18842,0.0833333333333333,11.895202020202,3.17104786186299,0.0809254937210042,0.872199557273743,0.872199557273743,MTAP,1
GO:0048012,hepatocyte growth factor receptor signaling pathway,1/132,12/18842,0.0833333333333333,11.895202020202,3.17104786186299,0.0809254937210042,0.872199557273743,0.872199557273743,BCAR1,1
GO:0060841,venous blood vessel development,1/132,12/18842,0.0833333333333333,11.895202020202,3.17104786186299,0.0809254937210042,0.872199557273743,0.872199557273743,PROX1,1
GO:0070142,synaptic vesicle budding,1/132,12/18842,0.0833333333333333,11.895202020202,3.17104786186299,0.0809254937210042,0.872199557273743,0.872199557273743,AP3S2,1
GO:0070344,regulation of fat cell proliferation,1/132,12/18842,0.0833333333333333,11.895202020202,3.17104786186299,0.0809254937210042,0.872199557273743,0.872199557273743,FTO,1
GO:0070365,hepatocyte differentiation,1/132,12/18842,0.0833333333333333,11.895202020202,3.17104786186299,0.0809254937210042,0.872199557273743,0.872199557273743,PROX1,1
GO:0086100,endothelin receptor signaling pathway,1/132,12/18842,0.0833333333333333,11.895202020202,3.17104786186299,0.0809254937210042,0.872199557273743,0.872199557273743,BCAR1,1
GO:0097150,neuronal stem cell population maintenance,1/132,12/18842,0.0833333333333333,11.895202020202,3.17104786186299,0.0809254937210042,0.872199557273743,0.872199557273743,PROX1,1
GO:0160257,"complement activation, GZMK pathway",1/132,12/18842,0.0833333333333333,11.895202020202,3.17104786186299,0.0809254937210042,0.872199557273743,0.872199557273743,C2,1
GO:1902645,tertiary alcohol biosynthetic process,1/132,12/18842,0.0833333333333333,11.895202020202,3.17104786186299,0.0809254937210042,0.872199557273743,0.872199557273743,CYP21A2,1
GO:0062012,regulation of small molecule metabolic process,5/132,328/18842,0.0152439024390244,2.17595158906135,1.80458890167788,0.0810497268834244,0.872199557273743,0.872199557273743,PPARG/PROX1/TCF7L2/TIGAR/GCKR,5
GO:0030324,lung development,2/132,68/18842,0.0294117647058824,4.19830659536542,2.21920892263722,0.0822964476747487,0.872199557273743,0.872199557273743,BAG6/PROX1,2
GO:0006282,regulation of DNA repair,4/132,234/18842,0.0170940170940171,2.44004144004144,1.86180896249942,0.0824244633211468,0.872199557273743,0.872199557273743,HMGA2/TIGAR/EYA2/AGER,4
GO:0010594,regulation of endothelial cell migration,4/132,234/18842,0.0170940170940171,2.44004144004144,1.86180896249942,0.0824244633211468,0.872199557273743,0.872199557273743,CSNK2B/PPARG/PROX1/BCAR1,4
GO:0042063,gliogenesis,4/132,234/18842,0.0170940170940171,2.44004144004144,1.86180896249942,0.0824244633211468,0.872199557273743,0.872199557273743,ABCC8/ZMIZ1/AGER/LTA,4
GO:0000082,G1/S transition of mitotic cell cycle,4/132,235/18842,0.0170212765957447,2.42965828497743,1.85237983379718,0.0834191825303904,0.872199557273743,0.872199557273743,CDKN2B/CCND2/UBE2E2/AIF1,4
GO:0015931,nucleobase-containing compound transport,4/132,236/18842,0.0169491525423729,2.41936312275295,1.84299882022255,0.0844198331992361,0.872199557273743,0.872199557273743,ANKH/IGF2BP2/HHEX/DDX39B,4
GO:0090287,regulation of cellular response to growth factor stimulus,5/132,333/18842,0.015015015015015,2.14327964327964,1.76801178839326,0.0851509238727727,0.872199557273743,0.872199557273743,CDKN2B/PPARG/PROX1/HHEX/HSPA1A,5
GO:0042129,regulation of T cell proliferation,3/132,148/18842,0.0202702702702703,2.89342751842752,1.94236332764361,0.0858230110159034,0.872199557273743,0.872199557273743,HLA-DRB1/AGER/AIF1,3
GO:0016055,Wnt signaling pathway,6/132,436/18842,0.0137614678899083,1.96434528773978,1.7111896511836,0.0864051120714323,0.872199557273743,0.872199557273743,CSNK2B/TLE1/POU5F1/MACF1/TCF7L2/HHEX,6
GO:0034599,cellular response to oxidative stress,4/132,238/18842,0.0168067226890756,2.39903234020881,1.82437920594238,0.0864388479823482,0.872199557273743,0.872199557273743,PAM/NQO1/HSPA1A/AIF1,4
GO:0042113,B cell activation,4/132,238/18842,0.0168067226890756,2.39903234020881,1.82437920594238,0.0864388479823482,0.872199557273743,0.872199557273743,ZFP36L2/RASGRP1/NOTCH2/HHEX,4
GO:0048762,mesenchymal cell differentiation,4/132,238/18842,0.0168067226890756,2.39903234020881,1.82437920594238,0.0864388479823482,0.872199557273743,0.872199557273743,SLC39A10/HMGA2/TCF7L2/NOTCH4,4
GO:0003279,cardiac septum development,2/132,70/18842,0.0285714285714286,4.07835497835498,2.16727735187907,0.0864746177098462,0.872199557273743,0.872199557273743,PROX1/NOTCH2,2
GO:0030323,respiratory tube development,2/132,70/18842,0.0285714285714286,4.07835497835498,2.16727735187907,0.0864746177098462,0.872199557273743,0.872199557273743,BAG6/PROX1,2
GO:0033143,regulation of intracellular steroid hormone receptor signaling pathway,2/132,70/18842,0.0285714285714286,4.07835497835498,2.16727735187907,0.0864746177098462,0.872199557273743,0.872199557273743,HMGA2/TCF7L2,2
GO:0050672,negative regulation of lymphocyte proliferation,2/132,70/18842,0.0285714285714286,4.07835497835498,2.16727735187907,0.0864746177098462,0.872199557273743,0.872199557273743,HLA-DRB1/LST1,2
GO:0051250,negative regulation of lymphocyte activation,3/132,149/18842,0.0201342281879195,2.87400854179378,1.92897786408281,0.087158566911385,0.872199557273743,0.872199557273743,HLA-DRB1/LST1/MICA,3
GO:0003096,renal sodium ion transport,1/132,13/18842,0.0769230769230769,10.9801864801865,3.02342187705819,0.087368288985414,0.872199557273743,0.872199557273743,KCNQ1,1
GO:0006054,N-acetylneuraminate metabolic process,1/132,13/18842,0.0769230769230769,10.9801864801865,3.02342187705819,0.087368288985414,0.872199557273743,0.872199557273743,ST6GAL1,1
GO:0006171,cAMP biosynthetic process,1/132,13/18842,0.0769230769230769,10.9801864801865,3.02342187705819,0.087368288985414,0.872199557273743,0.872199557273743,ADCY5,1
GO:0007100,mitotic centrosome separation,1/132,13/18842,0.0769230769230769,10.9801864801865,3.02342187705819,0.087368288985414,0.872199557273743,0.872199557273743,KIF11,1
GO:0008212,mineralocorticoid metabolic process,1/132,13/18842,0.0769230769230769,10.9801864801865,3.02342187705819,0.087368288985414,0.872199557273743,0.872199557273743,CYP21A2,1
GO:0010944,negative regulation of transcription by competitive promoter binding,1/132,13/18842,0.0769230769230769,10.9801864801865,3.02342187705819,0.087368288985414,0.872199557273743,0.872199557273743,HHEX,1
GO:0010992,ubiquitin recycling,1/132,13/18842,0.0769230769230769,10.9801864801865,3.02342187705819,0.087368288985414,0.872199557273743,0.872199557273743,IDE,1
GO:0018394,peptidyl-lysine acetylation,1/132,13/18842,0.0769230769230769,10.9801864801865,3.02342187705819,0.087368288985414,0.872199557273743,0.872199557273743,BAG6,1
GO:0031115,negative regulation of microtubule polymerization,1/132,13/18842,0.0769230769230769,10.9801864801865,3.02342187705819,0.087368288985414,0.872199557273743,0.872199557273743,EML2,1
GO:0034116,positive regulation of heterotypic cell-cell adhesion,1/132,13/18842,0.0769230769230769,10.9801864801865,3.02342187705819,0.087368288985414,0.872199557273743,0.872199557273743,AGER,1
GO:0035728,response to hepatocyte growth factor,1/132,13/18842,0.0769230769230769,10.9801864801865,3.02342187705819,0.087368288985414,0.872199557273743,0.872199557273743,BCAR1,1
GO:0036006,cellular response to macrophage colony-stimulating factor stimulus,1/132,13/18842,0.0769230769230769,10.9801864801865,3.02342187705819,0.087368288985414,0.872199557273743,0.872199557273743,MST1R,1
GO:0042373,vitamin K metabolic process,1/132,13/18842,0.0769230769230769,10.9801864801865,3.02342187705819,0.087368288985414,0.872199557273743,0.872199557273743,NQO1,1
GO:0043392,negative regulation of DNA binding,1/132,13/18842,0.0769230769230769,10.9801864801865,3.02342187705819,0.087368288985414,0.872199557273743,0.872199557273743,HMGA2,1
GO:0043922,host-mediated suppression of viral transcription,1/132,13/18842,0.0769230769230769,10.9801864801865,3.02342187705819,0.087368288985414,0.872199557273743,0.872199557273743,HMGA2,1
GO:0045091,regulation of single stranded viral RNA replication via double stranded DNA intermediate,1/132,13/18842,0.0769230769230769,10.9801864801865,3.02342187705819,0.087368288985414,0.872199557273743,0.872199557273743,HMGA2,1
GO:0045989,positive regulation of striated muscle contraction,1/132,13/18842,0.0769230769230769,10.9801864801865,3.02342187705819,0.087368288985414,0.872199557273743,0.872199557273743,KCNQ1,1
GO:0050910,detection of mechanical stimulus involved in sensory perception of sound,1/132,13/18842,0.0769230769230769,10.9801864801865,3.02342187705819,0.087368288985414,0.872199557273743,0.872199557273743,KCNQ1,1
GO:0051231,spindle elongation,1/132,13/18842,0.0769230769230769,10.9801864801865,3.02342187705819,0.087368288985414,0.872199557273743,0.872199557273743,KIF11,1
GO:0055081,monoatomic anion homeostasis,1/132,13/18842,0.0769230769230769,10.9801864801865,3.02342187705819,0.087368288985414,0.872199557273743,0.872199557273743,KCNQ1,1
GO:0060117,auditory receptor cell development,1/132,13/18842,0.0769230769230769,10.9801864801865,3.02342187705819,0.087368288985414,0.872199557273743,0.872199557273743,KCNQ1,1
GO:0060253,negative regulation of glial cell proliferation,1/132,13/18842,0.0769230769230769,10.9801864801865,3.02342187705819,0.087368288985414,0.872199557273743,0.872199557273743,ABCC8,1
GO:0060330,regulation of response to type II interferon,1/132,13/18842,0.0769230769230769,10.9801864801865,3.02342187705819,0.087368288985414,0.872199557273743,0.872199557273743,PPARG,1
GO:0060334,regulation of type II interferon-mediated signaling pathway,1/132,13/18842,0.0769230769230769,10.9801864801865,3.02342187705819,0.087368288985414,0.872199557273743,0.872199557273743,PPARG,1
GO:0060354,negative regulation of cell adhesion molecule production,1/132,13/18842,0.0769230769230769,10.9801864801865,3.02342187705819,0.087368288985414,0.872199557273743,0.872199557273743,NOTCH4,1
GO:0070294,renal sodium ion absorption,1/132,13/18842,0.0769230769230769,10.9801864801865,3.02342187705819,0.087368288985414,0.872199557273743,0.872199557273743,KCNQ1,1
GO:0090084,negative regulation of inclusion body assembly,1/132,13/18842,0.0769230769230769,10.9801864801865,3.02342187705819,0.087368288985414,0.872199557273743,0.872199557273743,HSPA1A,1
GO:1900153,"positive regulation of nuclear-transcribed mRNA catabolic process, deadenylation-dependent decay",1/132,13/18842,0.0769230769230769,10.9801864801865,3.02342187705819,0.087368288985414,0.872199557273743,0.872199557273743,ZFP36L2,1
GO:1900272,negative regulation of long-term synaptic potentiation,1/132,13/18842,0.0769230769230769,10.9801864801865,3.02342187705819,0.087368288985414,0.872199557273743,0.872199557273743,AGER,1
GO:1904179,positive regulation of adipose tissue development,1/132,13/18842,0.0769230769230769,10.9801864801865,3.02342187705819,0.087368288985414,0.872199557273743,0.872199557273743,PPARG,1
GO:1904688,regulation of cytoplasmic translational initiation,1/132,13/18842,0.0769230769230769,10.9801864801865,3.02342187705819,0.087368288985414,0.872199557273743,0.872199557273743,HHEX,1
GO:0032945,negative regulation of mononuclear cell proliferation,2/132,71/18842,0.028169014084507,4.02091335894153,2.14203116816373,0.0885873525476097,0.876925308047045,0.876925308047045,HLA-DRB1/LST1,2
GO:0045132,meiotic chromosome segregation,2/132,71/18842,0.028169014084507,4.02091335894153,2.14203116816373,0.0885873525476097,0.876925308047045,0.876925308047045,BAG6/MSH5,2
GO:0071346,cellular response to type II interferon,2/132,71/18842,0.028169014084507,4.02091335894153,2.14203116816373,0.0885873525476097,0.876925308047045,0.876925308047045,PPARG/AIF1,2
GO:2000144,positive regulation of DNA-templated transcription initiation,2/132,71/18842,0.028169014084507,4.02091335894153,2.14203116816373,0.0885873525476097,0.876925308047045,0.876925308047045,HNF1A/HNF1B,2
GO:2000736,regulation of stem cell differentiation,2/132,71/18842,0.028169014084507,4.02091335894153,2.14203116816373,0.0885873525476097,0.876925308047045,0.876925308047045,ZFP36L2/GATAD2A,2
GO:0051494,negative regulation of cytoskeleton organization,3/132,151/18842,0.0198675496688742,2.83594220349187,1.9025376361828,0.0898561001945813,0.877938862354421,0.877938862354421,ARAP1/ARPIN/EML2,3
GO:0007249,canonical NF-kappaB signal transduction,5/132,339/18842,0.0147492625368732,2.10534549030124,1.72495934994273,0.0902148556441658,0.877938862354421,0.877938862354421,TLE1/NFAT5/NFKBIL1/LTA/HSPA1A,5
GO:0022898,regulation of transmembrane transporter activity,2/132,72/18842,0.0277777777777778,3.96506734006734,2.11724306823339,0.0907154283772428,0.877938862354421,0.877938862354421,PRRT1/KCNQ1,2
GO:1903578,regulation of ATP metabolic process,2/132,72/18842,0.0277777777777778,3.96506734006734,2.11724306823339,0.0907154283772428,0.877938862354421,0.877938862354421,TIGAR/GCKR,2
GO:0090596,sensory organ morphogenesis,3/132,153/18842,0.0196078431372549,2.79887106357695,1.87652677672519,0.0925884277658053,0.877938862354421,0.877938862354421,SLC44A4/PROX1/KCNQ1,3
GO:0001701,in utero embryonic development,2/132,73/18842,0.0273972602739726,3.91075134910751,2.0928977782971,0.092858530577663,0.877938862354421,0.877938862354421,MBNL1/POU5F1,2
GO:0006970,response to osmotic stress,2/132,73/18842,0.0273972602739726,3.91075134910751,2.0928977782971,0.092858530577663,0.877938862354421,0.877938862354421,NFAT5/MAP2K7,2
GO:0150116,regulation of cell-substrate junction organization,2/132,73/18842,0.0273972602739726,3.91075134910751,2.0928977782971,0.092858530577663,0.877938862354421,0.877938862354421,MACF1/PEAK1,2
GO:0001779,natural killer cell differentiation,1/132,14/18842,0.0714285714285714,10.1958874458874,2.89106340660711,0.0937662594487375,0.877938862354421,0.877938862354421,RASGRP1,1
GO:0001921,positive regulation of receptor recycling,1/132,14/18842,0.0714285714285714,10.1958874458874,2.89106340660711,0.0937662594487375,0.877938862354421,0.877938862354421,ARAP1,1
GO:0001946,lymphangiogenesis,1/132,14/18842,0.0714285714285714,10.1958874458874,2.89106340660711,0.0937662594487375,0.877938862354421,0.877938862354421,PROX1,1
GO:0002089,lens morphogenesis in camera-type eye,1/132,14/18842,0.0714285714285714,10.1958874458874,2.89106340660711,0.0937662594487375,0.877938862354421,0.877938862354421,PROX1,1
GO:0002517,T cell tolerance induction,1/132,14/18842,0.0714285714285714,10.1958874458874,2.89106340660711,0.0937662594487375,0.877938862354421,0.877938862354421,HLA-B,1
GO:0003128,heart field specification,1/132,14/18842,0.0714285714285714,10.1958874458874,2.89106340660711,0.0937662594487375,0.877938862354421,0.877938862354421,POU5F1,1
GO:0006555,methionine metabolic process,1/132,14/18842,0.0714285714285714,10.1958874458874,2.89106340660711,0.0937662594487375,0.877938862354421,0.877938862354421,MTAP,1
GO:0007250,activation of NF-kappaB-inducing kinase activity,1/132,14/18842,0.0714285714285714,10.1958874458874,2.89106340660711,0.0937662594487375,0.877938862354421,0.877938862354421,LTA,1
GO:0010745,negative regulation of macrophage derived foam cell differentiation,1/132,14/18842,0.0714285714285714,10.1958874458874,2.89106340660711,0.0937662594487375,0.877938862354421,0.877938862354421,PPARG,1
GO:0010838,positive regulation of keratinocyte proliferation,1/132,14/18842,0.0714285714285714,10.1958874458874,2.89106340660711,0.0937662594487375,0.877938862354421,0.877938862354421,NOTCH2,1
GO:0014745,negative regulation of muscle adaptation,1/132,14/18842,0.0714285714285714,10.1958874458874,2.89106340660711,0.0937662594487375,0.877938862354421,0.877938862354421,PPARG,1
GO:0021533,cell differentiation in hindbrain,1/132,14/18842,0.0714285714285714,10.1958874458874,2.89106340660711,0.0937662594487375,0.877938862354421,0.877938862354421,PROX1,1
GO:0021697,cerebellar cortex formation,1/132,14/18842,0.0714285714285714,10.1958874458874,2.89106340660711,0.0937662594487375,0.877938862354421,0.877938862354421,PROX1,1
GO:0034650,cortisol metabolic process,1/132,14/18842,0.0714285714285714,10.1958874458874,2.89106340660711,0.0937662594487375,0.877938862354421,0.877938862354421,CYP21A2,1
GO:0039692,single stranded viral RNA replication via double stranded DNA intermediate,1/132,14/18842,0.0714285714285714,10.1958874458874,2.89106340660711,0.0937662594487375,0.877938862354421,0.877938862354421,HMGA2,1
GO:0042447,hormone catabolic process,1/132,14/18842,0.0714285714285714,10.1958874458874,2.89106340660711,0.0937662594487375,0.877938862354421,0.877938862354421,IDE,1
GO:0046462,monoacylglycerol metabolic process,1/132,14/18842,0.0714285714285714,10.1958874458874,2.89106340660711,0.0937662594487375,0.877938862354421,0.877938862354421,ABHD16A,1
GO:0050872,white fat cell differentiation,1/132,14/18842,0.0714285714285714,10.1958874458874,2.89106340660711,0.0937662594487375,0.877938862354421,0.877938862354421,PPARG,1
GO:0051764,actin crosslink formation,1/132,14/18842,0.0714285714285714,10.1958874458874,2.89106340660711,0.0937662594487375,0.877938862354421,0.877938862354421,AIF1,1
GO:0070424,"regulation of nucleotide-binding domain, leucine rich repeat containing receptor signaling pathway",1/132,14/18842,0.0714285714285714,10.1958874458874,2.89106340660711,0.0937662594487375,0.877938862354421,0.877938862354421,HSPA1A,1
GO:0071871,response to epinephrine,1/132,14/18842,0.0714285714285714,10.1958874458874,2.89106340660711,0.0937662594487375,0.877938862354421,0.877938862354421,KCNQ1,1
GO:0099159,regulation of modification of postsynaptic structure,1/132,14/18842,0.0714285714285714,10.1958874458874,2.89106340660711,0.0937662594487375,0.877938862354421,0.877938862354421,CAMKV,1
GO:1900748,positive regulation of vascular endothelial growth factor signaling pathway,1/132,14/18842,0.0714285714285714,10.1958874458874,2.89106340660711,0.0937662594487375,0.877938862354421,0.877938862354421,PROX1,1
GO:1903845,negative regulation of cellular response to transforming growth factor beta stimulus,1/132,14/18842,0.0714285714285714,10.1958874458874,2.89106340660711,0.0937662594487375,0.877938862354421,0.877938862354421,PPARG,1
GO:1904322,cellular response to forskolin,1/132,14/18842,0.0714285714285714,10.1958874458874,2.89106340660711,0.0937662594487375,0.877938862354421,0.877938862354421,ADCY5,1
GO:1905203,regulation of connective tissue replacement,1/132,14/18842,0.0714285714285714,10.1958874458874,2.89106340660711,0.0937662594487375,0.877938862354421,0.877938862354421,PPARG,1
GO:1902904,negative regulation of supramolecular fiber organization,3/132,154/18842,0.0194805194805195,2.78069657615112,1.86367816922184,0.093967475158605,0.878424092102698,0.878424092102698,ARAP1/ARPIN/EML2,3
GO:0072080,nephron tubule development,2/132,74/18842,0.027027027027027,3.85790335790336,2.06898073984452,0.0950163481223254,0.885413830363349,0.885413830363349,NOTCH2/HNF1B,2
GO:0090307,mitotic spindle assembly,2/132,74/18842,0.027027027027027,3.85790335790336,2.06898073984452,0.0950163481223254,0.885413830363349,0.885413830363349,KIF11/HSPA1A,2
GO:0006109,regulation of carbohydrate metabolic process,3/132,155/18842,0.0193548387096774,2.76275659824047,1.8509319491746,0.0953550233342909,0.886481539625896,0.886481539625896,TCF7L2/TIGAR/GCKR,3
GO:1901990,regulation of mitotic cell cycle phase transition,5/132,345/18842,0.0144927536231884,2.06873078612209,1.68278745546618,0.0954324514597266,0.886481539625896,0.886481539625896,CDKN2B/ZFP36L2/CCND2/UBE2E2/AIF1,5
GO:0031401,positive regulation of protein modification process,5/132,346/18842,0.0144508670520231,2.06275179541076,1.67584186292868,0.0963168458558704,0.893285573552868,0.893285573552868,HMGA2/RASGRP1/MST1R/WFS1/LTA,5
GO:0032635,interleukin-6 production,3/132,156/18842,0.0192307692307692,2.74504662004662,1.83828654074529,0.0967510056700167,0.8944904297794,0.894490429779399,AGER/HLA-B/AIF1,3
GO:0032675,regulation of interleukin-6 production,3/132,156/18842,0.0192307692307692,2.74504662004662,1.83828654074529,0.0967510056700167,0.8944904297794,0.894490429779399,AGER/HLA-B/AIF1,3
GO:0050766,positive regulation of phagocytosis,2/132,75/18842,0.0266666666666667,3.80646464646465,2.04547806690541,0.0971885735449398,0.894686811397365,0.894686811397365,ARAP1/C2,2
GO:1903053,regulation of extracellular matrix organization,2/132,75/18842,0.0266666666666667,3.80646464646465,2.04547806690541,0.0971885735449398,0.894686811397365,0.894686811397365,PPARG/TNXB,2
GO:0010639,negative regulation of organelle organization,5/132,348/18842,0.014367816091954,2.05089690003483,1.66202041073018,0.0980982247972443,0.894686811397365,0.894686811397365,ARAP1/ARPIN/PPARG/EML2/HSPA1A,5
GO:0014013,regulation of gliogenesis,2/132,76/18842,0.0263157894736842,3.75637958532695,2.02237650639768,0.0993749029054871,0.894686811397365,0.894686811397365,ABCC8/LTA,2
GO:0061326,renal tubule development,2/132,76/18842,0.0263157894736842,3.75637958532695,2.02237650639768,0.0993749029054871,0.894686811397365,0.894686811397365,NOTCH2/HNF1B,2
GO:0001867,"complement activation, lectin pathway",1/132,15/18842,0.0666666666666667,9.51616161616162,2.77141146696401,0.100119714608753,0.894686811397365,0.894686811397365,C2,1
GO:0002693,positive regulation of cellular extravasation,1/132,15/18842,0.0666666666666667,9.51616161616162,2.77141146696401,0.100119714608753,0.894686811397365,0.894686811397365,AGER,1
GO:0007190,activation of adenylate cyclase activity,1/132,15/18842,0.0666666666666667,9.51616161616162,2.77141146696401,0.100119714608753,0.894686811397365,0.894686811397365,GIPR,1
GO:0009067,aspartate family amino acid biosynthetic process,1/132,15/18842,0.0666666666666667,9.51616161616162,2.77141146696401,0.100119714608753,0.894686811397365,0.894686811397365,MTAP,1
GO:0010560,positive regulation of glycoprotein biosynthetic process,1/132,15/18842,0.0666666666666667,9.51616161616162,2.77141146696401,0.100119714608753,0.894686811397365,0.894686811397365,TCF7L2,1
GO:0030812,negative regulation of nucleotide catabolic process,1/132,15/18842,0.0666666666666667,9.51616161616162,2.77141146696401,0.100119714608753,0.894686811397365,0.894686811397365,TIGAR,1
GO:0033122,negative regulation of purine nucleotide catabolic process,1/132,15/18842,0.0666666666666667,9.51616161616162,2.77141146696401,0.100119714608753,0.894686811397365,0.894686811397365,TIGAR,1
GO:0043576,regulation of respiratory gaseous exchange,1/132,15/18842,0.0666666666666667,9.51616161616162,2.77141146696401,0.100119714608753,0.894686811397365,0.894686811397365,FTO,1
GO:0045117,azole transmembrane transport,1/132,15/18842,0.0666666666666667,9.51616161616162,2.77141146696401,0.100119714608753,0.894686811397365,0.894686811397365,SLC44A4,1
GO:0045820,negative regulation of glycolytic process,1/132,15/18842,0.0666666666666667,9.51616161616162,2.77141146696401,0.100119714608753,0.894686811397365,0.894686811397365,TIGAR,1
GO:0051299,centrosome separation,1/132,15/18842,0.0666666666666667,9.51616161616162,2.77141146696401,0.100119714608753,0.894686811397365,0.894686811397365,KIF11,1
GO:0060252,positive regulation of glial cell proliferation,1/132,15/18842,0.0666666666666667,9.51616161616162,2.77141146696401,0.100119714608753,0.894686811397365,0.894686811397365,LTA,1
GO:0070268,cornification,1/132,15/18842,0.0666666666666667,9.51616161616162,2.77141146696401,0.100119714608753,0.894686811397365,0.894686811397365,CDSN,1
GO:0098734,macromolecule depalmitoylation,1/132,15/18842,0.0666666666666667,9.51616161616162,2.77141146696401,0.100119714608753,0.894686811397365,0.894686811397365,PPT2,1
GO:0150011,regulation of neuron projection arborization,1/132,15/18842,0.0666666666666667,9.51616161616162,2.77141146696401,0.100119714608753,0.894686811397365,0.894686811397365,MACF1,1
GO:1900452,regulation of long-term synaptic depression,1/132,15/18842,0.0666666666666667,9.51616161616162,2.77141146696401,0.100119714608753,0.894686811397365,0.894686811397365,AGER,1
GO:1904380,endoplasmic reticulum mannose trimming,1/132,15/18842,0.0666666666666667,9.51616161616162,2.77141146696401,0.100119714608753,0.894686811397365,0.894686811397365,RNF5,1
GO:0006406,mRNA export from nucleus,2/132,77/18842,0.025974025974026,3.70759543486816,1.99966340130321,0.10157503575653,0.90478205812673,0.90478205812673,HHEX/DDX39B,2
GO:0045069,regulation of viral genome replication,2/132,77/18842,0.025974025974026,3.70759543486816,1.99966340130321,0.10157503575653,0.90478205812673,0.90478205812673,HMGA2/PROX1,2
GO:0045765,regulation of angiogenesis,5/132,352/18842,0.0142045454545455,2.02759125344353,1.63465204385869,0.101711044289416,0.90478205812673,0.90478205812673,PPARG/HMGA2/ABCC8/HHEX/GTF2I,5
GO:0048660,regulation of smooth muscle cell proliferation,3/132,160/18842,0.01875,2.67642045454546,1.78868269467343,0.102417933604936,0.905647316403023,0.905647316403023,PPARG/TCF7L2/AIF1,3
GO:0060828,regulation of canonical Wnt signaling pathway,4/132,254/18842,0.015748031496063,2.24791219279408,1.6818474500028,0.103421440599111,0.905647316403023,0.905647316403023,TLE1/POU5F1/TCF7L2/HHEX,4
GO:0097581,lamellipodium organization,2/132,78/18842,0.0256410256410256,3.66006216006216,1.97732665643599,0.103788675109817,0.905647316403023,0.905647316403023,ARPIN/RREB1,2
GO:2000058,regulation of ubiquitin-dependent protein catabolic process,3/132,161/18842,0.0186335403726708,2.65979672501412,1.77651888180931,0.103855077026067,0.905647316403023,0.905647316403023,CSNK2B/BAG6/HSPA1A,3
GO:0051057,positive regulation of small GTPase mediated signal transduction,2/132,79/18842,0.0253164556962025,3.61373225930188,1.95535470658914,0.106015527403179,0.905647316403023,0.905647316403023,RASGRP1/NOTCH2,2
GO:0060260,regulation of transcription initiation by RNA polymerase II,2/132,79/18842,0.0253164556962025,3.61373225930188,1.95535470658914,0.106015527403179,0.905647316403023,0.905647316403023,HNF1A/HNF1B,2
GO:0070664,negative regulation of leukocyte proliferation,2/132,79/18842,0.0253164556962025,3.61373225930188,1.95535470658914,0.106015527403179,0.905647316403023,0.905647316403023,HLA-DRB1/LST1,2
GO:0000097,sulfur amino acid biosynthetic process,1/132,16/18842,0.0625,8.92140151515152,2.66247193069805,0.1064289618426,0.905647316403023,0.905647316403023,MTAP,1
GO:0002643,regulation of tolerance induction,1/132,16/18842,0.0625,8.92140151515152,2.66247193069805,0.1064289618426,0.905647316403023,0.905647316403023,HLA-B,1
GO:0003016,respiratory system process,1/132,16/18842,0.0625,8.92140151515152,2.66247193069805,0.1064289618426,0.905647316403023,0.905647316403023,FTO,1
GO:0032816,positive regulation of natural killer cell activation,1/132,16/18842,0.0625,8.92140151515152,2.66247193069805,0.1064289618426,0.905647316403023,0.905647316403023,RASGRP1,1
GO:0034309,primary alcohol biosynthetic process,1/132,16/18842,0.0625,8.92140151515152,2.66247193069805,0.1064289618426,0.905647316403023,0.905647316403023,CYP21A2,1
GO:0035435,phosphate ion transmembrane transport,1/132,16/18842,0.0625,8.92140151515152,2.66247193069805,0.1064289618426,0.905647316403023,0.905647316403023,ANKH,1
GO:0035795,negative regulation of mitochondrial membrane permeability,1/132,16/18842,0.0625,8.92140151515152,2.66247193069805,0.1064289618426,0.905647316403023,0.905647316403023,HSPA1A,1
GO:0035988,chondrocyte proliferation,1/132,16/18842,0.0625,8.92140151515152,2.66247193069805,0.1064289618426,0.905647316403023,0.905647316403023,HMGA2,1
GO:0036159,inner dynein arm assembly,1/132,16/18842,0.0625,8.92140151515152,2.66247193069805,0.1064289618426,0.905647316403023,0.905647316403023,DNAH7,1
GO:0036507,protein demannosylation,1/132,16/18842,0.0625,8.92140151515152,2.66247193069805,0.1064289618426,0.905647316403023,0.905647316403023,RNF5,1
GO:0036508,"protein alpha-1,2-demannosylation",1/132,16/18842,0.0625,8.92140151515152,2.66247193069805,0.1064289618426,0.905647316403023,0.905647316403023,RNF5,1
GO:0042491,inner ear auditory receptor cell differentiation,1/132,16/18842,0.0625,8.92140151515152,2.66247193069805,0.1064289618426,0.905647316403023,0.905647316403023,KCNQ1,1
GO:0044793,host-mediated suppression of viral proces,1/132,16/18842,0.0625,8.92140151515152,2.66247193069805,0.1064289618426,0.905647316403023,0.905647316403023,HMGA2,1
GO:0046831,regulation of RNA export from nucleus,1/132,16/18842,0.0625,8.92140151515152,2.66247193069805,0.1064289618426,0.905647316403023,0.905647316403023,HHEX,1
GO:0050687,negative regulation of defense response to virus,1/132,16/18842,0.0625,8.92140151515152,2.66247193069805,0.1064289618426,0.905647316403023,0.905647316403023,MICB,1
GO:0055003,cardiac myofibril assembly,1/132,16/18842,0.0625,8.92140151515152,2.66247193069805,0.1064289618426,0.905647316403023,0.905647316403023,PROX1,1
GO:0060766,negative regulation of androgen receptor signaling pathway,1/132,16/18842,0.0625,8.92140151515152,2.66247193069805,0.1064289618426,0.905647316403023,0.905647316403023,TCF7L2,1
GO:0072531,pyrimidine-containing compound transmembrane transport,1/132,16/18842,0.0625,8.92140151515152,2.66247193069805,0.1064289618426,0.905647316403023,0.905647316403023,SLC44A4,1
GO:0097091,synaptic vesicle clustering,1/132,16/18842,0.0625,8.92140151515152,2.66247193069805,0.1064289618426,0.905647316403023,0.905647316403023,SYN2,1
GO:1903028,positive regulation of opsonization,1/132,16/18842,0.0625,8.92140151515152,2.66247193069805,0.1064289618426,0.905647316403023,0.905647316403023,C2,1
GO:1904321,response to forskolin,1/132,16/18842,0.0625,8.92140151515152,2.66247193069805,0.1064289618426,0.905647316403023,0.905647316403023,ADCY5,1
GO:1905288,vascular associated smooth muscle cell apoptotic process,1/132,16/18842,0.0625,8.92140151515152,2.66247193069805,0.1064289618426,0.905647316403023,0.905647316403023,PPARG,1
GO:1905459,regulation of vascular associated smooth muscle cell apoptotic process,1/132,16/18842,0.0625,8.92140151515152,2.66247193069805,0.1064289618426,0.905647316403023,0.905647316403023,PPARG,1
GO:0006006,glucose metabolic process,3/132,163/18842,0.0184049079754601,2.62716118237591,1.75246604870968,0.106753380479303,0.905786258612264,0.905786258612264,KCNJ11/TCF7L2/KCNQ1,3
GO:0048659,smooth muscle cell proliferation,3/132,163/18842,0.0184049079754601,2.62716118237591,1.75246604870968,0.106753380479303,0.905786258612264,0.905786258612264,PPARG/TCF7L2/AIF1,3
GO:0017015,regulation of transforming growth factor beta receptor signaling pathway,3/132,164/18842,0.0182926829268293,2.61114190687361,1.74057434987355,0.108214403246676,0.909344540728783,0.909344540728783,CDKN2B/PPARG/HSPA1A,3
GO:0050657,nucleic acid transport,3/132,164/18842,0.0182926829268293,2.61114190687361,1.74057434987355,0.108214403246676,0.909344540728783,0.909344540728783,IGF2BP2/HHEX/DDX39B,3
GO:0050658,RNA transport,3/132,164/18842,0.0182926829268293,2.61114190687361,1.74057434987355,0.108214403246676,0.909344540728783,0.909344540728783,IGF2BP2/HHEX/DDX39B,3
GO:0034103,regulation of tissue remodeling,2/132,80/18842,0.025,3.56856060606061,1.93373648686773,0.108255302467712,0.909344540728783,0.909344540728783,ARAP1/PPARG,2
GO:0043266,regulation of potassium ion transport,2/132,80/18842,0.025,3.56856060606061,1.93373648686773,0.108255302467712,0.909344540728783,0.909344540728783,ABCC8/KCNQ1,2
GO:0043547,positive regulation of GTPase activity,2/132,80/18842,0.025,3.56856060606061,1.93373648686773,0.108255302467712,0.909344540728783,0.909344540728783,ARAP1/RASGRP1,2
GO:0150076,neuroinflammatory response,2/132,80/18842,0.025,3.56856060606061,1.93373648686773,0.108255302467712,0.909344540728783,0.909344540728783,AGER/AIF1,2
GO:0009895,negative regulation of catabolic process,5/132,360/18842,0.0138888888888889,1.98253367003367,1.5809795633361,0.109134406059285,0.909605164329071,0.909605164329071,CSNK2B/BAG6/IGF2BP2/TIGAR/NQO1,5
GO:1902903,regulation of supramolecular fiber organization,5/132,361/18842,0.0138504155124654,1.97704188701419,1.57436743110638,0.110080631928113,0.909605164329071,0.909605164329071,ARAP1/ARPIN/EML2/PROX1/HSPA1A,5
GO:0060390,regulation of SMAD protein signal transduction,2/132,81/18842,0.0246913580246914,3.52450430228208,1.91246140503194,0.110507713495247,0.909605164329071,0.909605164329071,CSNK2B/PPARG,2
GO:0070534,protein K63-linked ubiquitination,2/132,81/18842,0.0246913580246914,3.52450430228208,1.91246140503194,0.110507713495247,0.909605164329071,0.909605164329071,UBE2E2/RNF5,2
GO:1901342,regulation of vasculature development,5/132,362/18842,0.0138121546961326,1.97158044533735,1.56777636800114,0.111030884520687,0.909605164329071,0.909605164329071,PPARG/HMGA2/ABCC8/HHEX/GTF2I,5
GO:0006401,RNA catabolic process,6/132,468/18842,0.0128205128205128,1.83003108003108,1.52727580497229,0.111251261633413,0.909605164329071,0.909605164329071,ZFP36L2/IGF2BP2/ZC3H4/FTO/PABPC4/HSPA1A,6
GO:0051236,establishment of RNA localization,3/132,167/18842,0.0179640718562874,2.56423516603157,1.70542263236494,0.112644127698719,0.909605164329071,0.909605164329071,IGF2BP2/HHEX/DDX39B,3
GO:1903844,regulation of cellular response to transforming growth factor beta stimulus,3/132,167/18842,0.0179640718562874,2.56423516603157,1.70542263236494,0.112644127698719,0.909605164329071,0.909605164329071,CDKN2B/PPARG/HSPA1A,3
GO:0010092,specification of animal organ identity,1/132,17/18842,0.0588235294117647,8.39661319073084,2.5626655019557,0.112694306421203,0.909605164329071,0.909605164329071,POU5F1,1
GO:0010989,negative regulation of low-density lipoprotein particle clearance,1/132,17/18842,0.0588235294117647,8.39661319073084,2.5626655019557,0.112694306421203,0.909605164329071,0.909605164329071,ABCC8,1
GO:0015697,quaternary ammonium group transport,1/132,17/18842,0.0588235294117647,8.39661319073084,2.5626655019557,0.112694306421203,0.909605164329071,0.909605164329071,SLC44A4,1
GO:0031128,developmental induction,1/132,17/18842,0.0588235294117647,8.39661319073084,2.5626655019557,0.112694306421203,0.909605164329071,0.909605164329071,POU5F1,1
GO:0031665,negative regulation of lipopolysaccharide-mediated signaling pathway,1/132,17/18842,0.0588235294117647,8.39661319073084,2.5626655019557,0.112694306421203,0.909605164329071,0.909605164329071,NFKBIL1,1
GO:0034393,positive regulation of smooth muscle cell apoptotic process,1/132,17/18842,0.0588235294117647,8.39661319073084,2.5626655019557,0.112694306421203,0.909605164329071,0.909605164329071,PPARG,1
GO:0036005,response to macrophage colony-stimulating factor,1/132,17/18842,0.0588235294117647,8.39661319073084,2.5626655019557,0.112694306421203,0.909605164329071,0.909605164329071,MST1R,1
GO:0036303,lymph vessel morphogenesis,1/132,17/18842,0.0588235294117647,8.39661319073084,2.5626655019557,0.112694306421203,0.909605164329071,0.909605164329071,PROX1,1
GO:0045655,regulation of monocyte differentiation,1/132,17/18842,0.0588235294117647,8.39661319073084,2.5626655019557,0.112694306421203,0.909605164329071,0.909605164329071,HLA-DRB1,1
GO:0048596,embryonic camera-type eye morphogenesis,1/132,17/18842,0.0588235294117647,8.39661319073084,2.5626655019557,0.112694306421203,0.909605164329071,0.909605164329071,PROX1,1
GO:0061318,renal filtration cell differentiation,1/132,17/18842,0.0588235294117647,8.39661319073084,2.5626655019557,0.112694306421203,0.909605164329071,0.909605164329071,NOTCH2,1
GO:0070341,fat cell proliferation,1/132,17/18842,0.0588235294117647,8.39661319073084,2.5626655019557,0.112694306421203,0.909605164329071,0.909605164329071,FTO,1
GO:0071816,tail-anchored membrane protein insertion into ER membrane,1/132,17/18842,0.0588235294117647,8.39661319073084,2.5626655019557,0.112694306421203,0.909605164329071,0.909605164329071,BAG6,1
GO:0072112,podocyte differentiation,1/132,17/18842,0.0588235294117647,8.39661319073084,2.5626655019557,0.112694306421203,0.909605164329071,0.909605164329071,NOTCH2,1
GO:0090336,positive regulation of brown fat cell differentiation,1/132,17/18842,0.0588235294117647,8.39661319073084,2.5626655019557,0.112694306421203,0.909605164329071,0.909605164329071,RREB1,1
GO:0097709,connective tissue replacement,1/132,17/18842,0.0588235294117647,8.39661319073084,2.5626655019557,0.112694306421203,0.909605164329071,0.909605164329071,PPARG,1
GO:1903265,positive regulation of tumor necrosis factor-mediated signaling pathway,1/132,17/18842,0.0588235294117647,8.39661319073084,2.5626655019557,0.112694306421203,0.909605164329071,0.909605164329071,HSPA1A,1
GO:0006140,regulation of nucleotide metabolic process,2/132,82/18842,0.024390243902439,3.48152254249815,1.89151931569145,0.112772477006104,0.909605164329071,0.909605164329071,TIGAR/GCKR,2
GO:0019915,lipid storage,2/132,82/18842,0.024390243902439,3.48152254249815,1.89151931569145,0.112772477006104,0.909605164329071,0.909605164329071,PPARG/FTO,2
GO:0043537,negative regulation of blood vessel endothelial cell migration,2/132,82/18842,0.024390243902439,3.48152254249815,1.89151931569145,0.112772477006104,0.909605164329071,0.909605164329071,CSNK2B/PPARG,2
GO:1900542,regulation of purine nucleotide metabolic process,2/132,82/18842,0.024390243902439,3.48152254249815,1.89151931569145,0.112772477006104,0.909605164329071,0.909605164329071,TIGAR/GCKR,2
GO:0048041,focal adhesion assembly,2/132,83/18842,0.0240963855421687,3.43957648776926,1.87090049620597,0.115049312817125,0.918825733191458,0.918825733191458,MACF1/PEAK1,2
GO:0060541,respiratory system development,2/132,83/18842,0.0240963855421687,3.43957648776926,1.87090049620597,0.115049312817125,0.918825733191458,0.918825733191458,BAG6/PROX1,2
GO:0044843,cell cycle G1/S phase transition,4/132,265/18842,0.0150943396226415,2.15460263007433,1.58989972967667,0.115919419654586,0.918825733191458,0.918825733191458,CDKN2B/CCND2/UBE2E2/AIF1,4
GO:0009410,response to xenobiotic stimulus,5/132,368/18842,0.0135869565217391,1.93943511198946,1.52866483225082,0.116816237019678,0.918825733191458,0.918825733191458,KCNJ11/ABCC8/KCNQ1/NQO1/LTA,5
GO:0007498,mesoderm development,2/132,84/18842,0.0238095238095238,3.39862914862915,1.85059562416006,0.117337944009991,0.918825733191458,0.918825733191458,HMGA2/EYA2,2
GO:0051054,positive regulation of DNA metabolic process,4/132,267/18842,0.0149812734082397,2.1384632845307,1.57366503450133,0.118260567931357,0.918825733191458,0.918825733191458,MAP2K7/TIGAR/EYA2/AGER,4
GO:0002836,positive regulation of response to tumor cell,1/132,18/18842,0.0555555555555556,7.93013468013468,2.47072276542933,0.118916051523588,0.918825733191458,0.918825733191458,HLA-DRB1,1
GO:0002839,positive regulation of immune response to tumor cell,1/132,18/18842,0.0555555555555556,7.93013468013468,2.47072276542933,0.118916051523588,0.918825733191458,0.918825733191458,HLA-DRB1,1
GO:0003159,morphogenesis of an endothelium,1/132,18/18842,0.0555555555555556,7.93013468013468,2.47072276542933,0.118916051523588,0.918825733191458,0.918825733191458,CSNK2B,1
GO:0003283,atrial septum development,1/132,18/18842,0.0555555555555556,7.93013468013468,2.47072276542933,0.118916051523588,0.918825733191458,0.918825733191458,NOTCH2,1
GO:0006517,protein deglycosylation,1/132,18/18842,0.0555555555555556,7.93013468013468,2.47072276542933,0.118916051523588,0.918825733191458,0.918825733191458,RNF5,1
GO:0006704,glucocorticoid biosynthetic process,1/132,18/18842,0.0555555555555556,7.93013468013468,2.47072276542933,0.118916051523588,0.918825733191458,0.918825733191458,CYP21A2,1
GO:0010633,negative regulation of epithelial cell migration,1/132,18/18842,0.0555555555555556,7.93013468013468,2.47072276542933,0.118916051523588,0.918825733191458,0.918825733191458,PTPRG,1
GO:0015871,choline transport,1/132,18/18842,0.0555555555555556,7.93013468013468,2.47072276542933,0.118916051523588,0.918825733191458,0.918825733191458,SLC44A4,1
GO:0032239,regulation of nucleobase-containing compound transport,1/132,18/18842,0.0555555555555556,7.93013468013468,2.47072276542933,0.118916051523588,0.918825733191458,0.918825733191458,HHEX,1
GO:0035930,corticosteroid hormone secretion,1/132,18/18842,0.0555555555555556,7.93013468013468,2.47072276542933,0.118916051523588,0.918825733191458,0.918825733191458,KCNQ1,1
GO:0043252,sodium-independent organic anion transport,1/132,18/18842,0.0555555555555556,7.93013468013468,2.47072276542933,0.118916051523588,0.918825733191458,0.918825733191458,SLCO6A1,1
GO:0048011,neurotrophin TRK receptor signaling pathway,1/132,18/18842,0.0555555555555556,7.93013468013468,2.47072276542933,0.118916051523588,0.918825733191458,0.918825733191458,BCAR1,1
GO:0060353,regulation of cell adhesion molecule production,1/132,18/18842,0.0555555555555556,7.93013468013468,2.47072276542933,0.118916051523588,0.918825733191458,0.918825733191458,NOTCH4,1
GO:0061154,endothelial tube morphogenesis,1/132,18/18842,0.0555555555555556,7.93013468013468,2.47072276542933,0.118916051523588,0.918825733191458,0.918825733191458,CSNK2B,1
GO:0070431,nucleotide-binding oligomerization domain containing 2 signaling pathway,1/132,18/18842,0.0555555555555556,7.93013468013468,2.47072276542933,0.118916051523588,0.918825733191458,0.918825733191458,HSPA1A,1
GO:0071103,DNA conformation change,1/132,18/18842,0.0555555555555556,7.93013468013468,2.47072276542933,0.118916051523588,0.918825733191458,0.918825733191458,HHEX,1
GO:0072311,glomerular epithelial cell differentiation,1/132,18/18842,0.0555555555555556,7.93013468013468,2.47072276542933,0.118916051523588,0.918825733191458,0.918825733191458,NOTCH2,1
GO:0086014,atrial cardiac muscle cell action potential,1/132,18/18842,0.0555555555555556,7.93013468013468,2.47072276542933,0.118916051523588,0.918825733191458,0.918825733191458,KCNQ1,1
GO:0086026,atrial cardiac muscle cell to AV node cell signaling,1/132,18/18842,0.0555555555555556,7.93013468013468,2.47072276542933,0.118916051523588,0.918825733191458,0.918825733191458,KCNQ1,1
GO:0086066,atrial cardiac muscle cell to AV node cell communication,1/132,18/18842,0.0555555555555556,7.93013468013468,2.47072276542933,0.118916051523588,0.918825733191458,0.918825733191458,KCNQ1,1
GO:0097401,synaptic vesicle lumen acidification,1/132,18/18842,0.0555555555555556,7.93013468013468,2.47072276542933,0.118916051523588,0.918825733191458,0.918825733191458,ATP6V1G2,1
GO:0099601,regulation of neurotransmitter receptor activity,1/132,18/18842,0.0555555555555556,7.93013468013468,2.47072276542933,0.118916051523588,0.918825733191458,0.918825733191458,PRRT1,1
GO:0110110,positive regulation of animal organ morphogenesis,1/132,18/18842,0.0555555555555556,7.93013468013468,2.47072276542933,0.118916051523588,0.918825733191458,0.918825733191458,POU5F1,1
GO:1901077,regulation of relaxation of muscle,1/132,18/18842,0.0555555555555556,7.93013468013468,2.47072276542933,0.118916051523588,0.918825733191458,0.918825733191458,ABCC8,1
GO:1903027,regulation of opsonization,1/132,18/18842,0.0555555555555556,7.93013468013468,2.47072276542933,0.118916051523588,0.918825733191458,0.918825733191458,C2,1
GO:2000811,negative regulation of anoikis,1/132,18/18842,0.0555555555555556,7.93013468013468,2.47072276542933,0.118916051523588,0.918825733191458,0.918825733191458,TLE1,1
GO:0006096,glycolytic process,2/132,85/18842,0.0235294117647059,3.35864527629234,1.83059575629206,0.11963809689981,0.920595306278514,0.920595306278514,TIGAR/GCKR,2
GO:0051098,regulation of binding,2/132,85/18842,0.0235294117647059,3.35864527629234,1.83059575629206,0.11963809689981,0.920595306278514,0.920595306278514,HMGA2/IDE,2
GO:0098876,vesicle-mediated transport to the plasma membrane,3/132,172/18842,0.0174418604651163,2.48969344608879,1.64850784492868,0.120178351924783,0.920595306278514,0.920595306278514,MACF1/SNX17/VTI1A,3
GO:0002292,T cell differentiation involved in immune response,2/132,86/18842,0.0232558139534884,3.31959126145173,1.81089230876704,0.121949501003983,0.920595306278514,0.920595306278514,HLA-DRB1/HLA-DRA,2
GO:0043270,positive regulation of monoatomic ion transport,3/132,174/18842,0.0172413793103448,2.4610762800418,1.62630001084255,0.123243382389843,0.920595306278514,0.920595306278514,ABCC8/KCNQ1/WFS1,3
GO:0042102,positive regulation of T cell proliferation,2/132,87/18842,0.0229885057471264,3.28143504005573,1.79147703869369,0.124271889011342,0.920595306278514,0.920595306278514,AGER/AIF1,2
GO:0046032,ADP catabolic process,2/132,87/18842,0.0229885057471264,3.28143504005573,1.79147703869369,0.124271889011342,0.920595306278514,0.920595306278514,TIGAR/GCKR,2
GO:0170062,nutrient storage,2/132,87/18842,0.0229885057471264,3.28143504005573,1.79147703869369,0.124271889011342,0.920595306278514,0.920595306278514,PPARG/FTO,2
GO:0002029,desensitization of G protein-coupled receptor signaling pathway,1/132,19/18842,0.0526315789473684,7.51275917065391,2.38560999176377,0.125094498251111,0.920595306278514,0.920595306278514,GIPR,1
GO:0003228,atrial cardiac muscle tissue development,1/132,19/18842,0.0526315789473684,7.51275917065391,2.38560999176377,0.125094498251111,0.920595306278514,0.920595306278514,PROX1,1
GO:0006098,pentose-phosphate shunt,1/132,19/18842,0.0526315789473684,7.51275917065391,2.38560999176377,0.125094498251111,0.920595306278514,0.920595306278514,TIGAR,1
GO:0007130,synaptonemal complex assembly,1/132,19/18842,0.0526315789473684,7.51275917065391,2.38560999176377,0.125094498251111,0.920595306278514,0.920595306278514,BAG6,1
GO:0009163,nucleoside biosynthetic process,1/132,19/18842,0.0526315789473684,7.51275917065391,2.38560999176377,0.125094498251111,0.920595306278514,0.920595306278514,MTAP,1
GO:0010612,regulation of cardiac muscle adaptation,1/132,19/18842,0.0526315789473684,7.51275917065391,2.38560999176377,0.125094498251111,0.920595306278514,0.920595306278514,PPARG,1
GO:0010885,regulation of cholesterol storage,1/132,19/18842,0.0526315789473684,7.51275917065391,2.38560999176377,0.125094498251111,0.920595306278514,0.920595306278514,PPARG,1
GO:0021801,cerebral cortex radial glia-guided migration,1/132,19/18842,0.0526315789473684,7.51275917065391,2.38560999176377,0.125094498251111,0.920595306278514,0.920595306278514,ZMIZ1,1
GO:0022030,telencephalon glial cell migration,1/132,19/18842,0.0526315789473684,7.51275917065391,2.38560999176377,0.125094498251111,0.920595306278514,0.920595306278514,ZMIZ1,1
GO:0031076,embryonic camera-type eye development,1/132,19/18842,0.0526315789473684,7.51275917065391,2.38560999176377,0.125094498251111,0.920595306278514,0.920595306278514,PROX1,1
GO:0033081,regulation of T cell differentiation in thymus,1/132,19/18842,0.0526315789473684,7.51275917065391,2.38560999176377,0.125094498251111,0.920595306278514,0.920595306278514,RASGRP1,1
GO:0034404,nucleobase-containing small molecule biosynthetic process,1/132,19/18842,0.0526315789473684,7.51275917065391,2.38560999176377,0.125094498251111,0.920595306278514,0.920595306278514,MTAP,1
GO:0035461,vitamin transmembrane transport,1/132,19/18842,0.0526315789473684,7.51275917065391,2.38560999176377,0.125094498251111,0.920595306278514,0.920595306278514,SLC44A4,1
GO:0042659,regulation of cell fate specification,1/132,19/18842,0.0526315789473684,7.51275917065391,2.38560999176377,0.125094498251111,0.920595306278514,0.920595306278514,GATAD2A,1
GO:0043116,negative regulation of vascular permeability,1/132,19/18842,0.0526315789473684,7.51275917065391,2.38560999176377,0.125094498251111,0.920595306278514,0.920595306278514,ABCC8,1
GO:0046128,purine ribonucleoside metabolic process,1/132,19/18842,0.0526315789473684,7.51275917065391,2.38560999176377,0.125094498251111,0.920595306278514,0.920595306278514,MTAP,1
GO:0048490,anterograde synaptic vesicle transport,1/132,19/18842,0.0526315789473684,7.51275917065391,2.38560999176377,0.125094498251111,0.920595306278514,0.920595306278514,AP3S2,1
GO:0070193,synaptonemal complex organization,1/132,19/18842,0.0526315789473684,7.51275917065391,2.38560999176377,0.125094498251111,0.920595306278514,0.920595306278514,BAG6,1
GO:0098915,membrane repolarization during ventricular cardiac muscle cell action potential,1/132,19/18842,0.0526315789473684,7.51275917065391,2.38560999176377,0.125094498251111,0.920595306278514,0.920595306278514,KCNQ1,1
GO:0099514,synaptic vesicle cytoskeletal transport,1/132,19/18842,0.0526315789473684,7.51275917065391,2.38560999176377,0.125094498251111,0.920595306278514,0.920595306278514,AP3S2,1
GO:0099517,synaptic vesicle transport along microtubule,1/132,19/18842,0.0526315789473684,7.51275917065391,2.38560999176377,0.125094498251111,0.920595306278514,0.920595306278514,AP3S2,1
GO:0110076,negative regulation of ferroptosis,1/132,19/18842,0.0526315789473684,7.51275917065391,2.38560999176377,0.125094498251111,0.920595306278514,0.920595306278514,NQO1,1
GO:1901028,regulation of mitochondrial outer membrane permeabilization involved in apoptotic signaling pathway,1/132,19/18842,0.0526315789473684,7.51275917065391,2.38560999176377,0.125094498251111,0.920595306278514,0.920595306278514,HSPA1A,1
GO:1903020,positive regulation of glycoprotein metabolic process,1/132,19/18842,0.0526315789473684,7.51275917065391,2.38560999176377,0.125094498251111,0.920595306278514,0.920595306278514,TCF7L2,1
GO:1903232,melanosome assembly,1/132,19/18842,0.0526315789473684,7.51275917065391,2.38560999176377,0.125094498251111,0.920595306278514,0.920595306278514,AP3S2,1
GO:1903242,regulation of cardiac muscle hypertrophy in response to stress,1/132,19/18842,0.0526315789473684,7.51275917065391,2.38560999176377,0.125094498251111,0.920595306278514,0.920595306278514,PPARG,1
GO:1904294,positive regulation of ERAD pathway,1/132,19/18842,0.0526315789473684,7.51275917065391,2.38560999176377,0.125094498251111,0.920595306278514,0.920595306278514,BAG6,1
GO:1905244,regulation of modification of synaptic structure,1/132,19/18842,0.0526315789473684,7.51275917065391,2.38560999176377,0.125094498251111,0.920595306278514,0.920595306278514,CAMKV,1
GO:1905709,negative regulation of membrane permeability,1/132,19/18842,0.0526315789473684,7.51275917065391,2.38560999176377,0.125094498251111,0.920595306278514,0.920595306278514,HSPA1A,1
GO:2000737,negative regulation of stem cell differentiation,1/132,19/18842,0.0526315789473684,7.51275917065391,2.38560999176377,0.125094498251111,0.920595306278514,0.920595306278514,ZFP36L2,1
GO:0000209,protein polyubiquitination,4/132,273/18842,0.0146520146520147,2.09146409146409,1.52580335072918,0.125406837968788,0.921740259070588,0.921740259070588,UBE2E2/UBE3C/NQO1/RNF5,4
GO:0002695,negative regulation of leukocyte activation,3/132,176/18842,0.0170454545454545,2.43310950413223,1.6043980518906,0.126336906627374,0.92626061218075,0.92626061218075,HLA-DRB1/LST1/MICA,3
GO:0051168,nuclear export,3/132,176/18842,0.0170454545454545,2.43310950413223,1.6043980518906,0.126336906627374,0.92626061218075,0.92626061218075,CCHCR1/HHEX/DDX39B,3
GO:2000142,regulation of DNA-templated transcription initiation,2/132,88/18842,0.0227272727272727,3.24414600550964,1.77234202679328,0.126604996751556,0.927070212825843,0.927070212825843,HNF1A/HNF1B,2
GO:0009137,purine nucleoside diphosphate catabolic process,2/132,89/18842,0.0224719101123596,3.20769492679605,1.75347966113657,0.128948563164809,0.939242946469356,0.939242946469356,TIGAR/GCKR,2
GO:0009181,purine ribonucleoside diphosphate catabolic process,2/132,89/18842,0.0224719101123596,3.20769492679605,1.75347966113657,0.128948563164809,0.939242946469356,0.939242946469356,TIGAR/GCKR,2
GO:0050886,endocrine process,2/132,89/18842,0.0224719101123596,3.20769492679605,1.75347966113657,0.128948563164809,0.939242946469356,0.939242946469356,PPARG/KCNQ1,2
GO:0002840,regulation of T cell mediated immune response to tumor cell,1/132,20/18842,0.05,7.13712121212121,2.30647558029136,0.131229945641583,0.939242946469356,0.939242946469356,HLA-DRB1,1
GO:0003184,pulmonary valve morphogenesis,1/132,20/18842,0.05,7.13712121212121,2.30647558029136,0.131229945641583,0.939242946469356,0.939242946469356,NOTCH2,1
GO:0021696,cerebellar cortex morphogenesis,1/132,20/18842,0.05,7.13712121212121,2.30647558029136,0.131229945641583,0.939242946469356,0.939242946469356,PROX1,1
GO:0022401,negative adaptation of signaling pathway,1/132,20/18842,0.05,7.13712121212121,2.30647558029136,0.131229945641583,0.939242946469356,0.939242946469356,GIPR,1
GO:0023058,adaptation of signaling pathway,1/132,20/18842,0.05,7.13712121212121,2.30647558029136,0.131229945641583,0.939242946469356,0.939242946469356,GIPR,1
GO:0032413,negative regulation of ion transmembrane transporter activity,1/132,20/18842,0.05,7.13712121212121,2.30647558029136,0.131229945641583,0.939242946469356,0.939242946469356,KCNQ1,1
GO:0034104,negative regulation of tissue remodeling,1/132,20/18842,0.05,7.13712121212121,2.30647558029136,0.131229945641583,0.939242946469356,0.939242946469356,PPARG,1
GO:0034122,negative regulation of toll-like receptor signaling pathway,1/132,20/18842,0.05,7.13712121212121,2.30647558029136,0.131229945641583,0.939242946469356,0.939242946469356,NFKBIL1,1
GO:0043171,peptide catabolic process,1/132,20/18842,0.05,7.13712121212121,2.30647558029136,0.131229945641583,0.939242946469356,0.939242946469356,IDE,1
GO:0045762,positive regulation of adenylate cyclase activity,1/132,20/18842,0.05,7.13712121212121,2.30647558029136,0.131229945641583,0.939242946469356,0.939242946469356,GIPR,1
GO:0048745,smooth muscle tissue development,1/132,20/18842,0.05,7.13712121212121,2.30647558029136,0.131229945641583,0.939242946469356,0.939242946469356,PROX1,1
GO:1901569,fatty acid derivative catabolic process,1/132,20/18842,0.05,7.13712121212121,2.30647558029136,0.131229945641583,0.939242946469356,0.939242946469356,ABHD16A,1
GO:2000047,regulation of cell-cell adhesion mediated by cadherin,1/132,20/18842,0.05,7.13712121212121,2.30647558029136,0.131229945641583,0.939242946469356,0.939242946469356,NOTCH4,1
GO:0019364,pyridine nucleotide catabolic process,2/132,90/18842,0.0222222222222222,3.17205387205387,1.73488262187172,0.131302330271737,0.939242946469356,0.939242946469356,TIGAR/GCKR,2
GO:0032755,positive regulation of interleukin-6 production,2/132,90/18842,0.0222222222222222,3.17205387205387,1.73488262187172,0.131302330271737,0.939242946469356,0.939242946469356,AGER/AIF1,2
GO:0072009,nephron epithelium development,2/132,90/18842,0.0222222222222222,3.17205387205387,1.73488262187172,0.131302330271737,0.939242946469356,0.939242946469356,NOTCH2/HNF1B,2
GO:0007044,cell-substrate junction assembly,2/132,91/18842,0.021978021978022,3.13719613719614,1.71654386687245,0.133666043143633,0.954989469847584,0.954989469847584,MACF1/PEAK1,2
GO:0141188,nucleic acid catabolic process,6/132,495/18842,0.0121212121212121,1.73021120293848,1.38283577728379,0.134766821833066,0.96125883478314,0.96125883478314,ZFP36L2/IGF2BP2/ZC3H4/FTO/PABPC4/HSPA1A,6
GO:0003206,cardiac chamber morphogenesis,2/132,92/18842,0.0217391304347826,3.10309617918314,1.6984566182415,0.136039449872916,0.96125883478314,0.96125883478314,PROX1/NOTCH2,2
GO:0031110,regulation of microtubule polymerization or depolymerization,2/132,92/18842,0.0217391304347826,3.10309617918314,1.6984566182415,0.136039449872916,0.96125883478314,0.96125883478314,EML2/HSPA1A,2
GO:0071677,positive regulation of mononuclear cell migration,2/132,92/18842,0.0217391304347826,3.10309617918314,1.6984566182415,0.136039449872916,0.96125883478314,0.96125883478314,AGER/AIF1,2
GO:0001824,blastocyst development,1/132,21/18842,0.0476190476190476,6.7972582972583,2.23261067774272,0.137322690683306,0.96125883478314,0.96125883478314,POU5F1,1
GO:0006743,ubiquinone metabolic process,1/132,21/18842,0.0476190476190476,6.7972582972583,2.23261067774272,0.137322690683306,0.96125883478314,0.96125883478314,NQO1,1
GO:0010878,cholesterol storage,1/132,21/18842,0.0476190476190476,6.7972582972583,2.23261067774272,0.137322690683306,0.96125883478314,0.96125883478314,PPARG,1
GO:0019430,removal of superoxide radicals,1/132,21/18842,0.0476190476190476,6.7972582972583,2.23261067774272,0.137322690683306,0.96125883478314,0.96125883478314,NQO1,1
GO:0032410,negative regulation of transporter activity,1/132,21/18842,0.0476190476190476,6.7972582972583,2.23261067774272,0.137322690683306,0.96125883478314,0.96125883478314,KCNQ1,1
GO:0045056,transcytosis,1/132,21/18842,0.0476190476190476,6.7972582972583,2.23261067774272,0.137322690683306,0.96125883478314,0.96125883478314,AGER,1
GO:0060119,inner ear receptor cell development,1/132,21/18842,0.0476190476190476,6.7972582972583,2.23261067774272,0.137322690683306,0.96125883478314,0.96125883478314,KCNQ1,1
GO:0060352,cell adhesion molecule production,1/132,21/18842,0.0476190476190476,6.7972582972583,2.23261067774272,0.137322690683306,0.96125883478314,0.96125883478314,NOTCH4,1
GO:0071377,cellular response to glucagon stimulus,1/132,21/18842,0.0476190476190476,6.7972582972583,2.23261067774272,0.137322690683306,0.96125883478314,0.96125883478314,ADCY5,1
GO:0071474,cellular hyperosmotic response,1/132,21/18842,0.0476190476190476,6.7972582972583,2.23261067774272,0.137322690683306,0.96125883478314,0.96125883478314,NFAT5,1
GO:0072010,glomerular epithelium development,1/132,21/18842,0.0476190476190476,6.7972582972583,2.23261067774272,0.137322690683306,0.96125883478314,0.96125883478314,NOTCH2,1
GO:1901201,regulation of extracellular matrix assembly,1/132,21/18842,0.0476190476190476,6.7972582972583,2.23261067774272,0.137322690683306,0.96125883478314,0.96125883478314,PPARG,1
GO:1903579,negative regulation of ATP metabolic process,1/132,21/18842,0.0476190476190476,6.7972582972583,2.23261067774272,0.137322690683306,0.96125883478314,0.96125883478314,TIGAR,1
GO:0070372,regulation of ERK1 and ERK2 cascade,4/132,283/18842,0.0141342756183746,2.01756076667737,1.44869957388917,0.137712902786593,0.962844076557866,0.962844076557866,RASGRP1/NOTCH2/MAP2K7/AGER,4
GO:0045445,myoblast differentiation,2/132,93/18842,0.021505376344086,3.06972955360052,1.68061434960979,0.138422301543849,0.964363901750987,0.964363901750987,MBNL1/TCF7L2,2
GO:0046031,ADP metabolic process,2/132,93/18842,0.021505376344086,3.06972955360052,1.68061434960979,0.138422301543849,0.964363901750987,0.964363901750987,TIGAR/GCKR,2
GO:0072526,pyridine-containing compound catabolic process,2/132,93/18842,0.021505376344086,3.06972955360052,1.68061434960979,0.138422301543849,0.964363901750987,0.964363901750987,TIGAR/GCKR,2
GO:0001959,regulation of cytokine-mediated signaling pathway,3/132,184/18842,0.016304347826087,2.32732213438735,1.5196891070517,0.138984630098633,0.967135650863857,0.967135650863857,PPARG/AGPAT1/HSPA1A,3
GO:0009191,ribonucleoside diphosphate catabolic process,2/132,94/18842,0.0212765957446809,3.03707285622179,1.6630107741762,0.140814352203527,0.968780791849879,0.968780791849879,TIGAR/GCKR,2
GO:0042093,T-helper cell differentiation,2/132,94/18842,0.0212765957446809,3.03707285622179,1.6630107741762,0.140814352203527,0.968780791849879,0.968780791849879,HLA-DRB1/HLA-DRA,2
GO:0055088,lipid homeostasis,3/132,186/18842,0.0161290322580645,2.30229716520039,1.49919921937104,0.14221213229869,0.968780791849879,0.968780791849879,PPARG/THADA/GCKR,3
GO:0008544,epidermis development,4/132,287/18842,0.0139372822299652,1.98944145285609,1.41873935811069,0.142768260976086,0.968780791849879,0.968780791849879,SLC44A4/HLA-DRB1/CDSN/KCNQ1,4
GO:0009134,nucleoside diphosphate catabolic process,2/132,95/18842,0.0210526315789474,3.00510366826156,1.64563983343743,0.143215358833106,0.968780791849879,0.968780791849879,TIGAR/GCKR,2
GO:0032602,chemokine production,2/132,95/18842,0.0210526315789474,3.00510366826156,1.64563983343743,0.143215358833106,0.968780791849879,0.968780791849879,AGER/AIF1,2
GO:0032642,regulation of chemokine production,2/132,95/18842,0.0210526315789474,3.00510366826156,1.64563983343743,0.143215358833106,0.968780791849879,0.968780791849879,AGER/AIF1,2
GO:0001569,branching involved in blood vessel morphogenesis,1/132,22/18842,0.0454545454545455,6.48829201101929,2.16341973939849,0.14337302832901,0.968780791849879,0.968780791849879,NOTCH4,1
GO:0006658,phosphatidylserine metabolic process,1/132,22/18842,0.0454545454545455,6.48829201101929,2.16341973939849,0.14337302832901,0.968780791849879,0.968780791849879,ABHD16A,1
GO:0008228,opsonization,1/132,22/18842,0.0454545454545455,6.48829201101929,2.16341973939849,0.14337302832901,0.968780791849879,0.968780791849879,C2,1
GO:0008542,visual learning,1/132,22/18842,0.0454545454545455,6.48829201101929,2.16341973939849,0.14337302832901,0.968780791849879,0.968780791849879,ABCC8,1
GO:0009119,ribonucleoside metabolic process,1/132,22/18842,0.0454545454545455,6.48829201101929,2.16341973939849,0.14337302832901,0.968780791849879,0.968780791849879,MTAP,1
GO:0010888,negative regulation of lipid storage,1/132,22/18842,0.0454545454545455,6.48829201101929,2.16341973939849,0.14337302832901,0.968780791849879,0.968780791849879,PPARG,1
GO:0021587,cerebellum morphogenesis,1/132,22/18842,0.0454545454545455,6.48829201101929,2.16341973939849,0.14337302832901,0.968780791849879,0.968780791849879,PROX1,1
GO:0032693,negative regulation of interleukin-10 production,1/132,22/18842,0.0454545454545455,6.48829201101929,2.16341973939849,0.14337302832901,0.968780791849879,0.968780791849879,AGER,1
GO:0034114,regulation of heterotypic cell-cell adhesion,1/132,22/18842,0.0454545454545455,6.48829201101929,2.16341973939849,0.14337302832901,0.968780791849879,0.968780791849879,AGER,1
GO:0040014,regulation of multicellular organism growth,1/132,22/18842,0.0454545454545455,6.48829201101929,2.16341973939849,0.14337302832901,0.968780791849879,0.968780791849879,FTO,1
GO:0042953,lipoprotein transport,1/132,22/18842,0.0454545454545455,6.48829201101929,2.16341973939849,0.14337302832901,0.968780791849879,0.968780791849879,PPARG,1
GO:0048147,negative regulation of fibroblast proliferation,1/132,22/18842,0.0454545454545455,6.48829201101929,2.16341973939849,0.14337302832901,0.968780791849879,0.968780791849879,LTA,1
GO:0071450,cellular response to oxygen radical,1/132,22/18842,0.0454545454545455,6.48829201101929,2.16341973939849,0.14337302832901,0.968780791849879,0.968780791849879,NQO1,1
GO:0071451,cellular response to superoxide,1/132,22/18842,0.0454545454545455,6.48829201101929,2.16341973939849,0.14337302832901,0.968780791849879,0.968780791849879,NQO1,1
GO:0090083,regulation of inclusion body assembly,1/132,22/18842,0.0454545454545455,6.48829201101929,2.16341973939849,0.14337302832901,0.968780791849879,0.968780791849879,HSPA1A,1
GO:0090630,activation of GTPase activity,1/132,22/18842,0.0454545454545455,6.48829201101929,2.16341973939849,0.14337302832901,0.968780791849879,0.968780791849879,RASGRP1,1
GO:0097700,vascular endothelial cell response to laminar fluid shear stress,1/132,22/18842,0.0454545454545455,6.48829201101929,2.16341973939849,0.14337302832901,0.968780791849879,0.968780791849879,ADCY5,1
GO:0042060,wound healing,5/132,394/18842,0.0126903553299492,1.81145208429472,1.36721996845062,0.143482536371456,0.968780791849879,0.968780791849879,PPARG/MACF1/RREB1/NOTCH2/PABPC4,5
GO:0006400,tRNA modification,2/132,96/18842,0.0208333333333333,2.97380050505051,1.62849568656137,0.145625081319299,0.968780791849879,0.968780791849879,THADA/CDKAL1,2
GO:0046330,positive regulation of JNK cascade,2/132,96/18842,0.0208333333333333,2.97380050505051,1.62849568656137,0.145625081319299,0.968780791849879,0.968780791849879,MAP2K7/AGER,2
GO:0045089,positive regulation of innate immune response,5/132,396/18842,0.0126262626262626,1.80230333639425,1.35530529692058,0.145636440393453,0.968780791849879,0.968780791849879,NCR3/NFKBIL1/RASGRP1/HLA-C/HSPA1A,5
GO:0043542,endothelial cell migration,4/132,290/18842,0.0137931034482759,1.96886102403344,1.39658432390028,0.146607816152416,0.968780791849879,0.968780791849879,CSNK2B/PPARG/PROX1/BCAR1,4
GO:0043484,regulation of RNA splicing,3/132,189/18842,0.0158730158730159,2.26575276575277,1.46895160686869,0.1471002574991,0.968780791849879,0.968780791849879,MBNL1/RBM5/HSPA1A,3
GO:0045637,regulation of myeloid cell differentiation,3/132,189/18842,0.0158730158730159,2.26575276575277,1.46895160686869,0.1471002574991,0.968780791849879,0.968780791849879,HLA-DRB1/NOTCH2/HSPA1A,3
GO:0070374,positive regulation of ERK1 and ERK2 cascade,3/132,189/18842,0.0158730158730159,2.26575276575277,1.46895160686869,0.1471002574991,0.968780791849879,0.968780791849879,NOTCH2/MAP2K7/AGER,3
GO:0060485,mesenchyme development,4/132,291/18842,0.013745704467354,1.96209517859002,1.38925803304121,0.147896652077543,0.968780791849879,0.968780791849879,SLC39A10/HMGA2/TCF7L2/NOTCH4,4
GO:0000041,transition metal ion transport,2/132,97/18842,0.0206185567010309,2.94314276788504,1.61157270036076,0.14804328242611,0.968780791849879,0.968780791849879,SLC39A10/SLC30A8,2
GO:0034446,substrate adhesion-dependent cell spreading,2/132,97/18842,0.0206185567010309,2.94314276788504,1.61157270036076,0.14804328242611,0.968780791849879,0.968780791849879,RREB1/PEAK1,2
GO:0110020,regulation of actomyosin structure organization,2/132,97/18842,0.0206185567010309,2.94314276788504,1.61157270036076,0.14804328242611,0.968780791849879,0.968780791849879,ARAP1/PROX1,2
GO:0048863,stem cell differentiation,3/132,190/18842,0.0157894736842105,2.25382775119617,1.45899573266026,0.148741847885109,0.968780791849879,0.968780791849879,ZFP36L2/HMGA2/GATAD2A,3
GO:0030522,intracellular receptor signaling pathway,5/132,399/18842,0.012531328320802,1.78875218348903,1.33756004075081,0.148893538309451,0.968780791849879,0.968780791849879,PPARG/HMGA2/TCF7L2/ZMIZ1/HSPA1A,5
GO:0001919,regulation of receptor recycling,1/132,23/18842,0.0434782608695652,6.20619235836627,2.09839819445168,0.149381251509699,0.968780791849879,0.968780791849879,ARAP1,1
GO:0001945,lymph vessel development,1/132,23/18842,0.0434782608695652,6.20619235836627,2.09839819445168,0.149381251509699,0.968780791849879,0.968780791849879,PROX1,1
GO:0002424,T cell mediated immune response to tumor cell,1/132,23/18842,0.0434782608695652,6.20619235836627,2.09839819445168,0.149381251509699,0.968780791849879,0.968780791849879,HLA-DRB1,1
GO:0010985,negative regulation of lipoprotein particle clearance,1/132,23/18842,0.0434782608695652,6.20619235836627,2.09839819445168,0.149381251509699,0.968780791849879,0.968780791849879,ABCC8,1
GO:0017145,stem cell division,1/132,23/18842,0.0434782608695652,6.20619235836627,2.09839819445168,0.149381251509699,0.968780791849879,0.968780791849879,ZFP36L2,1
GO:0021575,hindbrain morphogenesis,1/132,23/18842,0.0434782608695652,6.20619235836627,2.09839819445168,0.149381251509699,0.968780791849879,0.968780791849879,PROX1,1
GO:0021799,cerebral cortex radially oriented cell migration,1/132,23/18842,0.0434782608695652,6.20619235836627,2.09839819445168,0.149381251509699,0.968780791849879,0.968780791849879,ZMIZ1,1
GO:0021884,forebrain neuron development,1/132,23/18842,0.0434782608695652,6.20619235836627,2.09839819445168,0.149381251509699,0.968780791849879,0.968780791849879,ZMIZ1,1
GO:0039694,viral RNA genome replication,1/132,23/18842,0.0434782608695652,6.20619235836627,2.09839819445168,0.149381251509699,0.968780791849879,0.968780791849879,HMGA2,1
GO:0044872,lipoprotein localization,1/132,23/18842,0.0434782608695652,6.20619235836627,2.09839819445168,0.149381251509699,0.968780791849879,0.968780791849879,PPARG,1
GO:0048806,genitalia development,1/132,23/18842,0.0434782608695652,6.20619235836627,2.09839819445168,0.149381251509699,0.968780791849879,0.968780791849879,HNF1B,1
GO:0051349,positive regulation of lyase activity,1/132,23/18842,0.0434782608695652,6.20619235836627,2.09839819445168,0.149381251509699,0.968780791849879,0.968780791849879,GIPR,1
GO:0060307,regulation of ventricular cardiac muscle cell membrane repolarization,1/132,23/18842,0.0434782608695652,6.20619235836627,2.09839819445168,0.149381251509699,0.968780791849879,0.968780791849879,KCNQ1,1
GO:0060914,heart formation,1/132,23/18842,0.0434782608695652,6.20619235836627,2.09839819445168,0.149381251509699,0.968780791849879,0.968780791849879,POU5F1,1
GO:0061158,3'-UTR-mediated mRNA destabilization,1/132,23/18842,0.0434782608695652,6.20619235836627,2.09839819445168,0.149381251509699,0.968780791849879,0.968780791849879,ZFP36L2,1
GO:0090026,positive regulation of monocyte chemotaxis,1/132,23/18842,0.0434782608695652,6.20619235836627,2.09839819445168,0.149381251509699,0.968780791849879,0.968780791849879,AIF1,1
GO:1901380,negative regulation of potassium ion transmembrane transport,1/132,23/18842,0.0434782608695652,6.20619235836627,2.09839819445168,0.149381251509699,0.968780791849879,0.968780791849879,KCNQ1,1
GO:1901661,quinone metabolic process,1/132,23/18842,0.0434782608695652,6.20619235836627,2.09839819445168,0.149381251509699,0.968780791849879,0.968780791849879,NQO1,1
GO:2000773,negative regulation of cellular senescence,1/132,23/18842,0.0434782608695652,6.20619235836627,2.09839819445168,0.149381251509699,0.968780791849879,0.968780791849879,HMGA2,1
GO:0006979,response to oxidative stress,5/132,400/18842,0.0125,1.7842803030303,1.33167835688391,0.149986167453942,0.968780791849879,0.968780791849879,PAM/NQO1/MICB/HSPA1A/AIF1,5
GO:0007610,behavior,5/132,400/18842,0.0125,1.7842803030303,1.33167835688391,0.149986167453942,0.968780791849879,0.968780791849879,ANKH/ABCC8/KCNQ1/WFS1/AGER,5
GO:0002285,lymphocyte activation involved in immune response,3/132,191/18842,0.0157068062827225,2.24202760590195,1.44910187371857,0.150389427734172,0.968780791849879,0.968780791849879,HLA-DRB1/NOTCH2/HLA-DRA,3
GO:0003007,heart morphogenesis,3/132,191/18842,0.0157068062827225,2.24202760590195,1.44910187371857,0.150389427734172,0.968780791849879,0.968780791849879,POU5F1/PROX1/NOTCH2,3
GO:0009913,epidermal cell differentiation,3/132,191/18842,0.0157068062827225,2.24202760590195,1.44910187371857,0.150389427734172,0.968780791849879,0.968780791849879,SLC44A4/CDSN/KCNQ1,3
GO:0032640,tumor necrosis factor production,3/132,191/18842,0.0157068062827225,2.24202760590195,1.44910187371857,0.150389427734172,0.968780791849879,0.968780791849879,NFKBIL1/ABCC8/AGER,3
GO:0032680,regulation of tumor necrosis factor production,3/132,191/18842,0.0157068062827225,2.24202760590195,1.44910187371857,0.150389427734172,0.968780791849879,0.968780791849879,NFKBIL1/ABCC8/AGER,3
GO:0000245,spliceosomal complex assembly,2/132,98/18842,0.0204081632653061,2.91311069882498,1.59486543982758,0.150469727766821,0.968780791849879,0.968780791849879,RBM5/DDX39B,2
GO:0043124,negative regulation of canonical NF-kappaB signal transduction,2/132,98/18842,0.0204081632653061,2.91311069882498,1.59486543982758,0.150469727766821,0.968780791849879,0.968780791849879,TLE1/NFKBIL1,2
GO:0090100,positive regulation of transmembrane receptor protein serine/threonine kinase signaling pathway,2/132,98/18842,0.0204081632653061,2.91311069882498,1.59486543982758,0.150469727766821,0.968780791849879,0.968780791849879,CSNK2B/CDKN2B,2
GO:0042176,regulation of protein catabolic process,5/132,401/18842,0.0124688279301746,1.77983072621477,1.32581321009183,0.151082232911759,0.968780791849879,0.968780791849879,CSNK2B/BAG6/IDE/NQO1/HSPA1A,5
GO:0006405,RNA export from nucleus,2/132,99/18842,0.0202020202020202,2.88368533823079,1.57836865919127,0.152904185776233,0.968780791849879,0.968780791849879,HHEX/DDX39B,2
GO:0046785,microtubule polymerization,2/132,100/18842,0.02,2.85484848484848,1.56207729346686,0.155346427683138,0.968780791849879,0.968780791849879,EML2/HSPA1A,2
GO:0050764,regulation of phagocytosis,2/132,100/18842,0.02,2.85484848484848,1.56207729346686,0.155346427683138,0.968780791849879,0.968780791849879,ARAP1/C2,2
GO:0000303,response to superoxide,1/132,24/18842,0.0416666666666667,5.94760101010101,2.03711527326717,0.155347651148401,0.968780791849879,0.968780791849879,NQO1,1
GO:0003177,pulmonary valve development,1/132,24/18842,0.0416666666666667,5.94760101010101,2.03711527326717,0.155347651148401,0.968780791849879,0.968780791849879,NOTCH2,1
GO:0006706,steroid catabolic process,1/132,24/18842,0.0416666666666667,5.94760101010101,2.03711527326717,0.155347651148401,0.968780791849879,0.968780791849879,SNX17,1
GO:0006740,NADPH regeneration,1/132,24/18842,0.0416666666666667,5.94760101010101,2.03711527326717,0.155347651148401,0.968780791849879,0.968780791849879,TIGAR,1
GO:0006817,phosphate ion transport,1/132,24/18842,0.0416666666666667,5.94760101010101,2.03711527326717,0.155347651148401,0.968780791849879,0.968780791849879,ANKH,1
GO:0008211,glucocorticoid metabolic process,1/132,24/18842,0.0416666666666667,5.94760101010101,2.03711527326717,0.155347651148401,0.968780791849879,0.968780791849879,CYP21A2,1
GO:0010460,positive regulation of heart rate,1/132,24/18842,0.0416666666666667,5.94760101010101,2.03711527326717,0.155347651148401,0.968780791849879,0.968780791849879,KCNQ1,1
GO:0010988,regulation of low-density lipoprotein particle clearance,1/132,24/18842,0.0416666666666667,5.94760101010101,2.03711527326717,0.155347651148401,0.968780791849879,0.968780791849879,ABCC8,1
GO:0015867,ATP transport,1/132,24/18842,0.0416666666666667,5.94760101010101,2.03711527326717,0.155347651148401,0.968780791849879,0.968780791849879,ANKH,1
GO:0032785,"negative regulation of DNA-templated transcription, elongation",1/132,24/18842,0.0416666666666667,5.94760101010101,2.03711527326717,0.155347651148401,0.968780791849879,0.968780791849879,ZC3H4,1
GO:0032925,regulation of activin receptor signaling pathway,1/132,24/18842,0.0416666666666667,5.94760101010101,2.03711527326717,0.155347651148401,0.968780791849879,0.968780791849879,CSNK2B,1
GO:0035929,steroid hormone secretion,1/132,24/18842,0.0416666666666667,5.94760101010101,2.03711527326717,0.155347651148401,0.968780791849879,0.968780791849879,KCNQ1,1
GO:0042104,positive regulation of activated T cell proliferation,1/132,24/18842,0.0416666666666667,5.94760101010101,2.03711527326717,0.155347651148401,0.968780791849879,0.968780791849879,AGER,1
GO:0042278,purine nucleoside metabolic process,1/132,24/18842,0.0416666666666667,5.94760101010101,2.03711527326717,0.155347651148401,0.968780791849879,0.968780791849879,MTAP,1
GO:0043101,purine-containing compound salvage,1/132,24/18842,0.0416666666666667,5.94760101010101,2.03711527326717,0.155347651148401,0.968780791849879,0.968780791849879,MTAP,1
GO:0045980,negative regulation of nucleotide metabolic process,1/132,24/18842,0.0416666666666667,5.94760101010101,2.03711527326717,0.155347651148401,0.968780791849879,0.968780791849879,TIGAR,1
GO:0048143,astrocyte activation,1/132,24/18842,0.0416666666666667,5.94760101010101,2.03711527326717,0.155347651148401,0.968780791849879,0.968780791849879,AGER,1
GO:0051131,chaperone-mediated protein complex assembly,1/132,24/18842,0.0416666666666667,5.94760101010101,2.03711527326717,0.155347651148401,0.968780791849879,0.968780791849879,HSPA1A,1
GO:0097623,potassium ion export across plasma membrane,1/132,24/18842,0.0416666666666667,5.94760101010101,2.03711527326717,0.155347651148401,0.968780791849879,0.968780791849879,KCNQ1,1
GO:1900151,"regulation of nuclear-transcribed mRNA catabolic process, deadenylation-dependent decay",1/132,24/18842,0.0416666666666667,5.94760101010101,2.03711527326717,0.155347651148401,0.968780791849879,0.968780791849879,ZFP36L2,1
GO:1900543,negative regulation of purine nucleotide metabolic process,1/132,24/18842,0.0416666666666667,5.94760101010101,2.03711527326717,0.155347651148401,0.968780791849879,0.968780791849879,TIGAR,1
GO:1901381,positive regulation of potassium ion transmembrane transport,1/132,24/18842,0.0416666666666667,5.94760101010101,2.03711527326717,0.155347651148401,0.968780791849879,0.968780791849879,KCNQ1,1
GO:1902644,tertiary alcohol metabolic process,1/132,24/18842,0.0416666666666667,5.94760101010101,2.03711527326717,0.155347651148401,0.968780791849879,0.968780791849879,CYP21A2,1
GO:1903523,negative regulation of blood circulation,1/132,24/18842,0.0416666666666667,5.94760101010101,2.03711527326717,0.155347651148401,0.968780791849879,0.968780791849879,AGER,1
GO:2000209,regulation of anoikis,1/132,24/18842,0.0416666666666667,5.94760101010101,2.03711527326717,0.155347651148401,0.968780791849879,0.968780791849879,TLE1,1
GO:0001659,temperature homeostasis,3/132,194/18842,0.0154639175257732,2.20735707591378,1.41978476953983,0.155367395699734,0.968780791849879,0.968780791849879,THADA/FTO/IP6K1,3
GO:0022408,negative regulation of cell-cell adhesion,3/132,194/18842,0.0154639175257732,2.20735707591378,1.41978476953983,0.155367395699734,0.968780791849879,0.968780791849879,HLA-DRB1/CDSN/NOTCH4,3
GO:0090092,regulation of transmembrane receptor protein serine/threonine kinase signaling pathway,4/132,297/18842,0.0134680134680135,1.92245689215386,1.34590043196435,0.155721800001239,0.969962059329753,0.969962059329753,CSNK2B/CDKN2B/PPARG/HSPA1A,4
GO:0010596,negative regulation of endothelial cell migration,2/132,101/18842,0.0198019801980198,2.82658265826583,1.54598645046156,0.157796227483043,0.975599171915723,0.975599171915723,CSNK2B/PPARG,2
GO:0042116,macrophage activation,2/132,101/18842,0.0198019801980198,2.82658265826583,1.54598645046156,0.157796227483043,0.975599171915723,0.975599171915723,AGER/AIF1,2
GO:0051345,positive regulation of hydrolase activity,2/132,101/18842,0.0198019801980198,2.82658265826583,1.54598645046156,0.157796227483043,0.975599171915723,0.975599171915723,ARAP1/RASGRP1,2
GO:0150115,cell-substrate junction organization,2/132,101/18842,0.0198019801980198,2.82658265826583,1.54598645046156,0.157796227483043,0.975599171915723,0.975599171915723,MACF1/PEAK1,2
GO:0006913,nucleocytoplasmic transport,4/132,299/18842,0.0133779264214047,1.90959764872808,1.33167108751298,0.1583645182756,0.975599171915723,0.975599171915723,CCHCR1/HHEX/GCKR/DDX39B,4
GO:0051169,nuclear transport,4/132,299/18842,0.0133779264214047,1.90959764872808,1.33167108751298,0.1583645182756,0.975599171915723,0.975599171915723,CCHCR1/HHEX/GCKR/DDX39B,4
GO:0060759,regulation of response to cytokine stimulus,3/132,196/18842,0.0153061224489796,2.18483302411874,1.40053637497122,0.158714690633784,0.975599171915723,0.975599171915723,PPARG/AGPAT1/HSPA1A,3
GO:0071706,tumor necrosis factor superfamily cytokine production,3/132,196/18842,0.0153061224489796,2.18483302411874,1.40053637497122,0.158714690633784,0.975599171915723,0.975599171915723,NFKBIL1/ABCC8/AGER,3
GO:1903555,regulation of tumor necrosis factor superfamily cytokine production,3/132,196/18842,0.0153061224489796,2.18483302411874,1.40053637497122,0.158714690633784,0.975599171915723,0.975599171915723,NFKBIL1/ABCC8/AGER,3
GO:0019751,polyol metabolic process,2/132,102/18842,0.0196078431372549,2.79887106357695,1.53009140321064,0.16025336191113,0.975599171915723,0.975599171915723,PPIP5K2/IP6K1,2
GO:2001243,negative regulation of intrinsic apoptotic signaling pathway,2/132,102/18842,0.0196078431372549,2.79887106357695,1.53009140321064,0.16025336191113,0.975599171915723,0.975599171915723,WFS1/HSPA1A,2
GO:0032869,cellular response to insulin stimulus,3/132,197/18842,0.0152284263959391,2.17374250115367,1.39099893191523,0.160396721119256,0.975599171915723,0.975599171915723,PPARG/IDE/BCAR1,3
GO:0000305,response to oxygen radical,1/132,25/18842,0.04,5.70969696969697,1.97920064248489,0.161272516173824,0.975599171915723,0.975599171915723,NQO1,1
GO:0003299,muscle hypertrophy in response to stress,1/132,25/18842,0.04,5.70969696969697,1.97920064248489,0.161272516173824,0.975599171915723,0.975599171915723,PPARG,1
GO:0006972,hyperosmotic response,1/132,25/18842,0.04,5.70969696969697,1.97920064248489,0.161272516173824,0.975599171915723,0.975599171915723,NFAT5,1
GO:0009190,cyclic nucleotide biosynthetic process,1/132,25/18842,0.04,5.70969696969697,1.97920064248489,0.161272516173824,0.975599171915723,0.975599171915723,ADCY5,1
GO:0014887,cardiac muscle adaptation,1/132,25/18842,0.04,5.70969696969697,1.97920064248489,0.161272516173824,0.975599171915723,0.975599171915723,PPARG,1
GO:0014898,cardiac muscle hypertrophy in response to stress,1/132,25/18842,0.04,5.70969696969697,1.97920064248489,0.161272516173824,0.975599171915723,0.975599171915723,PPARG,1
GO:0016188,synaptic vesicle maturation,1/132,25/18842,0.04,5.70969696969697,1.97920064248489,0.161272516173824,0.975599171915723,0.975599171915723,ATP6V1G2,1
GO:0031281,positive regulation of cyclase activity,1/132,25/18842,0.04,5.70969696969697,1.97920064248489,0.161272516173824,0.975599171915723,0.975599171915723,GIPR,1
GO:0035313,"wound healing, spreading of epidermal cells",1/132,25/18842,0.04,5.70969696969697,1.97920064248489,0.161272516173824,0.975599171915723,0.975599171915723,RREB1,1
GO:0038095,Fc-epsilon receptor signaling pathway,1/132,25/18842,0.04,5.70969696969697,1.97920064248489,0.161272516173824,0.975599171915723,0.975599171915723,MAP2K7,1
GO:0046058,cAMP metabolic process,1/132,25/18842,0.04,5.70969696969697,1.97920064248489,0.161272516173824,0.975599171915723,0.975599171915723,ADCY5,1
GO:0097345,mitochondrial outer membrane permeabilization,1/132,25/18842,0.04,5.70969696969697,1.97920064248489,0.161272516173824,0.975599171915723,0.975599171915723,HSPA1A,1
GO:1901659,glycosyl compound biosynthetic process,1/132,25/18842,0.04,5.70969696969697,1.97920064248489,0.161272516173824,0.975599171915723,0.975599171915723,MTAP,1
GO:1901673,regulation of mitotic spindle assembly,1/132,25/18842,0.04,5.70969696969697,1.97920064248489,0.161272516173824,0.975599171915723,0.975599171915723,HSPA1A,1
GO:1904996,positive regulation of leukocyte adhesion to vascular endothelial cell,1/132,25/18842,0.04,5.70969696969697,1.97920064248489,0.161272516173824,0.975599171915723,0.975599171915723,NFAT5,1
GO:1905563,negative regulation of vascular endothelial cell proliferation,1/132,25/18842,0.04,5.70969696969697,1.97920064248489,0.161272516173824,0.975599171915723,0.975599171915723,PPARG,1
GO:0010810,regulation of cell-substrate adhesion,3/132,198/18842,0.0151515151515152,2.16276400367309,1.38151839914353,0.162084246300103,0.978496271298361,0.978496271298361,MACF1/RREB1/PEAK1,3
GO:0050866,negative regulation of cell activation,3/132,198/18842,0.0151515151515152,2.16276400367309,1.38151839914353,0.162084246300103,0.978496271298361,0.978496271298361,HLA-DRB1/LST1/MICA,3
GO:0060070,canonical Wnt signaling pathway,4/132,304/18842,0.0131578947368421,1.87818979266348,1.29656944997717,0.165043989014661,0.992144923561553,0.992144923561553,TLE1/POU5F1/TCF7L2/HHEX,4
GO:0009135,purine nucleoside diphosphate metabolic process,2/132,104/18842,0.0192307692307692,2.74504662004662,1.49887057165888,0.165188755130401,0.992144923561553,0.992144923561553,TIGAR/GCKR,2
GO:0009179,purine ribonucleoside diphosphate metabolic process,2/132,104/18842,0.0192307692307692,2.74504662004662,1.49887057165888,0.165188755130401,0.992144923561553,0.992144923561553,TIGAR/GCKR,2
GO:0045446,endothelial cell differentiation,2/132,104/18842,0.0192307692307692,2.74504662004662,1.49887057165888,0.165188755130401,0.992144923561553,0.992144923561553,PROX1/NOTCH4,2
GO:1904892,regulation of receptor signaling pathway via STAT,2/132,104/18842,0.0192307692307692,2.74504662004662,1.49887057165888,0.165188755130401,0.992144923561553,0.992144923561553,PPARG/HMGA2,2
GO:0001667,ameboidal-type cell migration,3/132,200/18842,0.015,2.14113636363636,1.36272535819737,0.165475499331389,0.992852995988334,0.992852995988334,PTPRG/MACF1/RREB1,3
GO:0045577,regulation of B cell differentiation,1/132,26/18842,0.0384615384615385,5.49009324009324,1.9243338880327,0.167156133533927,0.992942454448503,0.992942454448503,ZFP36L2,1
GO:0045672,positive regulation of osteoclast differentiation,1/132,26/18842,0.0384615384615385,5.49009324009324,1.9243338880327,0.167156133533927,0.992942454448503,0.992942454448503,NOTCH2,1
GO:0048048,embryonic eye morphogenesis,1/132,26/18842,0.0384615384615385,5.49009324009324,1.9243338880327,0.167156133533927,0.992942454448503,0.992942454448503,PROX1,1
GO:0060333,type II interferon-mediated signaling pathway,1/132,26/18842,0.0384615384615385,5.49009324009324,1.9243338880327,0.167156133533927,0.992942454448503,0.992942454448503,PPARG,1
GO:0061180,mammary gland epithelium development,1/132,26/18842,0.0384615384615385,5.49009324009324,1.9243338880327,0.167156133533927,0.992942454448503,0.992942454448503,RREB1,1
GO:0090594,inflammatory response to wounding,1/132,26/18842,0.0384615384615385,5.49009324009324,1.9243338880327,0.167156133533927,0.992942454448503,0.992942454448503,PPARG,1
GO:1902993,positive regulation of amyloid precursor protein catabolic process,1/132,26/18842,0.0384615384615385,5.49009324009324,1.9243338880327,0.167156133533927,0.992942454448503,0.992942454448503,AGER,1
GO:1904177,regulation of adipose tissue development,1/132,26/18842,0.0384615384615385,5.49009324009324,1.9243338880327,0.167156133533927,0.992942454448503,0.992942454448503,PPARG,1
GO:1904292,regulation of ERAD pathway,1/132,26/18842,0.0384615384615385,5.49009324009324,1.9243338880327,0.167156133533927,0.992942454448503,0.992942454448503,BAG6,1
GO:0002573,myeloid leukocyte differentiation,3/132,201/18842,0.0149253731343284,2.13048394391678,1.35341152570258,0.16717908671837,0.992942454448503,0.992942454448503,PPARG/HLA-DRB1/NOTCH2,3
GO:0032456,endocytic recycling,2/132,105/18842,0.0190476190476191,2.71890331890332,1.48353609697418,0.167666580850312,0.994832992330812,0.994832992330811,SNX17/VTI1A,2
GO:0006637,acyl-CoA metabolic process,2/132,106/18842,0.0188679245283019,2.69325328759291,1.4683800247466,0.170150875003432,1,1,PPT2/GPAT4,2
GO:0051224,negative regulation of protein transport,2/132,106/18842,0.0188679245283019,2.69325328759291,1.4683800247466,0.170150875003432,1,1,KCNJ11/ABCC8,2
GO:0006873,intracellular monoatomic ion homeostasis,5/132,418/18842,0.0119617224880383,1.70744526605771,1.22854500312713,0.170224001633486,1,1,SLC39A10/SLC30A8/THADA/KCNQ1/WFS1,5
GO:0019318,hexose metabolic process,3/132,203/18842,0.0147783251231527,2.10949395432154,1.33494600963989,0.170601832875536,1,1,KCNJ11/TCF7L2/KCNQ1,3
GO:0061448,connective tissue development,3/132,203/18842,0.0147783251231527,2.10949395432154,1.33494600963989,0.170601832875536,1,1,PPARG/HMGA2/FTO,3
GO:0043367,"CD4-positive, alpha-beta T cell differentiation",2/132,107/18842,0.0186915887850467,2.66808269612008,1.45339835392664,0.172641427626024,1,1,HLA-DRB1/HLA-DRA,2
GO:0002313,mature B cell differentiation involved in immune response,1/132,27/18842,0.037037037037037,5.28675645342312,1.87223615504287,0.17299878820939,1,1,NOTCH2,1
GO:0006910,"phagocytosis, recognition",1/132,27/18842,0.037037037037037,5.28675645342312,1.87223615504287,0.17299878820939,1,1,C2,1
GO:0007632,visual behavior,1/132,27/18842,0.037037037037037,5.28675645342312,1.87223615504287,0.17299878820939,1,1,ABCC8,1
GO:0010875,positive regulation of cholesterol efflux,1/132,27/18842,0.037037037037037,5.28675645342312,1.87223615504287,0.17299878820939,1,1,PPARG,1
GO:0035909,aorta morphogenesis,1/132,27/18842,0.037037037037037,5.28675645342312,1.87223615504287,0.17299878820939,1,1,PROX1,1
GO:0046426,negative regulation of receptor signaling pathway via JAK-STAT,1/132,27/18842,0.037037037037037,5.28675645342312,1.87223615504287,0.17299878820939,1,1,HMGA2,1
GO:0051491,positive regulation of filopodium assembly,1/132,27/18842,0.037037037037037,5.28675645342312,1.87223615504287,0.17299878820939,1,1,ARAP1,1
GO:0060155,platelet dense granule organization,1/132,27/18842,0.037037037037037,5.28675645342312,1.87223615504287,0.17299878820939,1,1,AP3S2,1
GO:1900745,positive regulation of p38MAPK cascade,1/132,27/18842,0.037037037037037,5.28675645342312,1.87223615504287,0.17299878820939,1,1,AGER,1
GO:1903054,negative regulation of extracellular matrix organization,1/132,27/18842,0.037037037037037,5.28675645342312,1.87223615504287,0.17299878820939,1,1,PPARG,1
GO:2001032,regulation of double-strand break repair via nonhomologous end joining,1/132,27/18842,0.037037037037037,5.28675645342312,1.87223615504287,0.17299878820939,1,1,HMGA2,1
GO:0002698,negative regulation of immune effector process,2/132,108/18842,0.0185185185185185,2.64337822671156,1.43858721093688,0.175138031336734,1,1,MICA/HLA-B,2
GO:0007265,Ras protein signal transduction,2/132,108/18842,0.0185185185185185,2.64337822671156,1.43858721093688,0.175138031336734,1,1,RASGRP1/NOTCH2,2
GO:0006403,RNA localization,3/132,206/18842,0.0145631067961165,2.07877316857899,1.30764374882704,0.175773833010054,1,1,IGF2BP2/HHEX/DDX39B,3
GO:0071805,potassium ion transmembrane transport,3/132,206/18842,0.0145631067961165,2.07877316857899,1.30764374882704,0.175773833010054,1,1,KCNJ11/ABCC8/KCNQ1,3
GO:0045787,positive regulation of cell cycle,4/132,312/18842,0.0128205128205128,1.83003108003108,1.2417552035467,0.175938633211903,1,1,CCND2/UBE2E2/PROX1/AIF1,4
GO:0002761,regulation of myeloid leukocyte differentiation,2/132,109/18842,0.018348623853211,2.61912705031971,1.42394284445461,0.177640481311181,1,1,HLA-DRB1/NOTCH2,2
GO:0030218,erythrocyte differentiation,2/132,109/18842,0.018348623853211,2.61912705031971,1.42394284445461,0.177640481311181,1,1,KCNQ1/HSPA1A,2
GO:2001235,positive regulation of apoptotic signaling pathway,2/132,109/18842,0.018348623853211,2.61912705031971,1.42394284445461,0.177640481311181,1,1,PPARG/LTA,2
GO:0007595,lactation,1/132,28/18842,0.0357142857142857,5.09794372294372,1.82266344025493,0.178800763227002,1,1,GPAT4,1
GO:0010894,negative regulation of steroid biosynthetic process,1/132,28/18842,0.0357142857142857,5.09794372294372,1.82266344025493,0.178800763227002,1,1,PROX1,1
GO:0033120,positive regulation of RNA splicing,1/132,28/18842,0.0357142857142857,5.09794372294372,1.82266344025493,0.178800763227002,1,1,HSPA1A,1
GO:0035872,"nucleotide-binding domain, leucine rich repeat containing receptor signaling pathway",1/132,28/18842,0.0357142857142857,5.09794372294372,1.82266344025493,0.178800763227002,1,1,HSPA1A,1
GO:0043921,host-mediated perturbation of viral transcription,1/132,28/18842,0.0357142857142857,5.09794372294372,1.82266344025493,0.178800763227002,1,1,HMGA2,1
GO:0045947,negative regulation of translational initiation,1/132,28/18842,0.0357142857142857,5.09794372294372,1.82266344025493,0.178800763227002,1,1,HHEX,1
GO:0046949,fatty-acyl-CoA biosynthetic process,1/132,28/18842,0.0357142857142857,5.09794372294372,1.82266344025493,0.178800763227002,1,1,PPT2,1
GO:0051156,glucose 6-phosphate metabolic process,1/132,28/18842,0.0357142857142857,5.09794372294372,1.82266344025493,0.178800763227002,1,1,TIGAR,1
GO:0060113,inner ear receptor cell differentiation,1/132,28/18842,0.0357142857142857,5.09794372294372,1.82266344025493,0.178800763227002,1,1,KCNQ1,1
GO:0072012,glomerulus vasculature development,1/132,28/18842,0.0357142857142857,5.09794372294372,1.82266344025493,0.178800763227002,1,1,NOTCH2,1
GO:0097699,vascular endothelial cell response to fluid shear stress,1/132,28/18842,0.0357142857142857,5.09794372294372,1.82266344025493,0.178800763227002,1,1,ADCY5,1
GO:0099505,regulation of presynaptic membrane potential,1/132,28/18842,0.0357142857142857,5.09794372294372,1.82266344025493,0.178800763227002,1,1,KCNJ11,1
GO:0099623,regulation of cardiac muscle cell membrane repolarization,1/132,28/18842,0.0357142857142857,5.09794372294372,1.82266344025493,0.178800763227002,1,1,KCNQ1,1
GO:0098813,nuclear chromosome segregation,4/132,315/18842,0.0126984126984127,1.81260221260221,1.22161054605605,0.180087073420559,1,1,BAG6/MSH5/KIF11/HSPA1A,4
GO:0010821,regulation of mitochondrion organization,2/132,110/18842,0.0181818181818182,2.59531680440771,1.40946162045415,0.18014857525677,1,1,PPARG/HSPA1A,2
GO:0019079,viral genome replication,2/132,110/18842,0.0181818181818182,2.59531680440771,1.40946162045415,0.18014857525677,1,1,HMGA2/PROX1,2
GO:0072073,kidney epithelium development,2/132,110/18842,0.0181818181818182,2.59531680440771,1.40946162045415,0.18014857525677,1,1,NOTCH2/HNF1B,2
GO:0090263,positive regulation of canonical Wnt signaling pathway,2/132,110/18842,0.0181818181818182,2.59531680440771,1.40946162045415,0.18014857525677,1,1,POU5F1/HHEX,2
GO:1901800,positive regulation of proteasomal protein catabolic process,2/132,110/18842,0.0181818181818182,2.59531680440771,1.40946162045415,0.18014857525677,1,1,BAG6/HSPA1A,2
GO:0043410,positive regulation of MAPK cascade,5/132,428/18842,0.0116822429906542,1.66755168507505,1.17336940020884,0.181909716538846,1,1,RASGRP1/MST1R/NOTCH2/MAP2K7/AGER,5
GO:0003205,cardiac chamber development,2/132,111/18842,0.018018018018018,2.57193557193557,1.39514001749359,0.182662113387734,1,1,PROX1/NOTCH2,2
GO:0031640,killing of cells of another organism,2/132,111/18842,0.018018018018018,2.57193557193557,1.39514001749359,0.182662113387734,1,1,MICA/MICB,2
GO:0141061,disruption of cell in another organism,2/132,111/18842,0.018018018018018,2.57193557193557,1.39514001749359,0.182662113387734,1,1,MICA/MICB,2
GO:0006605,protein targeting,3/132,210/18842,0.0142857142857143,2.03917748917749,1.27195482370231,0.182737624794741,1,1,BAG6/SSR1/MON1A,3
GO:0099504,synaptic vesicle cycle,3/132,210/18842,0.0142857142857143,2.03917748917749,1.27195482370231,0.182737624794741,1,1,SYN2/ATP6V1G2/AP3S2,3
GO:0033002,muscle cell proliferation,3/132,211/18842,0.014218009478673,2.02951314088755,1.26315628053355,0.184490217372304,1,1,PPARG/TCF7L2/AIF1,3
GO:0002335,mature B cell differentiation,1/132,29/18842,0.0344827586206897,4.92215256008359,1.77540116394163,0.184562339672948,1,1,NOTCH2,1
GO:0014002,astrocyte development,1/132,29/18842,0.0344827586206897,4.92215256008359,1.77540116394163,0.184562339672948,1,1,AGER,1
GO:0021795,cerebral cortex cell migration,1/132,29/18842,0.0344827586206897,4.92215256008359,1.77540116394163,0.184562339672948,1,1,ZMIZ1,1
GO:0033762,response to glucagon,1/132,29/18842,0.0344827586206897,4.92215256008359,1.77540116394163,0.184562339672948,1,1,ADCY5,1
GO:0035357,peroxisome proliferator activated receptor signaling pathway,1/132,29/18842,0.0344827586206897,4.92215256008359,1.77540116394163,0.184562339672948,1,1,PPARG,1
GO:0070306,lens fiber cell differentiation,1/132,29/18842,0.0344827586206897,4.92215256008359,1.77540116394163,0.184562339672948,1,1,PROX1,1
GO:0070841,inclusion body assembly,1/132,29/18842,0.0344827586206897,4.92215256008359,1.77540116394163,0.184562339672948,1,1,HSPA1A,1
GO:0086013,membrane repolarization during cardiac muscle cell action potential,1/132,29/18842,0.0344827586206897,4.92215256008359,1.77540116394163,0.184562339672948,1,1,KCNQ1,1
GO:0099625,ventricular cardiac muscle cell membrane repolarization,1/132,29/18842,0.0344827586206897,4.92215256008359,1.77540116394163,0.184562339672948,1,1,KCNQ1,1
GO:1903715,regulation of aerobic respiration,1/132,29/18842,0.0344827586206897,4.92215256008359,1.77540116394163,0.184562339672948,1,1,IDE,1
GO:0007127,meiosis I,2/132,112/18842,0.0178571428571429,2.54897186147186,1.38097462223187,0.185180898400387,1,1,BAG6/MSH5,2
GO:0034101,erythrocyte homeostasis,2/132,112/18842,0.0178571428571429,2.54897186147186,1.38097462223187,0.185180898400387,1,1,KCNQ1/HSPA1A,2
GO:0048193,Golgi vesicle transport,4/132,319/18842,0.0125391849529781,1.78987365821222,1.19508654099605,0.185669419273946,1,1,MACF1/AP3S2/ANK1/VTI1A,4
GO:0006090,pyruvate metabolic process,2/132,113/18842,0.0176991150442478,2.52641458836149,1.36696212516297,0.187704735448606,1,1,TIGAR/GCKR,2
GO:0044092,negative regulation of molecular function,3/132,213/18842,0.0140845070422535,2.01045667947076,1.24570376220716,0.18800889474727,1,1,HMGA2/KCNQ1/GCKR,3
GO:0044772,mitotic cell cycle phase transition,5/132,434/18842,0.0115207373271889,1.64449797514314,1.14094619884488,0.189062618558396,1,1,CDKN2B/ZFP36L2/CCND2/UBE2E2/AIF1,5
GO:0048872,homeostasis of number of cells,3/132,214/18842,0.014018691588785,2.00106202209006,1.23704872006973,0.18977484268671,1,1,KCNQ1/LTA/HSPA1A,3
GO:1904950,negative regulation of establishment of protein localization,2/132,114/18842,0.0175438596491228,2.50425305688464,1.35309931655488,0.190233432119525,1,1,KCNJ11/ABCC8,2
GO:0031116,positive regulation of microtubule polymerization,1/132,30/18842,0.0333333333333333,4.75808080808081,1.73025974231351,0.190283796706019,1,1,HSPA1A,1
GO:0032633,interleukin-4 production,1/132,30/18842,0.0333333333333333,4.75808080808081,1.73025974231351,0.190283796706019,1,1,HLA-DRB1,1
GO:0032673,regulation of interleukin-4 production,1/132,30/18842,0.0333333333333333,4.75808080808081,1.73025974231351,0.190283796706019,1,1,HLA-DRB1,1
GO:0033198,response to ATP,1/132,30/18842,0.0333333333333333,4.75808080808081,1.73025974231351,0.190283796706019,1,1,KCNJ11,1
GO:0043267,negative regulation of potassium ion transport,1/132,30/18842,0.0333333333333333,4.75808080808081,1.73025974231351,0.190283796706019,1,1,KCNQ1,1
GO:0045761,regulation of adenylate cyclase activity,1/132,30/18842,0.0333333333333333,4.75808080808081,1.73025974231351,0.190283796706019,1,1,GIPR,1
GO:0048645,animal organ formation,1/132,30/18842,0.0333333333333333,4.75808080808081,1.73025974231351,0.190283796706019,1,1,POU5F1,1
GO:0050974,detection of mechanical stimulus involved in sensory perception,1/132,30/18842,0.0333333333333333,4.75808080808081,1.73025974231351,0.190283796706019,1,1,KCNQ1,1
GO:0051497,negative regulation of stress fiber assembly,1/132,30/18842,0.0333333333333333,4.75808080808081,1.73025974231351,0.190283796706019,1,1,ARAP1,1
GO:0055075,potassium ion homeostasis,1/132,30/18842,0.0333333333333333,4.75808080808081,1.73025974231351,0.190283796706019,1,1,KCNQ1,1
GO:0061437,renal system vasculature development,1/132,30/18842,0.0333333333333333,4.75808080808081,1.73025974231351,0.190283796706019,1,1,NOTCH2,1
GO:0061440,kidney vasculature development,1/132,30/18842,0.0333333333333333,4.75808080808081,1.73025974231351,0.190283796706019,1,1,NOTCH2,1
GO:0090140,regulation of mitochondrial fission,1/132,30/18842,0.0333333333333333,4.75808080808081,1.73025974231351,0.190283796706019,1,1,PPARG,1
GO:0110075,regulation of ferroptosis,1/132,30/18842,0.0333333333333333,4.75808080808081,1.73025974231351,0.190283796706019,1,1,NQO1,1
GO:0140058,neuron projection arborization,1/132,30/18842,0.0333333333333333,4.75808080808081,1.73025974231351,0.190283796706019,1,1,MACF1,1
GO:1902110,positive regulation of mitochondrial membrane permeability involved in apoptotic process,1/132,30/18842,0.0333333333333333,4.75808080808081,1.73025974231351,0.190283796706019,1,1,HSPA1A,1
GO:2000648,positive regulation of stem cell proliferation,1/132,30/18842,0.0333333333333333,4.75808080808081,1.73025974231351,0.190283796706019,1,1,HMGA2,1
GO:0045732,positive regulation of protein catabolic process,3/132,215/18842,0.013953488372093,1.99175475687104,1.22844045876148,0.191545105847913,1,1,BAG6/IDE/HSPA1A,3
GO:0042752,regulation of circadian rhythm,2/132,115/18842,0.0173913043478261,2.48247694334651,1.33938308258175,0.192766798409447,1,1,PPARG/PROX1,2
GO:0070555,response to interleukin-1,2/132,115/18842,0.0173913043478261,2.48247694334651,1.33938308258175,0.192766798409447,1,1,SLC30A8/MAP2K7,2
GO:0046034,ATP metabolic process,3/132,216/18842,0.0138888888888889,1.98253367003367,1.2198784657288,0.193319616247534,1,1,TIGAR/GCKR/HSPA1A,3
GO:0071375,cellular response to peptide hormone stimulus,4/132,325/18842,0.0123076923076923,1.75682983682984,1.15599687205186,0.194148085431368,1,1,PPARG/IDE/ADCY5/BCAR1,4
GO:0032760,positive regulation of tumor necrosis factor production,2/132,116/18842,0.0172413793103448,2.4610762800418,1.32581040163847,0.19530464669997,1,1,ABCC8/AGER,2
GO:0046683,response to organophosphorus,2/132,116/18842,0.0172413793103448,2.4610762800418,1.32581040163847,0.19530464669997,1,1,KCNJ11/KCNQ1,2
GO:0010661,positive regulation of muscle cell apoptotic process,1/132,31/18842,0.032258064516129,4.60459433040078,1.68707094933431,0.195965411570723,1,1,PPARG,1
GO:0021695,cerebellar cortex development,1/132,31/18842,0.032258064516129,4.60459433040078,1.68707094933431,0.195965411570723,1,1,PROX1,1
GO:0030511,positive regulation of transforming growth factor beta receptor signaling pathway,1/132,31/18842,0.032258064516129,4.60459433040078,1.68707094933431,0.195965411570723,1,1,CDKN2B,1
GO:0038179,neurotrophin signaling pathway,1/132,31/18842,0.032258064516129,4.60459433040078,1.68707094933431,0.195965411570723,1,1,BCAR1,1
GO:0045048,protein insertion into ER membrane,1/132,31/18842,0.032258064516129,4.60459433040078,1.68707094933431,0.195965411570723,1,1,BAG6,1
GO:0046717,acid secretion,1/132,31/18842,0.032258064516129,4.60459433040078,1.68707094933431,0.195965411570723,1,1,KCNQ1,1
GO:0060765,regulation of androgen receptor signaling pathway,1/132,31/18842,0.032258064516129,4.60459433040078,1.68707094933431,0.195965411570723,1,1,TCF7L2,1
GO:0071499,cellular response to laminar fluid shear stress,1/132,31/18842,0.032258064516129,4.60459433040078,1.68707094933431,0.195965411570723,1,1,ADCY5,1
GO:0071875,adrenergic receptor signaling pathway,1/132,31/18842,0.032258064516129,4.60459433040078,1.68707094933431,0.195965411570723,1,1,KCNQ1,1
GO:0097707,ferroptosis,1/132,31/18842,0.032258064516129,4.60459433040078,1.68707094933431,0.195965411570723,1,1,NQO1,1
GO:0120255,olefinic compound biosynthetic process,1/132,31/18842,0.032258064516129,4.60459433040078,1.68707094933431,0.195965411570723,1,1,CYP21A2,1
GO:1903055,positive regulation of extracellular matrix organization,1/132,31/18842,0.032258064516129,4.60459433040078,1.68707094933431,0.195965411570723,1,1,TNXB,1
GO:1903846,positive regulation of cellular response to transforming growth factor beta stimulus,1/132,31/18842,0.032258064516129,4.60459433040078,1.68707094933431,0.195965411570723,1,1,CDKN2B,1
GO:0015711,organic anion transport,5/132,440/18842,0.0113636363636364,1.62207300275482,1.10901450288474,0.196316498180588,1,1,PPARG/SLC44A4/SLC39A10/ANKH/SLCO6A1,5
GO:0017148,negative regulation of translation,3/132,218/18842,0.0137614678899083,1.96434528773978,1.20289127444562,0.196881107765558,1,1,ZFP36L2/IGF2BP2/HHEX,3
GO:0050878,regulation of body fluid levels,4/132,327/18842,0.0122324159021407,1.74608470021314,1.14314731041246,0.197001275588688,1,1,ADCY5/GPAT4/WFS1/PABPC4,4
GO:0009185,ribonucleoside diphosphate metabolic process,2/132,117/18842,0.0170940170940171,2.44004144004144,1.31237834082767,0.19784679173432,1,1,TIGAR/GCKR,2
GO:0062014,negative regulation of small molecule metabolic process,2/132,117/18842,0.0170940170940171,2.44004144004144,1.31237834082767,0.19784679173432,1,1,PROX1/TIGAR,2
GO:0034612,response to tumor necrosis factor,3/132,219/18842,0.0136986301369863,1.95537567455376,1.194465090769,0.198667953867373,1,1,ZFP36L2/MAP2K7/HSPA1A,3
GO:0061136,regulation of proteasomal protein catabolic process,3/132,219/18842,0.0136986301369863,1.95537567455376,1.194465090769,0.198667953867373,1,1,CSNK2B/BAG6/HSPA1A,3
GO:0005996,monosaccharide metabolic process,3/132,220/18842,0.0136363636363636,1.94648760330579,1.18608320419927,0.200458777183006,1,1,KCNJ11/TCF7L2/KCNQ1,3
GO:0002837,regulation of immune response to tumor cell,1/132,32/18842,0.03125,4.46070075757576,1.64568490667234,0.20160745961031,1,1,HLA-DRB1,1
GO:0002862,negative regulation of inflammatory response to antigenic stimulus,1/132,32/18842,0.03125,4.46070075757576,1.64568490667234,0.20160745961031,1,1,HLA-DRB1,1
GO:0019082,viral protein processing,1/132,32/18842,0.03125,4.46070075757576,1.64568490667234,0.20160745961031,1,1,ST6GAL1,1
GO:0031018,endocrine pancreas development,1/132,32/18842,0.03125,4.46070075757576,1.64568490667234,0.20160745961031,1,1,HNF1B,1
GO:0031664,regulation of lipopolysaccharide-mediated signaling pathway,1/132,32/18842,0.03125,4.46070075757576,1.64568490667234,0.20160745961031,1,1,NFKBIL1,1
GO:0035264,multicellular organism growth,1/132,32/18842,0.03125,4.46070075757576,1.64568490667234,0.20160745961031,1,1,FTO,1
GO:0043276,anoikis,1/132,32/18842,0.03125,4.46070075757576,1.64568490667234,0.20160745961031,1,1,TLE1,1
GO:0045197,establishment or maintenance of epithelial cell apical/basal polarity,1/132,32/18842,0.03125,4.46070075757576,1.64568490667234,0.20160745961031,1,1,ANK1,1
GO:0045648,positive regulation of erythrocyte differentiation,1/132,32/18842,0.03125,4.46070075757576,1.64568490667234,0.20160745961031,1,1,HSPA1A,1
GO:0048384,retinoic acid receptor signaling pathway,1/132,32/18842,0.03125,4.46070075757576,1.64568490667234,0.20160745961031,1,1,PPARG,1
GO:0090025,regulation of monocyte chemotaxis,1/132,32/18842,0.03125,4.46070075757576,1.64568490667234,0.20160745961031,1,1,AIF1,1
GO:1902686,mitochondrial outer membrane permeabilization involved in programmed cell death,1/132,32/18842,0.03125,4.46070075757576,1.64568490667234,0.20160745961031,1,1,HSPA1A,1
GO:2000406,positive regulation of T cell migration,1/132,32/18842,0.03125,4.46070075757576,1.64568490667234,0.20160745961031,1,1,AIF1,1
GO:0048638,regulation of developmental growth,3/132,221/18842,0.0135746606334842,1.93767996709173,1.17774514091441,0.202253510704943,1,1,MACF1/PROX1/FTO,3
GO:0008286,insulin receptor signaling pathway,2/132,119/18842,0.0168067226890756,2.39903234020881,1.285924771605,0.202943242675074,1,1,IDE/BCAR1,2
GO:0021953,central nervous system neuron differentiation,2/132,119/18842,0.0168067226890756,2.39903234020881,1.285924771605,0.202943242675074,1,1,PROX1/ZMIZ1,2
GO:0043087,regulation of GTPase activity,2/132,119/18842,0.0168067226890756,2.39903234020881,1.285924771605,0.202943242675074,1,1,ARAP1/RASGRP1,2
GO:0044272,sulfur compound biosynthetic process,2/132,119/18842,0.0168067226890756,2.39903234020881,1.285924771605,0.202943242675074,1,1,PPT2/MTAP,2
GO:0009154,purine ribonucleotide catabolic process,2/132,120/18842,0.0166666666666667,2.3790404040404,1.2728978115465,0.205497189666064,1,1,TIGAR/GCKR,2
GO:0030512,negative regulation of transforming growth factor beta receptor signaling pathway,2/132,120/18842,0.0166666666666667,2.3790404040404,1.2728978115465,0.205497189666064,1,1,PPARG/HSPA1A,2
GO:0050671,positive regulation of lymphocyte proliferation,2/132,120/18842,0.0166666666666667,2.3790404040404,1.2728978115465,0.205497189666064,1,1,AGER/AIF1,2
GO:1903557,positive regulation of tumor necrosis factor superfamily cytokine production,2/132,120/18842,0.0166666666666667,2.3790404040404,1.2728978115465,0.205497189666064,1,1,ABCC8/AGER,2
GO:0031507,heterochromatin formation,3/132,223/18842,0.0134529147982063,1.92030167142275,1.16119862519165,0.205854441380171,1,1,CSNK2B/HMGA2/CDKN2B-AS1,3
GO:0007015,actin filament organization,5/132,448/18842,0.0111607142857143,1.59310741341991,1.06717665186486,0.206138024332053,1,1,ARAP1/ARPIN/PROX1/BCAR1/AIF1,5
GO:0000096,sulfur amino acid metabolic process,1/132,33/18842,0.0303030303030303,4.32552800734619,1.60596757739362,0.207210214279711,1,1,MTAP,1
GO:0000289,nuclear-transcribed mRNA poly(A) tail shortening,1/132,33/18842,0.0303030303030303,4.32552800734619,1.60596757739362,0.207210214279711,1,1,ZFP36L2,1
GO:0002834,regulation of response to tumor cell,1/132,33/18842,0.0303030303030303,4.32552800734619,1.60596757739362,0.207210214279711,1,1,HLA-DRB1,1
GO:0006613,cotranslational protein targeting to membrane,1/132,33/18842,0.0303030303030303,4.32552800734619,1.60596757739362,0.207210214279711,1,1,SSR1,1
GO:0006882,intracellular zinc ion homeostasis,1/132,33/18842,0.0303030303030303,4.32552800734619,1.60596757739362,0.207210214279711,1,1,SLC30A8,1
GO:0007271,"synaptic transmission, cholinergic",1/132,33/18842,0.0303030303030303,4.32552800734619,1.60596757739362,0.207210214279711,1,1,NQO1,1
GO:0014014,negative regulation of gliogenesis,1/132,33/18842,0.0303030303030303,4.32552800734619,1.60596757739362,0.207210214279711,1,1,ABCC8,1
GO:0015701,bicarbonate transport,1/132,33/18842,0.0303030303030303,4.32552800734619,1.60596757739362,0.207210214279711,1,1,SLC39A10,1
GO:0030947,regulation of vascular endothelial growth factor receptor signaling pathway,1/132,33/18842,0.0303030303030303,4.32552800734619,1.60596757739362,0.207210214279711,1,1,HHEX,1
GO:0043393,regulation of protein binding,1/132,33/18842,0.0303030303030303,4.32552800734619,1.60596757739362,0.207210214279711,1,1,IDE,1
GO:0090102,cochlea development,1/132,33/18842,0.0303030303030303,4.32552800734619,1.60596757739362,0.207210214279711,1,1,KCNQ1,1
GO:2000179,positive regulation of neural precursor cell proliferation,1/132,33/18842,0.0303030303030303,4.32552800734619,1.60596757739362,0.207210214279711,1,1,PROX1,1
GO:0050890,cognition,3/132,224/18842,0.0133928571428571,1.9117288961039,1.15298926095878,0.207660505572747,1,1,ABCC8/AGER/HLA-DRA,3
GO:0001952,regulation of cell-matrix adhesion,2/132,121/18842,0.0165289256198347,2.35937891309792,1.26000056236396,0.208054715524187,1,1,MACF1/PEAK1,2
GO:0032946,positive regulation of mononuclear cell proliferation,2/132,121/18842,0.0165289256198347,2.35937891309792,1.26000056236396,0.208054715524187,1,1,AGER/AIF1,2
GO:0048639,positive regulation of developmental growth,2/132,121/18842,0.0165289256198347,2.35937891309792,1.26000056236396,0.208054715524187,1,1,MACF1/PROX1,2
GO:0090288,negative regulation of cellular response to growth factor stimulus,2/132,121/18842,0.0165289256198347,2.35937891309792,1.26000056236396,0.208054715524187,1,1,PPARG/HHEX,2
GO:0002520,immune system development,2/132,122/18842,0.0163934426229508,2.34003974167909,1.24723048740339,0.210615646453194,1,1,ZBTB46/HLA-B,2
GO:0009132,nucleoside diphosphate metabolic process,2/132,122/18842,0.0163934426229508,2.34003974167909,1.24723048740339,0.210615646453194,1,1,TIGAR/GCKR,2
GO:0006813,potassium ion transport,3/132,226/18842,0.0132743362831858,1.89481094127112,1.13669609192767,0.211283500905343,1,1,KCNJ11/ABCC8/KCNQ1,3
GO:0043123,positive regulation of canonical NF-kappaB signal transduction,3/132,226/18842,0.0132743362831858,1.89481094127112,1.13669609192767,0.211283500905343,1,1,NFAT5/LTA/HSPA1A,3
GO:0003161,cardiac conduction system development,1/132,34/18842,0.0294117647058824,4.19830659536542,1.5677986666043,0.21277394715839,1,1,NOTCH2,1
GO:0006473,protein acetylation,1/132,34/18842,0.0294117647058824,4.19830659536542,1.5677986666043,0.21277394715839,1,1,BAG6,1
GO:0010837,regulation of keratinocyte proliferation,1/132,34/18842,0.0294117647058824,4.19830659536542,1.5677986666043,0.21277394715839,1,1,NOTCH2,1
GO:0015012,heparan sulfate proteoglycan biosynthetic process,1/132,34/18842,0.0294117647058824,4.19830659536542,1.5677986666043,0.21277394715839,1,1,TCF7L2,1
GO:0035633,maintenance of blood-brain barrier,1/132,34/18842,0.0294117647058824,4.19830659536542,1.5677986666043,0.21277394715839,1,1,ABCC8,1
GO:0035794,positive regulation of mitochondrial membrane permeability,1/132,34/18842,0.0294117647058824,4.19830659536542,1.5677986666043,0.21277394715839,1,1,HSPA1A,1
GO:0045939,negative regulation of steroid metabolic process,1/132,34/18842,0.0294117647058824,4.19830659536542,1.5677986666043,0.21277394715839,1,1,PROX1,1
GO:0050892,intestinal absorption,1/132,34/18842,0.0294117647058824,4.19830659536542,1.5677986666043,0.21277394715839,1,1,KCNQ1,1
GO:0060412,ventricular septum morphogenesis,1/132,34/18842,0.0294117647058824,4.19830659536542,1.5677986666043,0.21277394715839,1,1,PROX1,1
GO:0060421,positive regulation of heart growth,1/132,34/18842,0.0294117647058824,4.19830659536542,1.5677986666043,0.21277394715839,1,1,PROX1,1
GO:0071027,nuclear RNA surveillance,1/132,34/18842,0.0294117647058824,4.19830659536542,1.5677986666043,0.21277394715839,1,1,ZC3H4,1
GO:0086011,membrane repolarization during action potential,1/132,34/18842,0.0294117647058824,4.19830659536542,1.5677986666043,0.21277394715839,1,1,KCNQ1,1
GO:0097178,ruffle assembly,1/132,34/18842,0.0294117647058824,4.19830659536542,1.5677986666043,0.21277394715839,1,1,AIF1,1
GO:1900746,regulation of vascular endothelial growth factor signaling pathway,1/132,34/18842,0.0294117647058824,4.19830659536542,1.5677986666043,0.21277394715839,1,1,PROX1,1
GO:1902745,positive regulation of lamellipodium organization,1/132,34/18842,0.0294117647058824,4.19830659536542,1.5677986666043,0.21277394715839,1,1,RREB1,1
GO:1903749,positive regulation of protein localization to mitochondrion,1/132,34/18842,0.0294117647058824,4.19830659536542,1.5677986666043,0.21277394715839,1,1,HSPA1L,1
GO:0002286,T cell activation involved in immune response,2/132,123/18842,0.016260162601626,2.3210150283321,1.23458512076825,0.213179810880848,1,1,HLA-DRB1/HLA-DRA,2
GO:0008360,regulation of cell shape,2/132,123/18842,0.016260162601626,2.3210150283321,1.23458512076825,0.213179810880848,1,1,ARAP1/LST1,2
GO:0018205,peptidyl-lysine modification,2/132,123/18842,0.016260162601626,2.3210150283321,1.23458512076825,0.213179810880848,1,1,BAG6/ZMIZ1,2
GO:0072006,nephron development,2/132,123/18842,0.016260162601626,2.3210150283321,1.23458512076825,0.213179810880848,1,1,NOTCH2/HNF1B,2
GO:0006066,alcohol metabolic process,4/132,339/18842,0.0117994100294985,1.68427639224099,1.06785522815993,0.214384769955097,1,1,PPIP5K2/CYP21A2/SNX17/IP6K1,4
GO:0021543,pallium development,2/132,124/18842,0.0161290322580645,2.30229716520039,1.22206206477834,0.215747039436702,1,1,PROX1/ZMIZ1,2
GO:0009150,purine ribonucleotide metabolic process,4/132,340/18842,0.0117647058823529,1.67932263814617,1.06171573637636,0.215852757241241,1,1,ADCY5/TIGAR/GCKR/HSPA1A,4
GO:0006891,intra-Golgi vesicle-mediated transport,1/132,35/18842,0.0285714285714286,4.07835497835498,1.53106985310706,0.218298927963106,1,1,VTI1A,1
GO:0010743,regulation of macrophage derived foam cell differentiation,1/132,35/18842,0.0285714285714286,4.07835497835498,1.53106985310706,0.218298927963106,1,1,PPARG,1
GO:0015868,purine ribonucleotide transport,1/132,35/18842,0.0285714285714286,4.07835497835498,1.53106985310706,0.218298927963106,1,1,ANKH,1
GO:0031112,positive regulation of microtubule polymerization or depolymerization,1/132,35/18842,0.0285714285714286,4.07835497835498,1.53106985310706,0.218298927963106,1,1,HSPA1A,1
GO:0032232,negative regulation of actin filament bundle assembly,1/132,35/18842,0.0285714285714286,4.07835497835498,1.53106985310706,0.218298927963106,1,1,ARAP1,1
GO:0032350,regulation of hormone metabolic process,1/132,35/18842,0.0285714285714286,4.07835497835498,1.53106985310706,0.218298927963106,1,1,TCF7L2,1
GO:0032373,positive regulation of sterol transport,1/132,35/18842,0.0285714285714286,4.07835497835498,1.53106985310706,0.218298927963106,1,1,PPARG,1
GO:0032376,positive regulation of cholesterol transport,1/132,35/18842,0.0285714285714286,4.07835497835498,1.53106985310706,0.218298927963106,1,1,PPARG,1
GO:0032735,positive regulation of interleukin-12 production,1/132,35/18842,0.0285714285714286,4.07835497835498,1.53106985310706,0.218298927963106,1,1,AGER,1
GO:0034616,response to laminar fluid shear stress,1/132,35/18842,0.0285714285714286,4.07835497835498,1.53106985310706,0.218298927963106,1,1,ADCY5,1
GO:0042219,modified amino acid catabolic process,1/132,35/18842,0.0285714285714286,4.07835497835498,1.53106985310706,0.218298927963106,1,1,ABHD16A,1
GO:0044058,regulation of digestive system process,1/132,35/18842,0.0285714285714286,4.07835497835498,1.53106985310706,0.218298927963106,1,1,KCNQ1,1
GO:0065002,intracellular protein transmembrane transport,1/132,35/18842,0.0285714285714286,4.07835497835498,1.53106985310706,0.218298927963106,1,1,SSR1,1
GO:0090169,regulation of spindle assembly,1/132,35/18842,0.0285714285714286,4.07835497835498,1.53106985310706,0.218298927963106,1,1,HSPA1A,1
GO:0006612,protein targeting to membrane,2/132,125/18842,0.016,2.28387878787879,1.20965898753961,0.218317164930066,1,1,BAG6/SSR1,2
GO:0046632,alpha-beta T cell differentiation,2/132,125/18842,0.016,2.28387878787879,1.20965898753961,0.218317164930066,1,1,HLA-DRB1/HLA-DRA,2
GO:0061982,meiosis I cell cycle process,2/132,125/18842,0.016,2.28387878787879,1.20965898753961,0.218317164930066,1,1,BAG6/MSH5,2
GO:0006457,protein folding,3/132,230/18842,0.0130434782608696,1.86185770750988,1.10459993301016,0.218571121322171,1,1,HSPA1L/CDC123/HSPA1A,3
GO:0043009,chordate embryonic development,3/132,230/18842,0.0130434782608696,1.86185770750988,1.10459993301016,0.218571121322171,1,1,MBNL1/POU5F1/PROX1,3
GO:1901987,regulation of cell cycle phase transition,5/132,459/18842,0.0108932461873638,1.55492836865386,1.0109673335959,0.219904440846553,1,1,CDKN2B/ZFP36L2/CCND2/UBE2E2/AIF1,5
GO:0031667,response to nutrient levels,5/132,461/18842,0.0108459869848156,1.54818247551436,1.00090553190033,0.222438146681639,1,1,CDKN2B/PPARG/PROX1/GIPR/LTA,5
GO:0006638,neutral lipid metabolic process,2/132,127/18842,0.015748031496063,2.24791219279408,1.18520375682302,0.223465448734582,1,1,ABHD16A/GPAT4,2
GO:0006639,acylglycerol metabolic process,2/132,127/18842,0.015748031496063,2.24791219279408,1.18520375682302,0.223465448734582,1,1,ABHD16A/GPAT4,2
GO:0051225,spindle assembly,2/132,127/18842,0.015748031496063,2.24791219279408,1.18520375682302,0.223465448734582,1,1,KIF11/HSPA1A,2
GO:0006298,mismatch repair,1/132,36/18842,0.0277777777777778,3.96506734006734,1.49568329203958,0.223785424560589,1,1,MSH5,1
GO:0006699,bile acid biosynthetic process,1/132,36/18842,0.0277777777777778,3.96506734006734,1.49568329203958,0.223785424560589,1,1,PROX1,1
GO:0007585,respiratory gaseous exchange by respiratory system,1/132,36/18842,0.0277777777777778,3.96506734006734,1.49568329203958,0.223785424560589,1,1,FTO,1
GO:0014912,negative regulation of smooth muscle cell migration,1/132,36/18842,0.0277777777777778,3.96506734006734,1.49568329203958,0.223785424560589,1,1,AIF1,1
GO:0015721,bile acid and bile salt transport,1/132,36/18842,0.0277777777777778,3.96506734006734,1.49568329203958,0.223785424560589,1,1,SLC44A4,1
GO:0022029,telencephalon cell migration,1/132,36/18842,0.0277777777777778,3.96506734006734,1.49568329203958,0.223785424560589,1,1,ZMIZ1,1
GO:0031111,negative regulation of microtubule polymerization or depolymerization,1/132,36/18842,0.0277777777777778,3.96506734006734,1.49568329203958,0.223785424560589,1,1,EML2,1
GO:0034383,low-density lipoprotein particle clearance,1/132,36/18842,0.0277777777777778,3.96506734006734,1.49568329203958,0.223785424560589,1,1,ABCC8,1
GO:0034391,regulation of smooth muscle cell apoptotic process,1/132,36/18842,0.0277777777777778,3.96506734006734,1.49568329203958,0.223785424560589,1,1,PPARG,1
GO:0035088,establishment or maintenance of apical/basal cell polarity,1/132,36/18842,0.0277777777777778,3.96506734006734,1.49568329203958,0.223785424560589,1,1,ANK1,1
GO:0035459,vesicle cargo loading,1/132,36/18842,0.0277777777777778,3.96506734006734,1.49568329203958,0.223785424560589,1,1,AP3S2,1
GO:0045494,photoreceptor cell maintenance,1/132,36/18842,0.0277777777777778,3.96506734006734,1.49568329203958,0.223785424560589,1,1,ARAP1,1
GO:0045773,positive regulation of axon extension,1/132,36/18842,0.0277777777777778,3.96506734006734,1.49568329203958,0.223785424560589,1,1,MACF1,1
GO:0045823,positive regulation of heart contraction,1/132,36/18842,0.0277777777777778,3.96506734006734,1.49568329203958,0.223785424560589,1,1,KCNQ1,1
GO:0046164,alcohol catabolic process,1/132,36/18842,0.0277777777777778,3.96506734006734,1.49568329203958,0.223785424560589,1,1,SNX17,1
GO:0046622,positive regulation of organ growth,1/132,36/18842,0.0277777777777778,3.96506734006734,1.49568329203958,0.223785424560589,1,1,PROX1,1
GO:0051100,negative regulation of binding,1/132,36/18842,0.0277777777777778,3.96506734006734,1.49568329203958,0.223785424560589,1,1,HMGA2,1
GO:0061245,establishment or maintenance of bipolar cell polarity,1/132,36/18842,0.0277777777777778,3.96506734006734,1.49568329203958,0.223785424560589,1,1,ANK1,1
GO:0070316,regulation of G0 to G1 transition,1/132,36/18842,0.0277777777777778,3.96506734006734,1.49568329203958,0.223785424560589,1,1,CDKN2B,1
GO:0071404,cellular response to low-density lipoprotein particle stimulus,1/132,36/18842,0.0277777777777778,3.96506734006734,1.49568329203958,0.223785424560589,1,1,PPARG,1
GO:0090075,relaxation of muscle,1/132,36/18842,0.0277777777777778,3.96506734006734,1.49568329203958,0.223785424560589,1,1,ABCC8,1
GO:1902547,regulation of cellular response to vascular endothelial growth factor stimulus,1/132,36/18842,0.0277777777777778,3.96506734006734,1.49568329203958,0.223785424560589,1,1,PROX1,1
GO:0070828,heterochromatin organization,3/132,233/18842,0.0128755364806867,1.83788529067499,1.08094365228716,0.224071213322306,1,1,CSNK2B/HMGA2/CDKN2B-AS1,3
GO:0002262,myeloid cell homeostasis,2/132,128/18842,0.015625,2.23035037878788,1.17314724806168,0.226043283367651,1,1,KCNQ1/HSPA1A,2
GO:0008037,cell recognition,2/132,128/18842,0.015625,2.23035037878788,1.17314724806168,0.226043283367651,1,1,NCR3/C2,2
GO:0009261,ribonucleotide catabolic process,2/132,128/18842,0.015625,2.23035037878788,1.17314724806168,0.226043283367651,1,1,TIGAR/GCKR,2
GO:0046718,symbiont entry into host cell,2/132,129/18842,0.0155038759689922,2.21306084096782,1.1612020033157,0.228623367539374,1,1,IDE/HSPA1A,2
GO:0055080,monoatomic cation homeostasis,5/132,466/18842,0.0107296137339056,1.53157107556249,0.975957386787903,0.228811614668241,1,1,SLC39A10/SLC30A8/THADA/KCNQ1/WFS1,5
GO:0002691,regulation of cellular extravasation,1/132,37/18842,0.027027027027027,3.85790335790336,1.46155034069309,0.229233702980136,1,1,AGER,1
GO:0016486,peptide hormone processing,1/132,37/18842,0.027027027027027,3.85790335790336,1.46155034069309,0.229233702980136,1,1,SLC30A8,1
GO:0021885,forebrain cell migration,1/132,37/18842,0.027027027027027,3.85790335790336,1.46155034069309,0.229233702980136,1,1,ZMIZ1,1
GO:0034121,regulation of toll-like receptor signaling pathway,1/132,37/18842,0.027027027027027,3.85790335790336,1.46155034069309,0.229233702980136,1,1,NFKBIL1,1
GO:0034390,smooth muscle cell apoptotic process,1/132,37/18842,0.027027027027027,3.85790335790336,1.46155034069309,0.229233702980136,1,1,PPARG,1
GO:0043277,apoptotic cell clearance,1/132,37/18842,0.027027027027027,3.85790335790336,1.46155034069309,0.229233702980136,1,1,C2,1
GO:0051125,regulation of actin nucleation,1/132,37/18842,0.027027027027027,3.85790335790336,1.46155034069309,0.229233702980136,1,1,ARPIN,1
GO:0055094,response to lipoprotein particle,1/132,37/18842,0.027027027027027,3.85790335790336,1.46155034069309,0.229233702980136,1,1,PPARG,1
GO:0060544,regulation of necroptotic process,1/132,37/18842,0.027027027027027,3.85790335790336,1.46155034069309,0.229233702980136,1,1,LTA,1
GO:0086005,ventricular cardiac muscle cell action potential,1/132,37/18842,0.027027027027027,3.85790335790336,1.46155034069309,0.229233702980136,1,1,KCNQ1,1
GO:1902108,regulation of mitochondrial membrane permeability involved in apoptotic process,1/132,37/18842,0.027027027027027,3.85790335790336,1.46155034069309,0.229233702980136,1,1,HSPA1A,1
GO:1903524,positive regulation of blood circulation,1/132,37/18842,0.027027027027027,3.85790335790336,1.46155034069309,0.229233702980136,1,1,KCNQ1,1
GO:0006195,purine nucleotide catabolic process,2/132,130/18842,0.0153846153846154,2.1960372960373,1.14936598667953,0.231205544634277,1,1,TIGAR/GCKR,2
GO:0050821,protein stabilization,3/132,237/18842,0.0126582278481013,1.80686612965094,1.04993609831768,0.231447205839748,1,1,BAG6/WFS1/HSPA1A,3
GO:0009205,purine ribonucleoside triphosphate metabolic process,3/132,238/18842,0.0126050420168067,1.79927425515661,1.04227707183321,0.233298376365587,1,1,TIGAR/GCKR/HSPA1A,3
GO:0038061,non-canonical NF-kappaB signal transduction,2/132,131/18842,0.0152671755725191,2.1792736525561,1.13763721548992,0.233789660088552,1,1,AGER/LTA,2
GO:0050680,negative regulation of epithelial cell proliferation,2/132,131/18842,0.0152671755725191,2.1792736525561,1.13763721548992,0.233789660088552,1,1,CDKN2B/PPARG,2
GO:0048285,organelle fission,5/132,470/18842,0.0106382978723404,1.5185364281109,0.95620724291738,0.233949352923471,1,1,PPARG/BAG6/MSH5/KIF11/HSPA1A,5
GO:0006739,NADP+ metabolic process,1/132,38/18842,0.0263157894736842,3.75637958532695,1.42859046918835,0.234644027426115,1,1,TIGAR,1
GO:0006901,vesicle coating,1/132,38/18842,0.0263157894736842,3.75637958532695,1.42859046918835,0.234644027426115,1,1,AP3S2,1
GO:0010984,regulation of lipoprotein particle clearance,1/132,38/18842,0.0263157894736842,3.75637958532695,1.42859046918835,0.234644027426115,1,1,ABCC8,1
GO:0016266,protein O-linked glycosylation via N-acetyl-galactosamine,1/132,38/18842,0.0263157894736842,3.75637958532695,1.42859046918835,0.234644027426115,1,1,ST6GAL1,1
GO:0030857,negative regulation of epithelial cell differentiation,1/132,38/18842,0.0263157894736842,3.75637958532695,1.42859046918835,0.234644027426115,1,1,NOTCH4,1
GO:0032438,melanosome organization,1/132,38/18842,0.0263157894736842,3.75637958532695,1.42859046918835,0.234644027426115,1,1,AP3S2,1
GO:0032689,negative regulation of type II interferon production,1/132,38/18842,0.0263157894736842,3.75637958532695,1.42859046918835,0.234644027426115,1,1,HLA-DRB1,1
GO:0035176,social behavior,1/132,38/18842,0.0263157894736842,3.75637958532695,1.42859046918835,0.234644027426115,1,1,KCNQ1,1
GO:0035904,aorta development,1/132,38/18842,0.0263157894736842,3.75637958532695,1.42859046918835,0.234644027426115,1,1,PROX1,1
GO:0042771,intrinsic apoptotic signaling pathway in response to DNA damage by p53 class mediator,1/132,38/18842,0.0263157894736842,3.75637958532695,1.42859046918835,0.234644027426115,1,1,BAG6,1
GO:0045023,G0 to G1 transition,1/132,38/18842,0.0263157894736842,3.75637958532695,1.42859046918835,0.234644027426115,1,1,CDKN2B,1
GO:0045124,regulation of bone resorption,1/132,38/18842,0.0263157894736842,3.75637958532695,1.42859046918835,0.234644027426115,1,1,ARAP1,1
GO:0046475,glycerophospholipid catabolic process,1/132,38/18842,0.0263157894736842,3.75637958532695,1.42859046918835,0.234644027426115,1,1,ABHD16A,1
GO:0048753,pigment granule organization,1/132,38/18842,0.0263157894736842,3.75637958532695,1.42859046918835,0.234644027426115,1,1,AP3S2,1
GO:0055010,ventricular cardiac muscle tissue morphogenesis,1/132,38/18842,0.0263157894736842,3.75637958532695,1.42859046918835,0.234644027426115,1,1,PROX1,1
GO:2000780,negative regulation of double-strand break repair,1/132,38/18842,0.0263157894736842,3.75637958532695,1.42859046918835,0.234644027426115,1,1,HMGA2,1
GO:0046434,organophosphate catabolic process,3/132,239/18842,0.0125523012552301,1.79174591099277,1.03465445767945,0.235152289994659,1,1,ABHD16A/TIGAR/GCKR,3
GO:0010595,positive regulation of endothelial cell migration,2/132,133/18842,0.0150375939849624,2.14650262018683,1.11449373431482,0.238963097954421,1,1,PROX1/BCAR1,2
GO:0014074,response to purine-containing compound,2/132,133/18842,0.0150375939849624,2.14650262018683,1.11449373431482,0.238963097954421,1,1,KCNJ11/KCNQ1,2
GO:0072594,establishment of protein localization to organelle,4/132,356/18842,0.0112359550561798,1.60384746339803,0.96612388159689,0.23970153724105,1,1,BAG6/GCKR/SSR1/MON1A,4
GO:0000266,mitochondrial fission,1/132,39/18842,0.0256410256410256,3.66006216006216,1.39673032508937,0.240016660290386,1,1,PPARG,1
GO:0006958,"complement activation, classical pathway",1/132,39/18842,0.0256410256410256,3.66006216006216,1.39673032508937,0.240016660290386,1,1,C2,1
GO:0010742,macrophage derived foam cell differentiation,1/132,39/18842,0.0256410256410256,3.66006216006216,1.39673032508937,0.240016660290386,1,1,PPARG,1
GO:0016180,snRNA processing,1/132,39/18842,0.0256410256410256,3.66006216006216,1.39673032508937,0.240016660290386,1,1,FTO,1
GO:0035850,epithelial cell differentiation involved in kidney development,1/132,39/18842,0.0256410256410256,3.66006216006216,1.39673032508937,0.240016660290386,1,1,NOTCH2,1
GO:0044319,"wound healing, spreading of cells",1/132,39/18842,0.0256410256410256,3.66006216006216,1.39673032508937,0.240016660290386,1,1,RREB1,1
GO:0045981,positive regulation of nucleotide metabolic process,1/132,39/18842,0.0256410256410256,3.66006216006216,1.39673032508937,0.240016660290386,1,1,TIGAR,1
GO:0051101,regulation of DNA binding,1/132,39/18842,0.0256410256410256,3.66006216006216,1.39673032508937,0.240016660290386,1,1,HMGA2,1
GO:0051503,adenine nucleotide transport,1/132,39/18842,0.0256410256410256,3.66006216006216,1.39673032508937,0.240016660290386,1,1,ANKH,1
GO:0060306,regulation of membrane repolarization,1/132,39/18842,0.0256410256410256,3.66006216006216,1.39673032508937,0.240016660290386,1,1,KCNQ1,1
GO:0070286,axonemal dynein complex assembly,1/132,39/18842,0.0256410256410256,3.66006216006216,1.39673032508937,0.240016660290386,1,1,DNAH7,1
GO:0070979,protein K11-linked ubiquitination,1/132,39/18842,0.0256410256410256,3.66006216006216,1.39673032508937,0.240016660290386,1,1,UBE2E2,1
GO:0071025,RNA surveillance,1/132,39/18842,0.0256410256410256,3.66006216006216,1.39673032508937,0.240016660290386,1,1,ZC3H4,1
GO:0090505,epiboly involved in wound healing,1/132,39/18842,0.0256410256410256,3.66006216006216,1.39673032508937,0.240016660290386,1,1,RREB1,1
GO:0140353,lipid export from cell,1/132,39/18842,0.0256410256410256,3.66006216006216,1.39673032508937,0.240016660290386,1,1,KCNQ1,1
GO:1900026,positive regulation of substrate adhesion-dependent cell spreading,1/132,39/18842,0.0256410256410256,3.66006216006216,1.39673032508937,0.240016660290386,1,1,RREB1,1
GO:1900544,positive regulation of purine nucleotide metabolic process,1/132,39/18842,0.0256410256410256,3.66006216006216,1.39673032508937,0.240016660290386,1,1,TIGAR,1
GO:1905710,positive regulation of membrane permeability,1/132,39/18842,0.0256410256410256,3.66006216006216,1.39673032508937,0.240016660290386,1,1,HSPA1A,1
GO:2000403,positive regulation of lymphocyte migration,1/132,39/18842,0.0256410256410256,3.66006216006216,1.39673032508937,0.240016660290386,1,1,AIF1,1
GO:0099003,vesicle-mediated transport in synapse,3/132,242/18842,0.012396694214876,1.76953418482344,1.0120015429899,0.240729866207957,1,1,SYN2/ATP6V1G2/AP3S2,3
GO:0007052,mitotic spindle organization,2/132,134/18842,0.0149253731343284,2.13048394391678,1.10307530942761,0.241552121311514,1,1,KIF11/HSPA1A,2
GO:0044409,symbiont entry into host,2/132,134/18842,0.0149253731343284,2.13048394391678,1.10307530942761,0.241552121311514,1,1,IDE/HSPA1A,2
GO:0009144,purine nucleoside triphosphate metabolic process,3/132,243/18842,0.0123456790123457,1.76225215114104,1.00452105681496,0.242594130311626,1,1,TIGAR/GCKR/HSPA1A,3
GO:0035051,cardiocyte differentiation,2/132,135/18842,0.0148148148148148,2.11470258136925,1.09175669694883,0.24414248487853,1,1,POU5F1/PROX1,2
GO:0050801,monoatomic ion homeostasis,5/132,478/18842,0.0104602510460251,1.49312159249398,0.91724715302119,0.244323112512149,1,1,SLC39A10/SLC30A8/THADA/KCNQ1/WFS1,5
GO:0010453,regulation of cell fate commitment,1/132,40/18842,0.025,3.56856060606061,1.36590292685722,0.245351862164644,1,1,GATAD2A,1
GO:0010614,negative regulation of cardiac muscle hypertrophy,1/132,40/18842,0.025,3.56856060606061,1.36590292685722,0.245351862164644,1,1,PPARG,1
GO:0015865,purine nucleotide transport,1/132,40/18842,0.025,3.56856060606061,1.36590292685722,0.245351862164644,1,1,ANKH,1
GO:0030488,tRNA methylation,1/132,40/18842,0.025,3.56856060606061,1.36590292685722,0.245351862164644,1,1,THADA,1
GO:0045738,negative regulation of DNA repair,1/132,40/18842,0.025,3.56856060606061,1.36590292685722,0.245351862164644,1,1,HMGA2,1
GO:0045740,positive regulation of DNA replication,1/132,40/18842,0.025,3.56856060606061,1.36590292685722,0.245351862164644,1,1,AGER,1
GO:0046006,regulation of activated T cell proliferation,1/132,40/18842,0.025,3.56856060606061,1.36590292685722,0.245351862164644,1,1,AGER,1
GO:0060042,retina morphogenesis in camera-type eye,1/132,40/18842,0.025,3.56856060606061,1.36590292685722,0.245351862164644,1,1,PROX1,1
GO:0090504,epiboly,1/132,40/18842,0.025,3.56856060606061,1.36590292685722,0.245351862164644,1,1,RREB1,1
GO:0097242,amyloid-beta clearance,1/132,40/18842,0.025,3.56856060606061,1.36590292685722,0.245351862164644,1,1,IDE,1
GO:0099622,cardiac muscle cell membrane repolarization,1/132,40/18842,0.025,3.56856060606061,1.36590292685722,0.245351862164644,1,1,KCNQ1,1
GO:0150146,cell junction disassembly,1/132,40/18842,0.025,3.56856060606061,1.36590292685722,0.245351862164644,1,1,ABCC8,1
GO:1900744,regulation of p38MAPK cascade,1/132,40/18842,0.025,3.56856060606061,1.36590292685722,0.245351862164644,1,1,AGER,1
GO:1904706,negative regulation of vascular associated smooth muscle cell proliferation,1/132,40/18842,0.025,3.56856060606061,1.36590292685722,0.245351862164644,1,1,PPARG,1
GO:1904994,regulation of leukocyte adhesion to vascular endothelial cell,1/132,40/18842,0.025,3.56856060606061,1.36590292685722,0.245351862164644,1,1,NFAT5,1
GO:0009259,ribonucleotide metabolic process,4/132,360/18842,0.0111111111111111,1.58602693602694,0.942966778320491,0.245760550650426,1,1,ADCY5/TIGAR/GCKR/HSPA1A,4
GO:0090090,negative regulation of canonical Wnt signaling pathway,2/132,136/18842,0.0147058823529412,2.09915329768271,1.08053615492937,0.24673404404343,1,1,TLE1/TCF7L2,2
GO:1903531,negative regulation of secretion by cell,2/132,136/18842,0.0147058823529412,2.09915329768271,1.08053615492937,0.24673404404343,1,1,KCNJ11/ABCC8,2
GO:0051052,regulation of DNA metabolic process,5/132,481/18842,0.0103950103950104,1.48380898380898,0.902818288396322,0.24824534868454,1,1,HMGA2/MAP2K7/TIGAR/EYA2/AGER,5
GO:0031109,microtubule polymerization or depolymerization,2/132,137/18842,0.0145985401459854,2.08383101083831,1.06941198493207,0.249326656124488,1,1,EML2/HSPA1A,2
GO:0003002,regionalization,3/132,247/18842,0.0121457489878543,1.73371365476629,0.974942569133081,0.250074912157941,1,1,POU5F1/NOTCH2/HHEX,3
GO:0002861,regulation of inflammatory response to antigenic stimulus,1/132,41/18842,0.024390243902439,3.48152254249815,1.33604696565571,0.25064989185267,1,1,HLA-DRB1,1
GO:0009268,response to pH,1/132,41/18842,0.024390243902439,3.48152254249815,1.33604696565571,0.25064989185267,1,1,ABCC8,1
GO:0014888,striated muscle adaptation,1/132,41/18842,0.024390243902439,3.48152254249815,1.33604696565571,0.25064989185267,1,1,PPARG,1
GO:0050798,activated T cell proliferation,1/132,41/18842,0.024390243902439,3.48152254249815,1.33604696565571,0.25064989185267,1,1,AGER,1
GO:0051099,positive regulation of binding,1/132,41/18842,0.024390243902439,3.48152254249815,1.33604696565571,0.25064989185267,1,1,IDE,1
GO:0051703,biological process involved in intraspecies interaction between organisms,1/132,41/18842,0.024390243902439,3.48152254249815,1.33604696565571,0.25064989185267,1,1,KCNQ1,1
GO:0060392,negative regulation of SMAD protein signal transduction,1/132,41/18842,0.024390243902439,3.48152254249815,1.33604696565571,0.25064989185267,1,1,PPARG,1
GO:0090077,foam cell differentiation,1/132,41/18842,0.024390243902439,3.48152254249815,1.33604696565571,0.25064989185267,1,1,PPARG,1
GO:0140448,signaling receptor ligand precursor processing,1/132,41/18842,0.024390243902439,3.48152254249815,1.33604696565571,0.25064989185267,1,1,SLC30A8,1
GO:1905898,positive regulation of response to endoplasmic reticulum stress,1/132,41/18842,0.024390243902439,3.48152254249815,1.33604696565571,0.25064989185267,1,1,BAG6,1
GO:0006888,endoplasmic reticulum to Golgi vesicle-mediated transport,2/132,138/18842,0.0144927536231884,2.06873078612209,1.05838253062979,0.251920180350698,1,1,ANK1/VTI1A,2
GO:0070665,positive regulation of leukocyte proliferation,2/132,138/18842,0.0144927536231884,2.06873078612209,1.05838253062979,0.251920180350698,1,1,AGER/AIF1,2
GO:0071675,regulation of mononuclear cell migration,2/132,138/18842,0.0144927536231884,2.06873078612209,1.05838253062979,0.251920180350698,1,1,AGER/AIF1,2
GO:0009792,embryo development ending in birth or egg hatching,3/132,248/18842,0.0120967741935484,1.72672287390029,0.967632181619045,0.251950735618055,1,1,MBNL1/POU5F1/PROX1,3
GO:0002687,positive regulation of leukocyte migration,2/132,139/18842,0.0143884892086331,2.05384783082625,1.04744617645856,0.254514477842361,1,1,AGER/AIF1,2
GO:0008033,tRNA processing,2/132,139/18842,0.0143884892086331,2.05384783082625,1.04744617645856,0.254514477842361,1,1,THADA/CDKAL1,2
GO:0046328,regulation of JNK cascade,2/132,139/18842,0.0143884892086331,2.05384783082625,1.04744617645856,0.254514477842361,1,1,MAP2K7/AGER,2
GO:0001947,heart looping,1/132,42/18842,0.0238095238095238,3.39862914862915,1.30710619869342,0.255911006382506,1,1,NOTCH2,1
GO:0006040,amino sugar metabolic process,1/132,42/18842,0.0238095238095238,3.39862914862915,1.30710619869342,0.255911006382506,1,1,ST6GAL1,1
GO:0006623,protein targeting to vacuole,1/132,42/18842,0.0238095238095238,3.39862914862915,1.30710619869342,0.255911006382506,1,1,MON1A,1
GO:0010469,regulation of signaling receptor activity,1/132,42/18842,0.0238095238095238,3.39862914862915,1.30710619869342,0.255911006382506,1,1,PRRT1,1
GO:0014741,negative regulation of muscle hypertrophy,1/132,42/18842,0.0238095238095238,3.39862914862915,1.30710619869342,0.255911006382506,1,1,PPARG,1
GO:0014911,positive regulation of smooth muscle cell migration,1/132,42/18842,0.0238095238095238,3.39862914862915,1.30710619869342,0.255911006382506,1,1,AIF1,1
GO:0019432,triglyceride biosynthetic process,1/132,42/18842,0.0238095238095238,3.39862914862915,1.30710619869342,0.255911006382506,1,1,GPAT4,1
GO:0033173,calcineurin-NFAT signaling cascade,1/132,42/18842,0.0238095238095238,3.39862914862915,1.30710619869342,0.255911006382506,1,1,NFAT5,1
GO:0045923,positive regulation of fatty acid metabolic process,1/132,42/18842,0.0238095238095238,3.39862914862915,1.30710619869342,0.255911006382506,1,1,PPARG,1
GO:0050691,regulation of defense response to virus by host,1/132,42/18842,0.0238095238095238,3.39862914862915,1.30710619869342,0.255911006382506,1,1,MICB,1
GO:0050922,negative regulation of chemotaxis,1/132,42/18842,0.0238095238095238,3.39862914862915,1.30710619869342,0.255911006382506,1,1,AIF1,1
GO:0060391,positive regulation of SMAD protein signal transduction,1/132,42/18842,0.0238095238095238,3.39862914862915,1.30710619869342,0.255911006382506,1,1,CSNK2B,1
GO:0086091,regulation of heart rate by cardiac conduction,1/132,42/18842,0.0238095238095238,3.39862914862915,1.30710619869342,0.255911006382506,1,1,KCNQ1,1
GO:1900271,regulation of long-term synaptic potentiation,1/132,42/18842,0.0238095238095238,3.39862914862915,1.30710619869342,0.255911006382506,1,1,AGER,1
GO:2000765,regulation of cytoplasmic translation,1/132,42/18842,0.0238095238095238,3.39862914862915,1.30710619869342,0.255911006382506,1,1,HHEX,1
GO:2001238,positive regulation of extrinsic apoptotic signaling pathway,1/132,42/18842,0.0238095238095238,3.39862914862915,1.30710619869342,0.255911006382506,1,1,LTA,1
GO:0001558,regulation of cell growth,4/132,367/18842,0.0108991825613079,1.55577574106184,0.90311372327975,0.256445524181906,1,1,SLC44A4/MACF1/BCAR1/HSPA1A,4
GO:0019693,ribose phosphate metabolic process,4/132,367/18842,0.0108991825613079,1.55577574106184,0.90311372327975,0.256445524181906,1,1,ADCY5/TIGAR/GCKR/HSPA1A,4
GO:0045814,"negative regulation of gene expression, epigenetic",3/132,252/18842,0.0119047619047619,1.69931457431457,0.938718120967805,0.259474742724199,1,1,CSNK2B/HMGA2/CDKN2B-AS1,3
GO:0090068,positive regulation of cell cycle process,3/132,252/18842,0.0119047619047619,1.69931457431457,0.938718120967805,0.259474742724199,1,1,CCND2/UBE2E2/AIF1,3
GO:0090257,regulation of muscle system process,3/132,252/18842,0.0119047619047619,1.69931457431457,0.938718120967805,0.259474742724199,1,1,PPARG/ABCC8/KCNQ1,3
GO:0001932,regulation of protein phosphorylation,4/132,369/18842,0.010840108401084,1.5473433522214,0.89187987089577,0.25951619250438,1,1,HMGA2/RASGRP1/MST1R/LTA,4
GO:0010565,regulation of ketone metabolic process,2/132,141/18842,0.0141843971631206,2.02471523748119,1.02584650235326,0.259704846444459,1,1,PPARG/PROX1,2
GO:0007264,small GTPase-mediated signal transduction,5/132,490/18842,0.0102040816326531,1.45655534941249,0.860105692708958,0.260109571590271,1,1,ARAP1/RASGRP1/NOTCH2/NUCB2/AIF1,5
GO:0008089,anterograde axonal transport,1/132,43/18842,0.0232558139534884,3.31959126145173,1.27902892022967,0.261135461018543,1,1,AP3S2,1
GO:0009116,nucleoside metabolic process,1/132,43/18842,0.0232558139534884,3.31959126145173,1.27902892022967,0.261135461018543,1,1,MTAP,1
GO:0043001,Golgi to plasma membrane protein transport,1/132,43/18842,0.0232558139534884,3.31959126145173,1.27902892022967,0.261135461018543,1,1,MACF1,1
GO:0043457,regulation of cellular respiration,1/132,43/18842,0.0232558139534884,3.31959126145173,1.27902892022967,0.261135461018543,1,1,IDE,1
GO:0045454,cell redox homeostasis,1/132,43/18842,0.0232558139534884,3.31959126145173,1.27902892022967,0.261135461018543,1,1,NQO1,1
GO:0045747,positive regulation of Notch signaling pathway,1/132,43/18842,0.0232558139534884,3.31959126145173,1.27902892022967,0.261135461018543,1,1,ZMIZ1,1
GO:0051155,positive regulation of striated muscle cell differentiation,1/132,43/18842,0.0232558139534884,3.31959126145173,1.27902892022967,0.261135461018543,1,1,PROX1,1
GO:0007346,regulation of mitotic cell cycle,5/132,492/18842,0.0101626016260163,1.45063439270756,0.850728335057414,0.262764865865361,1,1,CDKN2B/ZFP36L2/CCND2/UBE2E2/AIF1,5
GO:0008380,RNA splicing,5/132,492/18842,0.0101626016260163,1.45063439270756,0.850728335057414,0.262764865865361,1,1,MBNL1/RBM5/RBM6/DDX39B/HSPA1A,5
GO:0002455,humoral immune response mediated by circulating immunoglobulin,1/132,44/18842,0.0227272727272727,3.24414600550964,1.25176749874476,0.266323509273533,1,1,C2,1
GO:0006911,"phagocytosis, engulfment",1/132,44/18842,0.0227272727272727,3.24414600550964,1.25176749874476,0.266323509273533,1,1,AIF1,1
GO:0008206,bile acid metabolic process,1/132,44/18842,0.0227272727272727,3.24414600550964,1.25176749874476,0.266323509273533,1,1,PROX1,1
GO:0008347,glial cell migration,1/132,44/18842,0.0227272727272727,3.24414600550964,1.25176749874476,0.266323509273533,1,1,ZMIZ1,1
GO:0010634,positive regulation of epithelial cell migration,1/132,44/18842,0.0227272727272727,3.24414600550964,1.25176749874476,0.266323509273533,1,1,RREB1,1
GO:0042789,mRNA transcription by RNA polymerase II,1/132,44/18842,0.0227272727272727,3.24414600550964,1.25176749874476,0.266323509273533,1,1,PPARG,1
GO:0043616,keratinocyte proliferation,1/132,44/18842,0.0227272727272727,3.24414600550964,1.25176749874476,0.266323509273533,1,1,NOTCH2,1
GO:0045214,sarcomere organization,1/132,44/18842,0.0227272727272727,3.24414600550964,1.25176749874476,0.266323509273533,1,1,PROX1,1
GO:0045601,regulation of endothelial cell differentiation,1/132,44/18842,0.0227272727272727,3.24414600550964,1.25176749874476,0.266323509273533,1,1,NOTCH4,1
GO:0045646,regulation of erythrocyte differentiation,1/132,44/18842,0.0227272727272727,3.24414600550964,1.25176749874476,0.266323509273533,1,1,HSPA1A,1
GO:0051489,regulation of filopodium assembly,1/132,44/18842,0.0227272727272727,3.24414600550964,1.25176749874476,0.266323509273533,1,1,ARAP1,1
GO:0060236,regulation of mitotic spindle organization,1/132,44/18842,0.0227272727272727,3.24414600550964,1.25176749874476,0.266323509273533,1,1,HSPA1A,1
GO:0061005,cell differentiation involved in kidney development,1/132,44/18842,0.0227272727272727,3.24414600550964,1.25176749874476,0.266323509273533,1,1,NOTCH2,1
GO:0062098,regulation of programmed necrotic cell death,1/132,44/18842,0.0227272727272727,3.24414600550964,1.25176749874476,0.266323509273533,1,1,LTA,1
GO:0071402,cellular response to lipoprotein particle stimulus,1/132,44/18842,0.0227272727272727,3.24414600550964,1.25176749874476,0.266323509273533,1,1,PPARG,1
GO:0071498,cellular response to fluid shear stress,1/132,44/18842,0.0227272727272727,3.24414600550964,1.25176749874476,0.266323509273533,1,1,ADCY5,1
GO:2000404,regulation of T cell migration,1/132,44/18842,0.0227272727272727,3.24414600550964,1.25176749874476,0.266323509273533,1,1,AIF1,1
GO:0001881,receptor recycling,1/132,45/18842,0.0222222222222222,3.17205387205387,1.22527797069746,0.271475402920511,1,1,ARAP1,1
GO:0001895,retina homeostasis,1/132,45/18842,0.0222222222222222,3.17205387205387,1.22527797069746,0.271475402920511,1,1,ARAP1,1
GO:0007622,rhythmic behavior,1/132,45/18842,0.0222222222222222,3.17205387205387,1.22527797069746,0.271475402920511,1,1,KCNQ1,1
GO:0030261,chromosome condensation,1/132,45/18842,0.0222222222222222,3.17205387205387,1.22527797069746,0.271475402920511,1,1,HMGA2,1
GO:0030326,embryonic limb morphogenesis,1/132,45/18842,0.0222222222222222,3.17205387205387,1.22527797069746,0.271475402920511,1,1,MBNL1,1
GO:0031529,ruffle organization,1/132,45/18842,0.0222222222222222,3.17205387205387,1.22527797069746,0.271475402920511,1,1,AIF1,1
GO:0031670,cellular response to nutrient,1/132,45/18842,0.0222222222222222,3.17205387205387,1.22527797069746,0.271475402920511,1,1,CDKN2B,1
GO:0035113,embryonic appendage morphogenesis,1/132,45/18842,0.0222222222222222,3.17205387205387,1.22527797069746,0.271475402920511,1,1,MBNL1,1
GO:0035337,fatty-acyl-CoA metabolic process,1/132,45/18842,0.0222222222222222,3.17205387205387,1.22527797069746,0.271475402920511,1,1,PPT2,1
GO:0046850,regulation of bone remodeling,1/132,45/18842,0.0222222222222222,3.17205387205387,1.22527797069746,0.271475402920511,1,1,ARAP1,1
GO:0047496,vesicle transport along microtubule,1/132,45/18842,0.0222222222222222,3.17205387205387,1.22527797069746,0.271475402920511,1,1,AP3S2,1
GO:0051403,stress-activated MAPK cascade,1/132,45/18842,0.0222222222222222,3.17205387205387,1.22527797069746,0.271475402920511,1,1,MAP2K7,1
GO:0071364,cellular response to epidermal growth factor stimulus,1/132,45/18842,0.0222222222222222,3.17205387205387,1.22527797069746,0.271475402920511,1,1,ZFP36L2,1
GO:0098732,macromolecule deacylation,1/132,45/18842,0.0222222222222222,3.17205387205387,1.22527797069746,0.271475402920511,1,1,PPT2,1
GO:1990000,amyloid fibril formation,1/132,45/18842,0.0222222222222222,3.17205387205387,1.22527797069746,0.271475402920511,1,1,CDSN,1
GO:2000027,regulation of animal organ morphogenesis,1/132,45/18842,0.0222222222222222,3.17205387205387,1.22527797069746,0.271475402920511,1,1,POU5F1,1
GO:0001819,positive regulation of cytokine production,5/132,499/18842,0.0100200400801603,1.43028481204834,0.818225769656098,0.272108322963355,1,1,ABCC8/AGPAT1/AGER/HSPA1A/AIF1,5
GO:0006493,protein O-linked glycosylation,2/132,146/18842,0.0136986301369863,1.95537567455376,0.973370778258246,0.272684934184647,1,1,TCF7L2/ST6GAL1,2
GO:0030162,regulation of proteolysis,2/132,146/18842,0.0136986301369863,1.95537567455376,0.973370778258246,0.272684934184647,1,1,BAG6/IDE,2
GO:0009141,nucleoside triphosphate metabolic process,3/132,259/18842,0.0115830115830116,1.65338715338715,0.889333407095228,0.272712447722802,1,1,TIGAR/GCKR/HSPA1A,3
GO:0007423,sensory organ development,4/132,379/18842,0.0105540897097625,1.50651635084353,0.836688859019067,0.274975981431065,1,1,SLC44A4/PROX1/KCNQ1/PBX2,4
GO:2000779,regulation of double-strand break repair,2/132,147/18842,0.0136054421768707,1.94207379921666,0.963125551420686,0.275280638816271,1,1,HMGA2/AGER,2
GO:0003143,embryonic heart tube morphogenesis,1/132,46/18842,0.0217391304347826,3.10309617918314,1.19951968285873,0.276591392004647,1,1,NOTCH2,1
GO:0003229,ventricular cardiac muscle tissue development,1/132,46/18842,0.0217391304347826,3.10309617918314,1.19951968285873,0.276591392004647,1,1,PROX1,1
GO:0006111,regulation of gluconeogenesis,1/132,46/18842,0.0217391304347826,3.10309617918314,1.19951968285873,0.276591392004647,1,1,TCF7L2,1
GO:0006284,base-excision repair,1/132,46/18842,0.0217391304347826,3.10309617918314,1.19951968285873,0.276591392004647,1,1,HMGA2,1
GO:0030201,heparan sulfate proteoglycan metabolic process,1/132,46/18842,0.0217391304347826,3.10309617918314,1.19951968285873,0.276591392004647,1,1,TCF7L2,1
GO:0032147,activation of protein kinase activity,1/132,46/18842,0.0217391304347826,3.10309617918314,1.19951968285873,0.276591392004647,1,1,LTA,1
GO:0045912,negative regulation of carbohydrate metabolic process,1/132,46/18842,0.0217391304347826,3.10309617918314,1.19951968285873,0.276591392004647,1,1,TIGAR,1
GO:0048489,synaptic vesicle transport,1/132,46/18842,0.0217391304347826,3.10309617918314,1.19951968285873,0.276591392004647,1,1,AP3S2,1
GO:0052652,cyclic purine nucleotide metabolic process,1/132,46/18842,0.0217391304347826,3.10309617918314,1.19951968285873,0.276591392004647,1,1,ADCY5,1
GO:0061371,determination of heart left/right asymmetry,1/132,46/18842,0.0217391304347826,3.10309617918314,1.19951968285873,0.276591392004647,1,1,NOTCH2,1
GO:0070266,necroptotic process,1/132,46/18842,0.0217391304347826,3.10309617918314,1.19951968285873,0.276591392004647,1,1,LTA,1
GO:0072091,regulation of stem cell proliferation,1/132,46/18842,0.0217391304347826,3.10309617918314,1.19951968285873,0.276591392004647,1,1,HMGA2,1
GO:0090329,regulation of DNA-templated DNA replication,1/132,46/18842,0.0217391304347826,3.10309617918314,1.19951968285873,0.276591392004647,1,1,AGER,1
GO:0120178,steroid hormone biosynthetic process,1/132,46/18842,0.0217391304347826,3.10309617918314,1.19951968285873,0.276591392004647,1,1,CYP21A2,1
GO:0170034,L-amino acid biosynthetic process,1/132,46/18842,0.0217391304347826,3.10309617918314,1.19951968285873,0.276591392004647,1,1,MTAP,1
GO:1904646,cellular response to amyloid-beta,1/132,46/18842,0.0217391304347826,3.10309617918314,1.19951968285873,0.276591392004647,1,1,AGER,1
GO:1905515,non-motile cilium assembly,1/132,46/18842,0.0217391304347826,3.10309617918314,1.19951968285873,0.276591392004647,1,1,KCNQ1,1
GO:0072523,purine-containing compound catabolic process,2/132,148/18842,0.0135135135135135,1.92895167895168,0.952960520953668,0.277875948786139,1,1,TIGAR/GCKR,2
GO:0006402,mRNA catabolic process,4/132,381/18842,0.010498687664042,1.49860812852939,0.825840690800397,0.27808742875845,1,1,ZFP36L2/IGF2BP2/FTO/HSPA1A,4
GO:0006513,protein monoubiquitination,1/132,47/18842,0.0212765957446809,3.03707285622179,1.17445497649258,0.281671724855008,1,1,UBE2E2,1
GO:0009187,cyclic nucleotide metabolic process,1/132,47/18842,0.0212765957446809,3.03707285622179,1.17445497649258,0.281671724855008,1,1,ADCY5,1
GO:0014015,positive regulation of gliogenesis,1/132,47/18842,0.0212765957446809,3.03707285622179,1.17445497649258,0.281671724855008,1,1,LTA,1
GO:0031098,stress-activated protein kinase signaling cascade,1/132,47/18842,0.0212765957446809,3.03707285622179,1.17445497649258,0.281671724855008,1,1,MAP2K7,1
GO:0032924,activin receptor signaling pathway,1/132,47/18842,0.0212765957446809,3.03707285622179,1.17445497649258,0.281671724855008,1,1,CSNK2B,1
GO:0043094,metabolic compound salvage,1/132,47/18842,0.0212765957446809,3.03707285622179,1.17445497649258,0.281671724855008,1,1,MTAP,1
GO:0048008,platelet-derived growth factor receptor signaling pathway,1/132,47/18842,0.0212765957446809,3.03707285622179,1.17445497649258,0.281671724855008,1,1,BCAR1,1
GO:1905562,regulation of vascular endothelial cell proliferation,1/132,47/18842,0.0212765957446809,3.03707285622179,1.17445497649258,0.281671724855008,1,1,PPARG,1
GO:0072522,purine-containing compound biosynthetic process,3/132,264/18842,0.0113636363636364,1.62207300275482,0.854960173818556,0.282213833622171,1,1,PPT2/ADCY5/MTAP,3
GO:0032886,regulation of microtubule-based process,3/132,266/18842,0.0112781954887218,1.60987696514012,0.841412567156739,0.286023259759247,1,1,EML2/MACF1/HSPA1A,3
GO:0003281,ventricular septum development,1/132,48/18842,0.0208333333333333,2.97380050505051,1.15004890770909,0.28671664809625,1,1,PROX1,1
GO:0006862,nucleotide transport,1/132,48/18842,0.0208333333333333,2.97380050505051,1.15004890770909,0.28671664809625,1,1,ANKH,1
GO:0055008,cardiac muscle tissue morphogenesis,1/132,48/18842,0.0208333333333333,2.97380050505051,1.15004890770909,0.28671664809625,1,1,PROX1,1
GO:0070328,triglyceride homeostasis,1/132,48/18842,0.0208333333333333,2.97380050505051,1.15004890770909,0.28671664809625,1,1,GCKR,1
GO:0090224,regulation of spindle organization,1/132,48/18842,0.0208333333333333,2.97380050505051,1.15004890770909,0.28671664809625,1,1,HSPA1A,1
GO:0101023,vascular endothelial cell proliferation,1/132,48/18842,0.0208333333333333,2.97380050505051,1.15004890770909,0.28671664809625,1,1,PPARG,1
GO:0120163,negative regulation of cold-induced thermogenesis,1/132,48/18842,0.0208333333333333,2.97380050505051,1.15004890770909,0.28671664809625,1,1,IP6K1,1
GO:1903747,regulation of protein localization to mitochondrion,1/132,48/18842,0.0208333333333333,2.97380050505051,1.15004890770909,0.28671664809625,1,1,HSPA1L,1
GO:1905314,semi-lunar valve development,1/132,48/18842,0.0208333333333333,2.97380050505051,1.15004890770909,0.28671664809625,1,1,NOTCH2,1
GO:0071456,cellular response to hypoxia,2/132,152/18842,0.0131578947368421,1.87818979266348,0.913077360800567,0.288250847339917,1,1,PPARG/TIGAR,2
GO:0009166,nucleotide catabolic process,2/132,153/18842,0.0130718954248366,1.86591404238463,0.903294805157448,0.290842402566063,1,1,TIGAR/GCKR,2
GO:0030509,BMP signaling pathway,2/132,153/18842,0.0130718954248366,1.86591404238463,0.903294805157448,0.290842402566063,1,1,PPARG/POU5F1,2
GO:0002385,mucosal immune response,1/132,49/18842,0.0204081632653061,2.91311069882498,1.12626899918534,0.291726406660222,1,1,ZBTB46,1
GO:0009299,mRNA transcription,1/132,49/18842,0.0204081632653061,2.91311069882498,1.12626899918534,0.291726406660222,1,1,PPARG,1
GO:0045453,bone resorption,1/132,49/18842,0.0204081632653061,2.91311069882498,1.12626899918534,0.291726406660222,1,1,ARAP1,1
GO:0046460,neutral lipid biosynthetic process,1/132,49/18842,0.0204081632653061,2.91311069882498,1.12626899918534,0.291726406660222,1,1,GPAT4,1
GO:0046463,acylglycerol biosynthetic process,1/132,49/18842,0.0204081632653061,2.91311069882498,1.12626899918534,0.291726406660222,1,1,GPAT4,1
GO:0048708,astrocyte differentiation,1/132,49/18842,0.0204081632653061,2.91311069882498,1.12626899918534,0.291726406660222,1,1,AGER,1
GO:0050982,detection of mechanical stimulus,1/132,49/18842,0.0204081632653061,2.91311069882498,1.12626899918534,0.291726406660222,1,1,KCNQ1,1
GO:0055090,acylglycerol homeostasis,1/132,49/18842,0.0204081632653061,2.91311069882498,1.12626899918534,0.291726406660222,1,1,GCKR,1
GO:0070849,response to epidermal growth factor,1/132,49/18842,0.0204081632653061,2.91311069882498,1.12626899918534,0.291726406660222,1,1,ZFP36L2,1
GO:0097720,calcineurin-mediated signaling,1/132,49/18842,0.0204081632653061,2.91311069882498,1.12626899918534,0.291726406660222,1,1,NFAT5,1
GO:2000772,regulation of cellular senescence,1/132,49/18842,0.0204081632653061,2.91311069882498,1.12626899918534,0.291726406660222,1,1,HMGA2,1
GO:0006790,sulfur compound metabolic process,3/132,269/18842,0.0111524163568773,1.59192294694153,0.821300966242516,0.29174553374417,1,1,PPT2/GPAT4/MTAP,3
GO:0009060,aerobic respiration,3/132,269/18842,0.0111524163568773,1.59192294694153,0.821300966242516,0.29174553374417,1,1,IDE/TIGAR/GCKR,3
GO:0051258,protein polymerization,3/132,269/18842,0.0111524163568773,1.59192294694153,0.821300966242516,0.29174553374417,1,1,EML2/HSPA1A/AIF1,3
GO:0030307,positive regulation of cell growth,2/132,154/18842,0.012987012987013,1.85379771743408,0.893585234129353,0.293432862137214,1,1,SLC44A4/MACF1,2
GO:0046496,nicotinamide nucleotide metabolic process,2/132,154/18842,0.012987012987013,1.85379771743408,0.893585234129353,0.293432862137214,1,1,TIGAR/GCKR,2
GO:0090150,establishment of protein localization to membrane,3/132,270/18842,0.0111111111111111,1.58602693602694,0.814652077779956,0.293654911823431,1,1,BAG6/MACF1/SSR1,3
GO:0048880,sensory system development,3/132,271/18842,0.011070110701107,1.58017443810802,0.808030283035197,0.295565177593694,1,1,SLC44A4/PROX1/PBX2,3
GO:0010559,regulation of glycoprotein biosynthetic process,1/132,50/18842,0.02,2.85484848484848,1.10308501917212,0.296701243797499,1,1,TCF7L2,1
GO:0021766,hippocampus development,1/132,50/18842,0.02,2.85484848484848,1.10308501917212,0.296701243797499,1,1,PROX1,1
GO:0043114,regulation of vascular permeability,1/132,50/18842,0.02,2.85484848484848,1.10308501917212,0.296701243797499,1,1,ABCC8,1
GO:0170038,proteinogenic amino acid biosynthetic process,1/132,50/18842,0.02,2.85484848484848,1.10308501917212,0.296701243797499,1,1,MTAP,1
GO:0010563,negative regulation of phosphorus metabolic process,2/132,157/18842,0.0127388535031847,1.81837483111368,0.864883448647823,0.301196563624749,1,1,TIGAR/GCKR,2
GO:0015698,inorganic anion transport,2/132,157/18842,0.0127388535031847,1.81837483111368,0.864883448647823,0.301196563624749,1,1,ANKH/KCNQ1,2
GO:0043535,regulation of blood vessel endothelial cell migration,2/132,157/18842,0.0127388535031847,1.81837483111368,0.864883448647823,0.301196563624749,1,1,CSNK2B/PPARG,2
GO:0045936,negative regulation of phosphate metabolic process,2/132,157/18842,0.0127388535031847,1.81837483111368,0.864883448647823,0.301196563624749,1,1,TIGAR/GCKR,2
GO:0051048,negative regulation of secretion,2/132,157/18842,0.0127388535031847,1.81837483111368,0.864883448647823,0.301196563624749,1,1,KCNJ11/ABCC8,2
GO:0062013,positive regulation of small molecule metabolic process,2/132,157/18842,0.0127388535031847,1.81837483111368,0.864883448647823,0.301196563624749,1,1,PPARG/TIGAR,2
GO:0070507,regulation of microtubule cytoskeleton organization,2/132,157/18842,0.0127388535031847,1.81837483111368,0.864883448647823,0.301196563624749,1,1,EML2/HSPA1A,2
GO:0002366,leukocyte activation involved in immune response,3/132,274/18842,0.0109489051094891,1.56287325812873,0.788325146752601,0.30130077330272,1,1,HLA-DRB1/NOTCH2/HLA-DRA,3
GO:0002011,morphogenesis of an epithelial sheet,1/132,51/18842,0.0196078431372549,2.79887106357695,1.08046878430602,0.301641401088832,1,1,RREB1,1
GO:0002183,cytoplasmic translational initiation,1/132,51/18842,0.0196078431372549,2.79887106357695,1.08046878430602,0.301641401088832,1,1,HHEX,1
GO:0002931,response to ischemia,1/132,51/18842,0.0196078431372549,2.79887106357695,1.08046878430602,0.301641401088832,1,1,TIGAR,1
GO:0030225,macrophage differentiation,1/132,51/18842,0.0196078431372549,2.79887106357695,1.08046878430602,0.301641401088832,1,1,HLA-DRB1,1
GO:0045933,positive regulation of muscle contraction,1/132,51/18842,0.0196078431372549,2.79887106357695,1.08046878430602,0.301641401088832,1,1,KCNQ1,1
GO:0046461,neutral lipid catabolic process,1/132,51/18842,0.0196078431372549,2.79887106357695,1.08046878430602,0.301641401088832,1,1,ABHD16A,1
GO:0046464,acylglycerol catabolic process,1/132,51/18842,0.0196078431372549,2.79887106357695,1.08046878430602,0.301641401088832,1,1,ABHD16A,1
GO:0046902,regulation of mitochondrial membrane permeability,1/132,51/18842,0.0196078431372549,2.79887106357695,1.08046878430602,0.301641401088832,1,1,HSPA1A,1
GO:0071320,cellular response to cAMP,1/132,51/18842,0.0196078431372549,2.79887106357695,1.08046878430602,0.301641401088832,1,1,KCNQ1,1
GO:0071385,cellular response to glucocorticoid stimulus,1/132,51/18842,0.0196078431372549,2.79887106357695,1.08046878430602,0.301641401088832,1,1,ZFP36L2,1
GO:0015850,organic hydroxy compound transport,3/132,275/18842,0.0109090909090909,1.55719008264463,0.781809426813698,0.30321406368568,1,1,PPARG/SLC44A4/KCNQ1,3
GO:0036294,cellular response to decreased oxygen levels,2/132,159/18842,0.0125786163522013,1.79550219172861,0.84609413077732,0.306364891113785,1,1,PPARG/TIGAR,2
GO:0045807,positive regulation of endocytosis,2/132,159/18842,0.0125786163522013,1.79550219172861,0.84609413077732,0.306364891113785,1,1,ARAP1/C2,2
GO:0051017,actin filament bundle assembly,2/132,159/18842,0.0125786163522013,1.79550219172861,0.84609413077732,0.306364891113785,1,1,ARAP1/AIF1,2
GO:0051336,regulation of hydrolase activity,2/132,159/18842,0.0125786163522013,1.79550219172861,0.84609413077732,0.306364891113785,1,1,ARAP1/RASGRP1,2
GO:0002251,organ or tissue specific immune response,1/132,52/18842,0.0192307692307692,2.74504662004662,1.05839398324921,0.306547118456523,1,1,ZBTB46,1
GO:0006353,DNA-templated transcription termination,1/132,52/18842,0.0192307692307692,2.74504662004662,1.05839398324921,0.306547118456523,1,1,ZC3H4,1
GO:0007389,pattern specification process,3/132,277/18842,0.0108303249097473,1.54594683295044,0.768855641518661,0.307042471760276,1,1,POU5F1/NOTCH2/HHEX,3
GO:0009615,response to virus,4/132,400/18842,0.01,1.42742424242424,0.725750233232459,0.3079052234936,1,1,HMGA2/MST1R/MICA/MICB,4
GO:0007204,positive regulation of cytosolic calcium ion concentration,2/132,160/18842,0.0125,1.7842803030303,0.836799981770625,0.308946498170859,1,1,GIPR/ADCY5,2
GO:0016125,sterol metabolic process,2/132,160/18842,0.0125,1.7842803030303,0.836799981770625,0.308946498170859,1,1,CYP21A2/SNX17,2
GO:1902850,microtubule cytoskeleton organization involved in mitosis,2/132,160/18842,0.0125,1.7842803030303,0.836799981770625,0.308946498170859,1,1,KIF11/HSPA1A,2
GO:1902905,positive regulation of supramolecular fiber organization,2/132,160/18842,0.0125,1.7842803030303,0.836799981770625,0.308946498170859,1,1,PROX1/HSPA1A,2
GO:0001666,response to hypoxia,3/132,278/18842,0.0107913669064748,1.54038587311969,0.76241714111134,0.308957487106135,1,1,PPARG/TIGAR/LTA,3
GO:0002263,cell activation involved in immune response,3/132,279/18842,0.010752688172043,1.53486477680026,0.756003949905219,0.310872975630841,1,1,HLA-DRB1/NOTCH2/HLA-DRA,3
GO:0098771,inorganic ion homeostasis,4/132,402/18842,0.0099502487562189,1.42032262927785,0.715512766345958,0.311066244572307,1,1,SLC30A8/THADA/KCNQ1/WFS1,4
GO:0042181,ketone biosynthetic process,1/132,53/18842,0.0188679245283019,2.69325328759291,1.0368360186014,0.311418634175721,1,1,CYP21A2,1
GO:0045599,negative regulation of fat cell differentiation,1/132,53/18842,0.0188679245283019,2.69325328759291,1.0368360186014,0.311418634175721,1,1,ZFP36L2,1
GO:0070050,neuron cellular homeostasis,1/132,53/18842,0.0188679245283019,2.69325328759291,1.0368360186014,0.311418634175721,1,1,ATP6V1G2,1
GO:0071470,cellular response to osmotic stress,1/132,53/18842,0.0188679245283019,2.69325328759291,1.0368360186014,0.311418634175721,1,1,NFAT5,1
GO:0072666,establishment of protein localization to vacuole,1/132,53/18842,0.0188679245283019,2.69325328759291,1.0368360186014,0.311418634175721,1,1,MON1A,1
GO:0006694,steroid biosynthetic process,2/132,161/18842,0.0124223602484472,1.77319781667608,0.827571533307552,0.311526264474567,1,1,PROX1/CYP21A2,2
GO:0034504,protein localization to nucleus,3/132,280/18842,0.0107142857142857,1.52938311688312,0.749615856924829,0.31278888696772,1,1,TCF7L2/HHEX/GCKR,3
GO:0008217,regulation of blood pressure,2/132,162/18842,0.0123456790123457,1.76225215114104,0.818407831588366,0.314104089670192,1,1,PPARG/KCNQ1,2
GO:0071772,response to BMP,2/132,162/18842,0.0123456790123457,1.76225215114104,0.818407831588366,0.314104089670192,1,1,PPARG/POU5F1,2
GO:0071773,cellular response to BMP stimulus,2/132,162/18842,0.0123456790123457,1.76225215114104,0.818407831588366,0.314104089670192,1,1,PPARG/POU5F1,2
GO:0050767,regulation of neurogenesis,3/132,281/18842,0.0106761565836299,1.52394047233905,0.743252653740689,0.3147051710734,1,1,MACF1/ABCC8/LTA,3
GO:0006611,protein export from nucleus,1/132,54/18842,0.0185185185185185,2.64337822671156,1.01577186488404,0.316256184885647,1,1,CCHCR1,1
GO:0008306,associative learning,1/132,54/18842,0.0185185185185185,2.64337822671156,1.01577186488404,0.316256184885647,1,1,ABCC8,1
GO:0021954,central nervous system neuron development,1/132,54/18842,0.0185185185185185,2.64337822671156,1.01577186488404,0.316256184885647,1,1,ZMIZ1,1
GO:0099024,plasma membrane invagination,1/132,54/18842,0.0185185185185185,2.64337822671156,1.01577186488404,0.316256184885647,1,1,AIF1,1
GO:0031345,negative regulation of cell projection organization,2/132,163/18842,0.0122699386503067,1.7514407882506,0.80930794274602,0.316679874877532,1,1,ARPIN/PTPRG,2
GO:0061572,actin filament bundle organization,2/132,163/18842,0.0122699386503067,1.7514407882506,0.80930794274602,0.316679874877532,1,1,ARAP1/AIF1,2
GO:0002088,lens development in camera-type eye,1/132,55/18842,0.0181818181818182,2.59531680440771,0.995179940697005,0.321060005600736,1,1,PROX1,1
GO:0002548,monocyte chemotaxis,1/132,55/18842,0.0181818181818182,2.59531680440771,0.995179940697005,0.321060005600736,1,1,AIF1,1
GO:0009395,phospholipid catabolic process,1/132,55/18842,0.0181818181818182,2.59531680440771,0.995179940697005,0.321060005600736,1,1,ABHD16A,1
GO:0021510,spinal cord development,1/132,55/18842,0.0181818181818182,2.59531680440771,0.995179940697005,0.321060005600736,1,1,PROX1,1
GO:0038066,p38MAPK cascade,1/132,55/18842,0.0181818181818182,2.59531680440771,0.995179940697005,0.321060005600736,1,1,AGER,1
GO:0038084,vascular endothelial growth factor signaling pathway,1/132,55/18842,0.0181818181818182,2.59531680440771,0.995179940697005,0.321060005600736,1,1,PROX1,1
GO:0050881,musculoskeletal movement,1/132,55/18842,0.0181818181818182,2.59531680440771,0.995179940697005,0.321060005600736,1,1,VTI1A,1
GO:0051180,vitamin transport,1/132,55/18842,0.0181818181818182,2.59531680440771,0.995179940697005,0.321060005600736,1,1,SLC44A4,1
GO:0180064,protein O-linked glycosylation via xylose,1/132,55/18842,0.0181818181818182,2.59531680440771,0.995179940697005,0.321060005600736,1,1,TCF7L2,1
GO:0016052,carbohydrate catabolic process,2/132,165/18842,0.0121212121212121,1.73021120293848,0.791295964671486,0.321824937086522,1,1,TIGAR/GCKR,2
GO:0030178,negative regulation of Wnt signaling pathway,2/132,165/18842,0.0121212121212121,1.73021120293848,0.791295964671486,0.321824937086522,1,1,TLE1/TCF7L2,2
GO:0030003,intracellular monoatomic cation homeostasis,4/132,410/18842,0.00975609756097561,1.39260901699926,0.675099853722881,0.323741177706129,1,1,SLC39A10/SLC30A8/THADA/WFS1,4
GO:0072524,pyridine-containing compound metabolic process,2/132,166/18842,0.0120481927710843,1.71978824388463,0.782382102606842,0.324394023561923,1,1,TIGAR/GCKR,2
GO:0140013,meiotic nuclear division,2/132,166/18842,0.0120481927710843,1.71978824388463,0.782382102606842,0.324394023561923,1,1,BAG6/MSH5,2
GO:1990845,adaptive thermogenesis,2/132,166/18842,0.0120481927710843,1.71978824388463,0.782382102606842,0.324394023561923,1,1,THADA/IP6K1,2
GO:0003179,heart valve morphogenesis,1/132,56/18842,0.0178571428571429,2.54897186147186,0.975039993402997,0.325830329721708,1,1,NOTCH2,1
GO:0034405,response to fluid shear stress,1/132,56/18842,0.0178571428571429,2.54897186147186,0.975039993402997,0.325830329721708,1,1,ADCY5,1
GO:0035050,embryonic heart tube development,1/132,56/18842,0.0178571428571429,2.54897186147186,0.975039993402997,0.325830329721708,1,1,NOTCH2,1
GO:0048844,artery morphogenesis,1/132,56/18842,0.0178571428571429,2.54897186147186,0.975039993402997,0.325830329721708,1,1,PROX1,1
GO:0050879,multicellular organismal movement,1/132,56/18842,0.0178571428571429,2.54897186147186,0.975039993402997,0.325830329721708,1,1,VTI1A,1
GO:0071616,acyl-CoA biosynthetic process,1/132,56/18842,0.0178571428571429,2.54897186147186,0.975039993402997,0.325830329721708,1,1,PPT2,1
GO:0086009,membrane repolarization,1/132,56/18842,0.0178571428571429,2.54897186147186,0.975039993402997,0.325830329721708,1,1,KCNQ1,1
GO:1900024,regulation of substrate adhesion-dependent cell spreading,1/132,56/18842,0.0178571428571429,2.54897186147186,0.975039993402997,0.325830329721708,1,1,RREB1,1
GO:1901607,alpha-amino acid biosynthetic process,1/132,56/18842,0.0178571428571429,2.54897186147186,0.975039993402997,0.325830329721708,1,1,MTAP,1
GO:0036293,response to decreased oxygen levels,3/132,287/18842,0.0104529616724739,1.49208108964207,0.705584759201247,0.326207942251023,1,1,PPARG/TIGAR/LTA,3
GO:0048608,reproductive structure development,2/132,167/18842,0.0119760479041916,1.70949011068772,0.773528506762592,0.326960688966326,1,1,ADAM30/HNF1B,2
GO:2001242,regulation of intrinsic apoptotic signaling pathway,2/132,167/18842,0.0119760479041916,1.70949011068772,0.773528506762592,0.326960688966326,1,1,WFS1/HSPA1A,2
GO:0051701,biological process involved in interaction with host,2/132,168/18842,0.0119047619047619,1.69931457431457,0.764734335197427,0.329524841563031,1,1,IDE/HSPA1A,2
GO:0061458,reproductive system development,2/132,168/18842,0.0119047619047619,1.69931457431457,0.764734335197427,0.329524841563031,1,1,ADAM30/HNF1B,2
GO:0001570,vasculogenesis,1/132,57/18842,0.0175438596491228,2.50425305688464,0.955332994911371,0.330567389046564,1,1,EGFL8,1
GO:0010874,regulation of cholesterol efflux,1/132,57/18842,0.0175438596491228,2.50425305688464,0.955332994911371,0.330567389046564,1,1,PPARG,1
GO:0044331,cell-cell adhesion mediated by cadherin,1/132,57/18842,0.0175438596491228,2.50425305688464,0.955332994911371,0.330567389046564,1,1,NOTCH4,1
GO:0045010,actin nucleation,1/132,57/18842,0.0175438596491228,2.50425305688464,0.955332994911371,0.330567389046564,1,1,ARPIN,1
GO:0045668,negative regulation of osteoblast differentiation,1/132,57/18842,0.0175438596491228,2.50425305688464,0.955332994911371,0.330567389046564,1,1,PPARG,1
GO:0048644,muscle organ morphogenesis,1/132,57/18842,0.0175438596491228,2.50425305688464,0.955332994911371,0.330567389046564,1,1,PROX1,1
GO:0060415,muscle tissue morphogenesis,1/132,57/18842,0.0175438596491228,2.50425305688464,0.955332994911371,0.330567389046564,1,1,PROX1,1
GO:0099518,vesicle cytoskeletal trafficking,1/132,57/18842,0.0175438596491228,2.50425305688464,0.955332994911371,0.330567389046564,1,1,AP3S2,1
GO:1901224,positive regulation of non-canonical NF-kappaB signal transduction,1/132,57/18842,0.0175438596491228,2.50425305688464,0.955332994911371,0.330567389046564,1,1,AGER,1
GO:1903018,regulation of glycoprotein metabolic process,1/132,57/18842,0.0175438596491228,2.50425305688464,0.955332994911371,0.330567389046564,1,1,TCF7L2,1
GO:1904645,response to amyloid-beta,1/132,57/18842,0.0175438596491228,2.50425305688464,0.955332994911371,0.330567389046564,1,1,AGER,1
GO:0043488,regulation of mRNA stability,3/132,290/18842,0.0103448275862069,1.47664576802508,0.687070685232003,0.331960405942776,1,1,ZFP36L2/IGF2BP2/FTO,3
GO:0001936,regulation of endothelial cell proliferation,2/132,169/18842,0.0118343195266272,1.68925945849023,0.755998762922943,0.332086390999198,1,1,PPARG/PROX1,2
GO:0007548,sex differentiation,2/132,169/18842,0.0118343195266272,1.68925945849023,0.755998762922943,0.332086390999198,1,1,ADAM30/HNF1B,2
GO:0003208,cardiac ventricle morphogenesis,1/132,58/18842,0.0172413793103448,2.4610762800418,0.936041047318037,0.335271413781504,1,1,PROX1,1
GO:0030219,megakaryocyte differentiation,1/132,58/18842,0.0172413793103448,2.4610762800418,0.936041047318037,0.335271413781504,1,1,CDKN2B,1
GO:0031663,lipopolysaccharide-mediated signaling pathway,1/132,58/18842,0.0172413793103448,2.4610762800418,0.936041047318037,0.335271413781504,1,1,NFKBIL1,1
GO:0070542,response to fatty acid,1/132,58/18842,0.0172413793103448,2.4610762800418,0.936041047318037,0.335271413781504,1,1,GIPR,1
GO:0086065,cell communication involved in cardiac conduction,1/132,58/18842,0.0172413793103448,2.4610762800418,0.936041047318037,0.335271413781504,1,1,KCNQ1,1
GO:0097300,programmed necrotic cell death,1/132,58/18842,0.0172413793103448,2.4610762800418,0.936041047318037,0.335271413781504,1,1,LTA,1
GO:2000177,regulation of neural precursor cell proliferation,1/132,58/18842,0.0172413793103448,2.4610762800418,0.936041047318037,0.335271413781504,1,1,PROX1,1
GO:0097193,intrinsic apoptotic signaling pathway,3/132,294/18842,0.0102040816326531,1.45655534941249,0.662705544268587,0.339628607071743,1,1,BAG6/WFS1/HSPA1A,3
GO:0007059,chromosome segregation,4/132,420/18842,0.00952380952380953,1.35945165945166,0.625747028264752,0.339636783035435,1,1,BAG6/MSH5/KIF11/HSPA1A,4
GO:0031396,regulation of protein ubiquitination,2/132,172/18842,0.0116279069767442,1.65979563072586,0.730135637071483,0.339754537267688,1,1,WFS1/HSPA1A,2
GO:0097696,cell surface receptor signaling pathway via STAT,2/132,172/18842,0.0116279069767442,1.65979563072586,0.730135637071483,0.339754537267688,1,1,PPARG/HMGA2,2
GO:0010718,positive regulation of epithelial to mesenchymal transition,1/132,59/18842,0.0169491525423729,2.41936312275295,0.917147297316246,0.339942632551779,1,1,TCF7L2,1
GO:0016601,Rac protein signal transduction,1/132,59/18842,0.0169491525423729,2.41936312275295,0.917147297316246,0.339942632551779,1,1,AIF1,1
GO:0034381,plasma lipoprotein particle clearance,1/132,59/18842,0.0169491525423729,2.41936312275295,0.917147297316246,0.339942632551779,1,1,ABCC8,1
GO:0038093,Fc receptor signaling pathway,1/132,59/18842,0.0169491525423729,2.41936312275295,0.917147297316246,0.339942632551779,1,1,MAP2K7,1
GO:0042130,negative regulation of T cell proliferation,1/132,59/18842,0.0169491525423729,2.41936312275295,0.917147297316246,0.339942632551779,1,1,HLA-DRB1,1
GO:0060420,regulation of heart growth,1/132,59/18842,0.0169491525423729,2.41936312275295,0.917147297316246,0.339942632551779,1,1,PROX1,1
GO:0061756,leukocyte adhesion to vascular endothelial cell,1/132,59/18842,0.0169491525423729,2.41936312275295,0.917147297316246,0.339942632551779,1,1,NFAT5,1
GO:1902991,regulation of amyloid precursor protein catabolic process,1/132,59/18842,0.0169491525423729,2.41936312275295,0.917147297316246,0.339942632551779,1,1,AGER,1
GO:0007162,negative regulation of cell adhesion,3/132,295/18842,0.0101694915254237,1.45161787365177,0.656670248434794,0.341545037150027,1,1,HLA-DRB1/CDSN/NOTCH4,3
GO:0007254,JNK cascade,2/132,173/18842,0.0115606936416185,1.6502014363286,0.721626535959675,0.342304797701293,1,1,MAP2K7/AGER,2
GO:0071453,cellular response to oxygen levels,2/132,173/18842,0.0115606936416185,1.6502014363286,0.721626535959675,0.342304797701293,1,1,PPARG/TIGAR,2
GO:0000280,nuclear division,4/132,422/18842,0.00947867298578199,1.3530087605917,0.616025858401538,0.342820547097365,1,1,BAG6/MSH5/KIF11/HSPA1A,4
GO:0006163,purine nucleotide metabolic process,4/132,422/18842,0.00947867298578199,1.3530087605917,0.616025858401538,0.342820547097365,1,1,ADCY5/TIGAR/GCKR/HSPA1A,4
GO:0006959,humoral immune response,3/132,296/18842,0.0101351351351351,1.44671375921376,0.650656996055609,0.343461128325578,1,1,HLA-DRB1/C2/HLA-DQB1,3
GO:0034113,heterotypic cell-cell adhesion,1/132,60/18842,0.0166666666666667,2.3790404040404,0.898635858428809,0.34458127241246,1,1,AGER,1
GO:0034394,protein localization to cell surface,1/132,60/18842,0.0166666666666667,2.3790404040404,0.898635858428809,0.34458127241246,1,1,PRRT1,1
GO:0045670,regulation of osteoclast differentiation,1/132,60/18842,0.0166666666666667,2.3790404040404,0.898635858428809,0.34458127241246,1,1,NOTCH2,1
GO:0050688,regulation of defense response to virus,1/132,60/18842,0.0166666666666667,2.3790404040404,0.898635858428809,0.34458127241246,1,1,MICB,1
GO:0050772,positive regulation of axonogenesis,1/132,60/18842,0.0166666666666667,2.3790404040404,0.898635858428809,0.34458127241246,1,1,MACF1,1
GO:0071384,cellular response to corticosteroid stimulus,1/132,60/18842,0.0166666666666667,2.3790404040404,0.898635858428809,0.34458127241246,1,1,ZFP36L2,1
GO:0006874,intracellular calcium ion homeostasis,2/132,175/18842,0.0114285714285714,1.63134199134199,0.704771742634095,0.347396132193779,1,1,THADA/WFS1,2
GO:0050769,positive regulation of neurogenesis,2/132,175/18842,0.0114285714285714,1.63134199134199,0.704771742634095,0.347396132193779,1,1,MACF1/LTA,2
GO:0051495,positive regulation of cytoskeleton organization,2/132,175/18842,0.0114285714285714,1.63134199134199,0.704771742634095,0.347396132193779,1,1,PROX1/HSPA1A,2
GO:1901292,nucleoside phosphate catabolic process,2/132,175/18842,0.0114285714285714,1.63134199134199,0.704771742634095,0.347396132193779,1,1,TIGAR/GCKR,2
GO:0007131,reciprocal meiotic recombination,1/132,61/18842,0.0163934426229508,2.34003974167909,0.880491740229091,0.34918755885914,1,1,MSH5,1
GO:0010324,membrane invagination,1/132,61/18842,0.0163934426229508,2.34003974167909,0.880491740229091,0.34918755885914,1,1,AIF1,1
GO:0016073,snRNA metabolic process,1/132,61/18842,0.0163934426229508,2.34003974167909,0.880491740229091,0.34918755885914,1,1,FTO,1
GO:0021915,neural tube development,1/132,61/18842,0.0163934426229508,2.34003974167909,0.880491740229091,0.34918755885914,1,1,PROX1,1
GO:0030514,negative regulation of BMP signaling pathway,1/132,61/18842,0.0163934426229508,2.34003974167909,0.880491740229091,0.34918755885914,1,1,PPARG,1
GO:0032835,glomerulus development,1/132,61/18842,0.0163934426229508,2.34003974167909,0.880491740229091,0.34918755885914,1,1,NOTCH2,1
GO:0033059,cellular pigmentation,1/132,61/18842,0.0163934426229508,2.34003974167909,0.880491740229091,0.34918755885914,1,1,AP3S2,1
GO:0034605,cellular response to heat,1/132,61/18842,0.0163934426229508,2.34003974167909,0.880491740229091,0.34918755885914,1,1,HSPA1A,1
GO:0042088,T-helper 1 type immune response,1/132,61/18842,0.0163934426229508,2.34003974167909,0.880491740229091,0.34918755885914,1,1,HLA-DRB1,1
GO:0046854,phosphatidylinositol phosphate biosynthetic process,1/132,61/18842,0.0163934426229508,2.34003974167909,0.880491740229091,0.34918755885914,1,1,IP6K1,1
GO:0140527,reciprocal homologous recombination,1/132,61/18842,0.0163934426229508,2.34003974167909,0.880491740229091,0.34918755885914,1,1,MSH5,1
GO:0016049,cell growth,4/132,426/18842,0.00938967136150235,1.34030445298051,0.59672856131175,0.34919093514515,1,1,SLC44A4/MACF1/BCAR1/HSPA1A,4
GO:0030100,regulation of endocytosis,3/132,300/18842,0.01,1.42742424242424,0.626820997544018,0.351121212060506,1,1,ARAP1/C2/SNX17,3
GO:0007589,body fluid secretion,1/132,62/18842,0.0161290322580645,2.30229716520039,0.862700783818869,0.353761715838566,1,1,GPAT4,1
GO:0021549,cerebellum development,1/132,62/18842,0.0161290322580645,2.30229716520039,0.862700783818869,0.353761715838566,1,1,PROX1,1
GO:0042446,hormone biosynthetic process,1/132,62/18842,0.0161290322580645,2.30229716520039,0.862700783818869,0.353761715838566,1,1,CYP21A2,1
GO:0044380,protein localization to cytoskeleton,1/132,62/18842,0.0161290322580645,2.30229716520039,0.862700783818869,0.353761715838566,1,1,FILIP1,1
GO:0046847,filopodium assembly,1/132,62/18842,0.0161290322580645,2.30229716520039,0.862700783818869,0.353761715838566,1,1,ARAP1,1
GO:0048145,regulation of fibroblast proliferation,1/132,62/18842,0.0161290322580645,2.30229716520039,0.862700783818869,0.353761715838566,1,1,LTA,1
GO:0061515,myeloid cell development,1/132,62/18842,0.0161290322580645,2.30229716520039,0.862700783818869,0.353761715838566,1,1,NOTCH2,1
GO:0072175,epithelial tube formation,1/132,62/18842,0.0161290322580645,2.30229716520039,0.862700783818869,0.353761715838566,1,1,PROX1,1
GO:0086002,cardiac muscle cell action potential involved in contraction,1/132,62/18842,0.0161290322580645,2.30229716520039,0.862700783818869,0.353761715838566,1,1,KCNQ1,1
GO:0050727,regulation of inflammatory response,4/132,429/18842,0.00932400932400932,1.33093169456806,0.582380438797403,0.353970368165137,1,1,PPARG/HLA-DRB1/GPSM3/AGER,4
GO:0015718,monocarboxylic acid transport,2/132,178/18842,0.0112359550561798,1.60384746339803,0.679887303705588,0.355008951894002,1,1,PPARG/SLC44A4,2
GO:0015748,organophosphate ester transport,2/132,178/18842,0.0112359550561798,1.60384746339803,0.679887303705588,0.355008951894002,1,1,SLC44A4/ANKH,2
GO:1903311,regulation of mRNA metabolic process,4/132,430/18842,0.00930232558139535,1.32783650458069,0.577621170040982,0.355563681139716,1,1,ZFP36L2/IGF2BP2/RBM5/FTO,4
GO:0043487,regulation of RNA stability,3/132,303/18842,0.0099009900990099,1.41329132913291,0.609167187919933,0.356860551606491,1,1,ZFP36L2/IGF2BP2/FTO,3
GO:0045333,cellular respiration,3/132,303/18842,0.0099009900990099,1.41329132913291,0.609167187919933,0.356860551606491,1,1,IDE/TIGAR/GCKR,3
GO:0007611,learning or memory,2/132,179/18842,0.0111731843575419,1.59488742170306,0.671695780915128,0.35753979447936,1,1,ABCC8/AGER,2
GO:0043534,blood vessel endothelial cell migration,2/132,179/18842,0.0111731843575419,1.59488742170306,0.671695780915128,0.35753979447936,1,1,CSNK2B/PPARG,2
GO:0071466,cellular response to xenobiotic stimulus,2/132,179/18842,0.0111731843575419,1.59488742170306,0.671695780915128,0.35753979447936,1,1,KCNQ1/NQO1,2
GO:0001890,placenta development,1/132,63/18842,0.0158730158730159,2.26575276575277,0.845249602918332,0.35830396575919,1,1,PPARG,1
GO:0015909,long-chain fatty acid transport,1/132,63/18842,0.0158730158730159,2.26575276575277,0.845249602918332,0.35830396575919,1,1,PPARG,1
GO:0017156,calcium-ion regulated exocytosis,1/132,63/18842,0.0158730158730159,2.26575276575277,0.845249602918332,0.35830396575919,1,1,SYN2,1
GO:0032731,positive regulation of interleukin-1 beta production,1/132,63/18842,0.0158730158730159,2.26575276575277,0.845249602918332,0.35830396575919,1,1,AGER,1
GO:0035107,appendage morphogenesis,1/132,63/18842,0.0158730158730159,2.26575276575277,0.845249602918332,0.35830396575919,1,1,MBNL1,1
GO:0035108,limb morphogenesis,1/132,63/18842,0.0158730158730159,2.26575276575277,0.845249602918332,0.35830396575919,1,1,MBNL1,1
GO:0045666,positive regulation of neuron differentiation,1/132,63/18842,0.0158730158730159,2.26575276575277,0.845249602918332,0.35830396575919,1,1,PROX1,1
GO:0048678,response to axon injury,1/132,63/18842,0.0158730158730159,2.26575276575277,0.845249602918332,0.35830396575919,1,1,GIPR,1
GO:1901379,regulation of potassium ion transmembrane transport,1/132,63/18842,0.0158730158730159,2.26575276575277,0.845249602918332,0.35830396575919,1,1,KCNQ1,1
GO:0021537,telencephalon development,2/132,180/18842,0.0111111111111111,1.58602693602694,0.663554784478081,0.360067127268615,1,1,PROX1/ZMIZ1,2
GO:0009451,RNA modification,2/132,181/18842,0.0110497237569061,1.57726435626988,0.655463662049781,0.362590875411881,1,1,THADA/CDKAL1,2
GO:0044403,biological process involved in symbiotic interaction,2/132,181/18842,0.0110497237569061,1.57726435626988,0.655463662049781,0.362590875411881,1,1,IDE/HSPA1A,2
GO:0002437,inflammatory response to antigenic stimulus,1/132,64/18842,0.015625,2.23035037878788,0.828125529999012,0.362814529501657,1,1,HLA-DRB1,1
GO:0009798,axis specification,1/132,64/18842,0.015625,2.23035037878788,0.828125529999012,0.362814529501657,1,1,NOTCH2,1
GO:0022037,metencephalon development,1/132,64/18842,0.015625,2.23035037878788,0.828125529999012,0.362814529501657,1,1,PROX1,1
GO:0033363,secretory granule organization,1/132,64/18842,0.015625,2.23035037878788,0.828125529999012,0.362814529501657,1,1,AP3S2,1
GO:0060993,kidney morphogenesis,1/132,64/18842,0.015625,2.23035037878788,0.828125529999012,0.362814529501657,1,1,HNF1B,1
GO:0051056,regulation of small GTPase mediated signal transduction,3/132,307/18842,0.00977198697068404,1.39487710986082,0.585918078790098,0.364503171513473,1,1,ARAP1/RASGRP1/NOTCH2,3
GO:0008202,steroid metabolic process,3/132,308/18842,0.00974025974025974,1.39034828807556,0.580156422795376,0.36641179115207,1,1,PROX1/CYP21A2/SNX17,3
GO:0006956,complement activation,1/132,65/18842,0.0153846153846154,2.1960372960373,0.81131656695616,0.36729362642922,1,1,C2,1
GO:0030199,collagen fibril organization,1/132,65/18842,0.0153846153846154,2.1960372960373,0.81131656695616,0.36729362642922,1,1,TNXB,1
GO:0048144,fibroblast proliferation,1/132,65/18842,0.0153846153846154,2.1960372960373,0.81131656695616,0.36729362642922,1,1,LTA,1
GO:0061951,establishment of protein localization to plasma membrane,1/132,65/18842,0.0153846153846154,2.1960372960373,0.81131656695616,0.36729362642922,1,1,MACF1,1
GO:0098930,axonal transport,1/132,65/18842,0.0153846153846154,2.1960372960373,0.81131656695616,0.36729362642922,1,1,AP3S2,1
GO:2000134,negative regulation of G1/S transition of mitotic cell cycle,1/132,65/18842,0.0153846153846154,2.1960372960373,0.81131656695616,0.36729362642922,1,1,CDKN2B,1
GO:2000401,regulation of lymphocyte migration,1/132,65/18842,0.0153846153846154,2.1960372960373,0.81131656695616,0.36729362642922,1,1,AIF1,1
GO:0006091,generation of precursor metabolites and energy,4/132,438/18842,0.0091324200913242,1.30358378303584,0.539959962009694,0.368309397501161,1,1,IDE/GIPR/TIGAR/GCKR,4
GO:0007507,heart development,4/132,438/18842,0.0091324200913242,1.30358378303584,0.539959962009694,0.368309397501161,1,1,POU5F1/PROX1/NOTCH2/KCNQ1,4
GO:0032271,regulation of protein polymerization,2/132,184/18842,0.0108695652173913,1.55154808959157,0.63148319616802,0.370139881447114,1,1,EML2/HSPA1A,2
GO:0016925,protein sumoylation,1/132,66/18842,0.0151515151515152,2.16276400367309,0.794811339874245,0.371741474398083,1,1,ZMIZ1,1
GO:0032757,positive regulation of interleukin-8 production,1/132,66/18842,0.0151515151515152,2.16276400367309,0.794811339874245,0.371741474398083,1,1,HSPA1A,1
GO:0045123,cellular extravasation,1/132,66/18842,0.0151515151515152,2.16276400367309,0.794811339874245,0.371741474398083,1,1,AGER,1
GO:0072348,sulfur compound transport,1/132,66/18842,0.0151515151515152,2.16276400367309,0.794811339874245,0.371741474398083,1,1,SLC44A4,1
GO:0090101,negative regulation of transmembrane receptor protein serine/threonine kinase signaling pathway,2/132,185/18842,0.0108108108108108,1.54316134316134,0.623585285371374,0.372648566390992,1,1,PPARG/HSPA1A,2
GO:0070482,response to oxygen levels,3/132,312/18842,0.00961538461538462,1.37252331002331,0.557307756050006,0.374036899726592,1,1,PPARG/TIGAR/LTA,3
GO:0001935,endothelial cell proliferation,2/132,186/18842,0.010752688172043,1.53486477680026,0.615734163657363,0.375153310239822,1,1,PPARG/PROX1,2
GO:0061013,regulation of mRNA catabolic process,3/132,313/18842,0.00958466453674121,1.36813825152483,0.551644344419203,0.375940633620437,1,1,ZFP36L2/IGF2BP2/FTO,3
GO:0000288,"nuclear-transcribed mRNA catabolic process, deadenylation-dependent decay",1/132,67/18842,0.0149253731343284,2.13048394391678,0.778599057489227,0.376158289767675,1,1,ZFP36L2,1
GO:0003170,heart valve development,1/132,67/18842,0.0149253731343284,2.13048394391678,0.778599057489227,0.376158289767675,1,1,NOTCH2,1
GO:0008652,amino acid biosynthetic process,1/132,67/18842,0.0149253731343284,2.13048394391678,0.778599057489227,0.376158289767675,1,1,MTAP,1
GO:0030239,myofibril assembly,1/132,67/18842,0.0149253731343284,2.13048394391678,0.778599057489227,0.376158289767675,1,1,PROX1,1
GO:0030516,regulation of axon extension,1/132,67/18842,0.0149253731343284,2.13048394391678,0.778599057489227,0.376158289767675,1,1,MACF1,1
GO:0051055,negative regulation of lipid biosynthetic process,1/132,67/18842,0.0149253731343284,2.13048394391678,0.778599057489227,0.376158289767675,1,1,PROX1,1
GO:0090303,positive regulation of wound healing,1/132,67/18842,0.0149253731343284,2.13048394391678,0.778599057489227,0.376158289767675,1,1,RREB1,1
GO:0090559,regulation of membrane permeability,1/132,67/18842,0.0149253731343284,2.13048394391678,0.778599057489227,0.376158289767675,1,1,HSPA1A,1
GO:1900076,regulation of cellular response to insulin stimulus,1/132,67/18842,0.0149253731343284,2.13048394391678,0.778599057489227,0.376158289767675,1,1,PPARG,1
GO:0048167,regulation of synaptic plasticity,2/132,188/18842,0.0106382978723404,1.5185364281109,0.60016996373548,0.38015070450484,1,1,PRRT1/AGER,2
GO:0051897,positive regulation of phosphatidylinositol 3-kinase/protein kinase B signal transduction,2/132,188/18842,0.0106382978723404,1.5185364281109,0.60016996373548,0.38015070450484,1,1,MST1R/TCF7L2,2
GO:0043543,protein acylation,1/132,68/18842,0.0147058823529412,2.09915329768271,0.762669472994943,0.380544287410853,1,1,BAG6,1
GO:0072089,stem cell proliferation,1/132,68/18842,0.0147058823529412,2.09915329768271,0.762669472994943,0.380544287410853,1,1,HMGA2,1
GO:0072332,intrinsic apoptotic signaling pathway by p53 class mediator,1/132,68/18842,0.0147058823529412,2.09915329768271,0.762669472994943,0.380544287410853,1,1,BAG6,1
GO:0072678,T cell migration,1/132,68/18842,0.0147058823529412,2.09915329768271,0.762669472994943,0.380544287410853,1,1,AIF1,1
GO:1905953,negative regulation of lipid localization,1/132,68/18842,0.0147058823529412,2.09915329768271,0.762669472994943,0.380544287410853,1,1,PPARG,1
GO:0006869,lipid transport,4/132,447/18842,0.00894854586129754,1.27733712968612,0.498441195057331,0.382634762024017,1,1,PPARG/SLC44A4/KCNQ1/STARD10,4
GO:0000381,"regulation of alternative mRNA splicing, via spliceosome",1/132,69/18842,0.0144927536231884,2.06873078612209,0.747012848879264,0.384899680724039,1,1,RBM5,1
GO:0006893,Golgi to plasma membrane transport,1/132,69/18842,0.0144927536231884,2.06873078612209,0.747012848879264,0.384899680724039,1,1,MACF1,1
GO:0046620,regulation of organ growth,1/132,69/18842,0.0144927536231884,2.06873078612209,0.747012848879264,0.384899680724039,1,1,PROX1,1
GO:0120193,tight junction organization,1/132,69/18842,0.0144927536231884,2.06873078612209,0.747012848879264,0.384899680724039,1,1,ABCC8,1
GO:1901991,negative regulation of mitotic cell cycle phase transition,2/132,190/18842,0.0105263157894737,1.50255183413078,0.584786052739615,0.385131535152182,1,1,CDKN2B/ZFP36L2,2
GO:0006801,superoxide metabolic process,1/132,70/18842,0.0142857142857143,2.03917748917749,0.731619924509311,0.389224681637288,1,1,NQO1,1
GO:0006809,nitric oxide biosynthetic process,1/132,70/18842,0.0142857142857143,2.03917748917749,0.731619924509311,0.389224681637288,1,1,NQO1,1
GO:0021761,limbic system development,1/132,70/18842,0.0142857142857143,2.03917748917749,0.731619924509311,0.389224681637288,1,1,PROX1,1
GO:0031397,negative regulation of protein ubiquitination,1/132,70/18842,0.0142857142857143,2.03917748917749,0.731619924509311,0.389224681637288,1,1,HSPA1A,1
GO:0032272,negative regulation of protein polymerization,1/132,70/18842,0.0142857142857143,2.03917748917749,0.731619924509311,0.389224681637288,1,1,EML2,1
GO:0035148,tube formation,1/132,70/18842,0.0142857142857143,2.03917748917749,0.731619924509311,0.389224681637288,1,1,PROX1,1
GO:0055013,cardiac muscle cell development,1/132,70/18842,0.0142857142857143,2.03917748917749,0.731619924509311,0.389224681637288,1,1,PROX1,1
GO:0060840,artery development,1/132,70/18842,0.0142857142857143,2.03917748917749,0.731619924509311,0.389224681637288,1,1,PROX1,1
GO:2000036,regulation of stem cell population maintenance,1/132,70/18842,0.0142857142857143,2.03917748917749,0.731619924509311,0.389224681637288,1,1,HMGA2,1
GO:0048738,cardiac muscle tissue development,2/132,192/18842,0.0104166666666667,1.48690025252525,0.569578047757432,0.390095290747781,1,1,PROX1/NOTCH2,2
GO:1903046,meiotic cell cycle process,2/132,192/18842,0.0104166666666667,1.48690025252525,0.569578047757432,0.390095290747781,1,1,BAG6/MSH5,2
GO:0007189,adenylate cyclase-activating G protein-coupled receptor signaling pathway,2/132,193/18842,0.0103626943005181,1.47919610613911,0.56203868250212,0.392570610311356,1,1,GIPR/ADCY5,2
GO:0006303,double-strand break repair via nonhomologous end joining,1/132,71/18842,0.0140845070422535,2.01045667947076,0.716481886214698,0.393519500624284,1,1,HMGA2,1
GO:0010803,regulation of tumor necrosis factor-mediated signaling pathway,1/132,71/18842,0.0140845070422535,2.01045667947076,0.716481886214698,0.393519500624284,1,1,HSPA1A,1
GO:0032206,positive regulation of telomere maintenance,1/132,71/18842,0.0140845070422535,2.01045667947076,0.716481886214698,0.393519500624284,1,1,MAP2K7,1
GO:0035825,homologous recombination,1/132,71/18842,0.0140845070422535,2.01045667947076,0.716481886214698,0.393519500624284,1,1,MSH5,1
GO:0043112,receptor metabolic process,1/132,71/18842,0.0140845070422535,2.01045667947076,0.716481886214698,0.393519500624284,1,1,ARAP1,1
GO:0050435,amyloid-beta metabolic process,1/132,71/18842,0.0140845070422535,2.01045667947076,0.716481886214698,0.393519500624284,1,1,IDE,1
GO:0001894,tissue homeostasis,2/132,194/18842,0.0103092783505155,1.47157138394252,0.554541719288538,0.395041477130227,1,1,ARAP1/ABCC8,2
GO:0060249,anatomical structure homeostasis,2/132,194/18842,0.0103092783505155,1.47157138394252,0.554541719288538,0.395041477130227,1,1,ARAP1/ABCC8,2
GO:0007051,spindle organization,2/132,195/18842,0.0102564102564103,1.46402486402486,0.54708665226279,0.397507832071362,1,1,KIF11/HSPA1A,2
GO:0062207,regulation of pattern recognition receptor signaling pathway,2/132,195/18842,0.0102564102564103,1.46402486402486,0.54708665226279,0.397507832071362,1,1,NFKBIL1/HSPA1A,2
GO:0010611,regulation of cardiac muscle hypertrophy,1/132,72/18842,0.0138888888888889,1.98253367003367,0.701590339643839,0.39778434671227,1,1,PPARG,1
GO:0030500,regulation of bone mineralization,1/132,72/18842,0.0138888888888889,1.98253367003367,0.701590339643839,0.39778434671227,1,1,ANKH,1
GO:0042987,amyloid precursor protein catabolic process,1/132,72/18842,0.0138888888888889,1.98253367003367,0.701590339643839,0.39778434671227,1,1,AGER,1
GO:0048488,synaptic vesicle endocytosis,1/132,72/18842,0.0138888888888889,1.98253367003367,0.701590339643839,0.39778434671227,1,1,AP3S2,1
GO:0051205,protein insertion into membrane,1/132,72/18842,0.0138888888888889,1.98253367003367,0.701590339643839,0.39778434671227,1,1,BAG6,1
GO:0098704,carbohydrate import across plasma membrane,1/132,72/18842,0.0138888888888889,1.98253367003367,0.701590339643839,0.39778434671227,1,1,HNF1A,1
GO:0098708,D-glucose import across plasma membrane,1/132,72/18842,0.0138888888888889,1.98253367003367,0.701590339643839,0.39778434671227,1,1,HNF1A,1
GO:0140271,hexose import across plasma membrane,1/132,72/18842,0.0138888888888889,1.98253367003367,0.701590339643839,0.39778434671227,1,1,HNF1A,1
GO:0031032,actomyosin structure organization,2/132,196/18842,0.0102040816326531,1.45655534941249,0.539672984313958,0.399969617034636,1,1,ARAP1/PROX1,2
GO:0055074,calcium ion homeostasis,2/132,196/18842,0.0102040816326531,1.45655534941249,0.539672984313958,0.399969617034636,1,1,THADA/WFS1,2
GO:0033344,cholesterol efflux,1/132,73/18842,0.0136986301369863,1.95537567455376,0.686937284191496,0.402019427491918,1,1,PPARG,1
GO:0033673,negative regulation of kinase activity,1/132,73/18842,0.0136986301369863,1.95537567455376,0.686937284191496,0.402019427491918,1,1,GCKR,1
GO:0045744,negative regulation of G protein-coupled receptor signaling pathway,1/132,73/18842,0.0136986301369863,1.95537567455376,0.686937284191496,0.402019427491918,1,1,GIPR,1
GO:0071806,protein transmembrane transport,1/132,73/18842,0.0136986301369863,1.95537567455376,0.686937284191496,0.402019427491918,1,1,SSR1,1
GO:1902807,negative regulation of cell cycle G1/S phase transition,1/132,73/18842,0.0136986301369863,1.95537567455376,0.686937284191496,0.402019427491918,1,1,CDKN2B,1
GO:0031346,positive regulation of cell projection organization,3/132,327/18842,0.0091743119266055,1.30956352515986,0.474311711642383,0.402460451038773,1,1,ARAP1/MACF1/RREB1,3
GO:1903828,negative regulation of protein localization,2/132,198/18842,0.0101010101010101,1.4418426691154,0.524967899746937,0.404879249723514,1,1,KCNJ11/ABCC8,2
GO:0032720,negative regulation of tumor necrosis factor production,1/132,74/18842,0.0135135135135135,1.92895167895168,0.672515089316132,0.406224949127117,1,1,NFKBIL1,1
GO:0032732,positive regulation of interleukin-1 production,1/132,74/18842,0.0135135135135135,1.92895167895168,0.672515089316132,0.406224949127117,1,1,AGER,1
GO:0050853,B cell receptor signaling pathway,1/132,74/18842,0.0135135135135135,1.92895167895168,0.672515089316132,0.406224949127117,1,1,BCAR1,1
GO:1904063,negative regulation of cation transmembrane transport,1/132,74/18842,0.0135135135135135,1.92895167895168,0.672515089316132,0.406224949127117,1,1,KCNQ1,1
GO:0007623,circadian rhythm,2/132,200/18842,0.01,1.42742424242424,0.510422656240428,0.409769930624519,1,1,PPARG/PROX1,2
GO:0001776,leukocyte homeostasis,1/132,75/18842,0.0133333333333333,1.90323232323232,0.658316472583796,0.410401116364714,1,1,LTA,1
GO:0014743,regulation of muscle hypertrophy,1/132,75/18842,0.0133333333333333,1.90323232323232,0.658316472583796,0.410401116364714,1,1,PPARG,1
GO:0042100,B cell proliferation,1/132,75/18842,0.0133333333333333,1.90323232323232,0.658316472583796,0.410401116364714,1,1,RASGRP1,1
GO:0072665,protein localization to vacuole,1/132,75/18842,0.0133333333333333,1.90323232323232,0.658316472583796,0.410401116364714,1,1,MON1A,1
GO:0010959,regulation of metal ion transport,3/132,332/18842,0.00903614457831325,1.28984118291347,0.447535996602389,0.411860283081808,1,1,ABCC8/KCNQ1/WFS1,3
GO:0007601,visual perception,2/132,201/18842,0.0099502487562189,1.42032262927785,0.503208819585089,0.412208029558249,1,1,EML2/WFS1,2
GO:0031589,cell-substrate adhesion,3/132,333/18842,0.00900900900900901,1.28596778596779,0.442231626937224,0.413735031201204,1,1,MACF1/RREB1/PEAK1,3
GO:0002090,regulation of receptor internalization,1/132,76/18842,0.0131578947368421,1.87818979266348,0.644334479291318,0.414548132544171,1,1,ARAP1,1
GO:0032371,regulation of sterol transport,1/132,76/18842,0.0131578947368421,1.87818979266348,0.644334479291318,0.414548132544171,1,1,PPARG,1
GO:0032374,regulation of cholesterol transport,1/132,76/18842,0.0131578947368421,1.87818979266348,0.644334479291318,0.414548132544171,1,1,PPARG,1
GO:0032436,positive regulation of proteasomal ubiquitin-dependent protein catabolic process,1/132,76/18842,0.0131578947368421,1.87818979266348,0.644334479291318,0.414548132544171,1,1,HSPA1A,1
GO:0044788,host-mediated perturbation of viral process,1/132,76/18842,0.0131578947368421,1.87818979266348,0.644334479291318,0.414548132544171,1,1,HMGA2,1
GO:0048593,camera-type eye morphogenesis,1/132,76/18842,0.0131578947368421,1.87818979266348,0.644334479291318,0.414548132544171,1,1,PROX1,1
GO:0140238,presynaptic endocytosis,1/132,76/18842,0.0131578947368421,1.87818979266348,0.644334479291318,0.414548132544171,1,1,AP3S2,1
GO:1903036,positive regulation of response to wounding,1/132,76/18842,0.0131578947368421,1.87818979266348,0.644334479291318,0.414548132544171,1,1,RREB1,1
GO:1903556,negative regulation of tumor necrosis factor superfamily cytokine production,1/132,76/18842,0.0131578947368421,1.87818979266348,0.644334479291318,0.414548132544171,1,1,NFKBIL1,1
GO:0071356,cellular response to tumor necrosis factor,2/132,202/18842,0.0099009900990099,1.41329132913291,0.496033572328452,0.41464123097497,1,1,ZFP36L2/HSPA1A,2
GO:0032956,regulation of actin cytoskeleton organization,3/132,334/18842,0.00898203592814371,1.28211758301579,0.436943908427419,0.415607961942447,1,1,ARAP1/ARPIN/PROX1,3
GO:0010876,lipid localization,4/132,468/18842,0.00854700854700855,1.22002072002072,0.404843059934149,0.415906210772591,1,1,PPARG/SLC44A4/KCNQ1/STARD10,4
GO:0001937,negative regulation of endothelial cell proliferation,1/132,77/18842,0.012987012987013,1.85379771743408,0.630562463535946,0.418666199607166,1,1,PPARG,1
GO:0032370,positive regulation of lipid transport,1/132,77/18842,0.012987012987013,1.85379771743408,0.630562463535946,0.418666199607166,1,1,PPARG,1
GO:0035270,endocrine system development,1/132,77/18842,0.012987012987013,1.85379771743408,0.630562463535946,0.418666199607166,1,1,HNF1B,1
GO:0048754,branching morphogenesis of an epithelial tube,1/132,77/18842,0.012987012987013,1.85379771743408,0.630562463535946,0.418666199607166,1,1,NOTCH4,1
GO:0060419,heart growth,1/132,77/18842,0.012987012987013,1.85379771743408,0.630562463535946,0.418666199607166,1,1,PROX1,1
GO:0050953,sensory perception of light stimulus,2/132,204/18842,0.00980392156862745,1.39943553178847,0.481797088880188,0.419492737473026,1,1,EML2/WFS1,2
GO:0000070,mitotic sister chromatid segregation,2/132,205/18842,0.00975609756097561,1.39260901699926,0.474734992254194,0.421910943013785,1,1,KIF11/HSPA1A,2
GO:0050728,negative regulation of inflammatory response,2/132,205/18842,0.00975609756097561,1.39260901699926,0.474734992254194,0.421910943013785,1,1,PPARG/HLA-DRB1,2
GO:0030166,proteoglycan biosynthetic process,1/132,78/18842,0.0128205128205128,1.83003108003108,0.616994070611289,0.422755518107132,1,1,TCF7L2,1
GO:0048255,mRNA stabilization,1/132,78/18842,0.0128205128205128,1.83003108003108,0.616994070611289,0.422755518107132,1,1,IGF2BP2,1
GO:0048565,digestive tract development,1/132,78/18842,0.0128205128205128,1.83003108003108,0.616994070611289,0.422755518107132,1,1,KCNQ1,1
GO:0055006,cardiac cell development,1/132,78/18842,0.0128205128205128,1.83003108003108,0.616994070611289,0.422755518107132,1,1,PROX1,1
GO:0061387,regulation of extent of cell growth,1/132,78/18842,0.0128205128205128,1.83003108003108,0.616994070611289,0.422755518107132,1,1,MACF1,1
GO:0006367,transcription initiation at RNA polymerase II promoter,2/132,207/18842,0.00966183574879227,1.37915385741473,0.460720990880589,0.426732016772099,1,1,HNF1A/HNF1B,2
GO:0097529,myeloid leukocyte migration,2/132,207/18842,0.00966183574879227,1.37915385741473,0.460720990880589,0.426732016772099,1,1,AGER/AIF1,2
GO:0031424,keratinization,1/132,79/18842,0.0126582278481013,1.80686612965094,0.603623220620819,0.426816287218721,1,1,CDSN,1
GO:0034766,negative regulation of monoatomic ion transmembrane transport,1/132,79/18842,0.0126582278481013,1.80686612965094,0.603623220620819,0.426816287218721,1,1,KCNQ1,1
GO:0046209,nitric oxide metabolic process,1/132,79/18842,0.0126582278481013,1.80686612965094,0.603623220620819,0.426816287218721,1,1,NQO1,1
GO:0050810,regulation of steroid biosynthetic process,1/132,79/18842,0.0126582278481013,1.80686612965094,0.603623220620819,0.426816287218721,1,1,PROX1,1
GO:0001501,skeletal system development,3/132,341/18842,0.00879765395894428,1.25579845374567,0.400386614057773,0.42866487367273,1,1,HMGA2/ANKH/NOTCH2,3
GO:0002224,toll-like receptor signaling pathway,1/132,80/18842,0.0125,1.7842803030303,0.590444093210386,0.430848704747215,1,1,NFKBIL1,1
GO:0002312,B cell activation involved in immune response,1/132,80/18842,0.0125,1.7842803030303,0.590444093210386,0.430848704747215,1,1,NOTCH2,1
GO:0014910,regulation of smooth muscle cell migration,1/132,80/18842,0.0125,1.7842803030303,0.590444093210386,0.430848704747215,1,1,AIF1,1
GO:0032273,positive regulation of protein polymerization,1/132,80/18842,0.0125,1.7842803030303,0.590444093210386,0.430848704747215,1,1,HSPA1A,1
GO:0061157,mRNA destabilization,2/132,209/18842,0.00956937799043062,1.36595621284617,0.446851193560897,0.431532328834058,1,1,ZFP36L2/FTO,2
GO:0009117,nucleotide metabolic process,4/132,478/18842,0.00836820083682008,1.19449727399518,0.36178109731555,0.43162590099907,1,1,ADCY5/TIGAR/GCKR/HSPA1A,4
GO:0002685,regulation of leukocyte migration,2/132,210/18842,0.00952380952380953,1.35945165945166,0.439969376635764,0.433924585603667,1,1,AGER/AIF1,2
GO:0006399,tRNA metabolic process,2/132,210/18842,0.00952380952380953,1.35945165945166,0.439969376635764,0.433924585603667,1,1,THADA/CDKAL1,2
GO:0051648,vesicle localization,2/132,210/18842,0.00952380952380953,1.35945165945166,0.439969376635764,0.433924585603667,1,1,SYN2/AP3S2,2
GO:0071222,cellular response to lipopolysaccharide,2/132,210/18842,0.00952380952380953,1.35945165945166,0.439969376635764,0.433924585603667,1,1,NFKBIL1/MAP2K7,2
GO:0008015,blood circulation,4/132,480/18842,0.00833333333333333,1.1895202020202,0.353279294520228,0.434757371280122,1,1,PPARG/ABCC8/KCNQ1/AGER,4
GO:0002062,chondrocyte differentiation,1/132,81/18842,0.0123456790123457,1.76225215114104,0.577451113330258,0.434852967137864,1,1,HMGA2,1
GO:0006094,gluconeogenesis,1/132,81/18842,0.0123456790123457,1.76225215114104,0.577451113330258,0.434852967137864,1,1,TCF7L2,1
GO:0035924,cellular response to vascular endothelial growth factor stimulus,1/132,81/18842,0.0123456790123457,1.76225215114104,0.577451113330258,0.434852967137864,1,1,PROX1,1
GO:0046503,glycerolipid catabolic process,1/132,81/18842,0.0123456790123457,1.76225215114104,0.577451113330258,0.434852967137864,1,1,ABHD16A,1
GO:0051591,response to cAMP,1/132,81/18842,0.0123456790123457,1.76225215114104,0.577451113330258,0.434852967137864,1,1,KCNQ1,1
GO:0061138,morphogenesis of a branching epithelium,1/132,81/18842,0.0123456790123457,1.76225215114104,0.577451113330258,0.434852967137864,1,1,NOTCH4,1
GO:1903321,negative regulation of protein modification by small protein conjugation or removal,1/132,81/18842,0.0123456790123457,1.76225215114104,0.577451113330258,0.434852967137864,1,1,HSPA1A,1
GO:2001057,reactive nitrogen species metabolic process,1/132,81/18842,0.0123456790123457,1.76225215114104,0.577451113330258,0.434852967137864,1,1,NQO1,1
GO:0040029,epigenetic regulation of gene expression,3/132,346/18842,0.00867052023121387,1.23765107724645,0.374749424785279,0.437929738767072,1,1,CSNK2B/HMGA2/CDKN2B-AS1,3
GO:0051960,regulation of nervous system development,3/132,346/18842,0.00867052023121387,1.23765107724645,0.374749424785279,0.437929738767072,1,1,MACF1/ABCC8/LTA,3
GO:0050779,RNA destabilization,2/132,212/18842,0.00943396226415094,1.34662664379646,0.426309972245758,0.438693081044336,1,1,ZFP36L2/FTO,2
GO:0071674,mononuclear cell migration,2/132,212/18842,0.00943396226415094,1.34662664379646,0.426309972245758,0.438693081044336,1,1,AGER/AIF1,2
GO:0007626,locomotory behavior,1/132,82/18842,0.0121951219512195,1.74076127124908,0.564638937945424,0.43882926948517,1,1,ANKH,1
GO:0008088,axo-dendritic transport,1/132,82/18842,0.0121951219512195,1.74076127124908,0.564638937945424,0.43882926948517,1,1,AP3S2,1
GO:0062208,positive regulation of pattern recognition receptor signaling pathway,1/132,82/18842,0.0121951219512195,1.74076127124908,0.564638937945424,0.43882926948517,1,1,HSPA1A,1
GO:0008584,male gonad development,1/132,83/18842,0.0120481927710843,1.71978824388463,0.552002443620183,0.442777805542097,1,1,ADAM30,1
GO:0051153,regulation of striated muscle cell differentiation,1/132,83/18842,0.0120481927710843,1.71978824388463,0.552002443620183,0.442777805542097,1,1,PROX1,1
GO:0055123,digestive system development,1/132,83/18842,0.0120481927710843,1.71978824388463,0.552002443620183,0.442777805542097,1,1,KCNQ1,1
GO:0051962,positive regulation of nervous system development,2/132,214/18842,0.00934579439252336,1.33404134806004,0.412787033120375,0.443439936278219,1,1,MACF1/LTA,2
GO:0061014,positive regulation of mRNA catabolic process,2/132,214/18842,0.00934579439252336,1.33404134806004,0.412787033120375,0.443439936278219,1,1,ZFP36L2/FTO,2
GO:1903320,regulation of protein modification by small protein conjugation or removal,2/132,214/18842,0.00934579439252336,1.33404134806004,0.412787033120375,0.443439936278219,1,1,WFS1/HSPA1A,2
GO:0000380,"alternative mRNA splicing, via spliceosome",1/132,84/18842,0.0119047619047619,1.69931457431457,0.539536714909653,0.446698767729231,1,1,RBM5,1
GO:0010906,regulation of glucose metabolic process,1/132,84/18842,0.0119047619047619,1.69931457431457,0.539536714909653,0.446698767729231,1,1,TCF7L2,1
GO:0019319,hexose biosynthetic process,1/132,84/18842,0.0119047619047619,1.69931457431457,0.539536714909653,0.446698767729231,1,1,TCF7L2,1
GO:0036465,synaptic vesicle recycling,1/132,84/18842,0.0119047619047619,1.69931457431457,0.539536714909653,0.446698767729231,1,1,AP3S2,1
GO:0043473,pigmentation,1/132,84/18842,0.0119047619047619,1.69931457431457,0.539536714909653,0.446698767729231,1,1,AP3S2,1
GO:0045995,regulation of embryonic development,1/132,84/18842,0.0119047619047619,1.69931457431457,0.539536714909653,0.446698767729231,1,1,BAG6,1
GO:0046546,development of primary male sexual characteristics,1/132,84/18842,0.0119047619047619,1.69931457431457,0.539536714909653,0.446698767729231,1,1,ADAM30,1
GO:1901874,negative regulation of post-translational protein modification,1/132,84/18842,0.0119047619047619,1.69931457431457,0.539536714909653,0.446698767729231,1,1,HSPA1A,1
GO:0006487,protein N-linked glycosylation,1/132,85/18842,0.0117647058823529,1.67932263814617,0.527237033496754,0.450592347143867,1,1,ST6GAL1,1
GO:0010660,regulation of muscle cell apoptotic process,1/132,85/18842,0.0117647058823529,1.67932263814617,0.527237033496754,0.450592347143867,1,1,PPARG,1
GO:0030902,hindbrain development,1/132,85/18842,0.0117647058823529,1.67932263814617,0.527237033496754,0.450592347143867,1,1,PROX1,1
GO:0046364,monosaccharide biosynthetic process,1/132,85/18842,0.0117647058823529,1.67932263814617,0.527237033496754,0.450592347143867,1,1,TCF7L2,1
GO:0046425,regulation of receptor signaling pathway via JAK-STAT,1/132,85/18842,0.0117647058823529,1.67932263814617,0.527237033496754,0.450592347143867,1,1,HMGA2,1
GO:1900182,positive regulation of protein localization to nucleus,1/132,85/18842,0.0117647058823529,1.67932263814617,0.527237033496754,0.450592347143867,1,1,TCF7L2,1
GO:0014909,smooth muscle cell migration,1/132,86/18842,0.0116279069767442,1.65979563072586,0.515098868018575,0.454458733569042,1,1,AIF1,1
GO:1901873,regulation of post-translational protein modification,2/132,219/18842,0.0091324200913242,1.30358378303584,0.379557739032108,0.455210281613793,1,1,WFS1/HSPA1A,2
GO:0000377,"RNA splicing, via transesterification reactions with bulged adenosine as nucleophile",3/132,357/18842,0.00840336134453782,1.19951617010441,0.319671947439771,0.458112122413614,1,1,RBM5/RBM6/DDX39B,3
GO:0000398,"mRNA splicing, via spliceosome",3/132,357/18842,0.00840336134453782,1.19951617010441,0.319671947439771,0.458112122413614,1,1,RBM5/RBM6/DDX39B,3
GO:0007368,determination of left/right symmetry,1/132,87/18842,0.0114942528735632,1.64071752002787,0.503117864530846,0.458298115482504,1,1,NOTCH2,1
GO:0007613,memory,1/132,87/18842,0.0114942528735632,1.64071752002787,0.503117864530846,0.458298115482504,1,1,ABCC8,1
GO:0051492,regulation of stress fiber assembly,1/132,87/18842,0.0114942528735632,1.64071752002787,0.503117864530846,0.458298115482504,1,1,ARAP1,1
GO:0055117,regulation of cardiac muscle contraction,1/132,87/18842,0.0114942528735632,1.64071752002787,0.503117864530846,0.458298115482504,1,1,KCNQ1,1
GO:0086001,cardiac muscle cell action potential,1/132,87/18842,0.0114942528735632,1.64071752002787,0.503117864530846,0.458298115482504,1,1,KCNQ1,1
GO:0060972,left/right pattern formation,1/132,88/18842,0.0113636363636364,1.62207300275482,0.491289837563612,0.462110680065618,1,1,NOTCH2,1
GO:0071347,cellular response to interleukin-1,1/132,88/18842,0.0113636363636364,1.62207300275482,0.491289837563612,0.462110680065618,1,1,MAP2K7,1
GO:0086003,cardiac muscle cell contraction,1/132,88/18842,0.0113636363636364,1.62207300275482,0.491289837563612,0.462110680065618,1,1,KCNQ1,1
GO:0002274,myeloid leukocyte activation,2/132,222/18842,0.00900900900900901,1.28596778596779,0.36000274190299,0.462204601212756,1,1,AGER/AIF1,2
GO:0071219,cellular response to molecule of bacterial origin,2/132,223/18842,0.00896860986547085,1.28020111428183,0.353546189021067,0.464524512161467,1,1,NFKBIL1/MAP2K7,2
GO:0000375,"RNA splicing, via transesterification reactions",3/132,361/18842,0.00831024930747923,1.18622513220851,0.300075960815285,0.46537736594875,1,1,RBM5/RBM6/DDX39B,3
GO:0001510,RNA methylation,1/132,89/18842,0.0112359550561798,1.60384746339803,0.479610761725125,0.465896613212219,1,1,THADA,1
GO:0003231,cardiac ventricle development,1/132,89/18842,0.0112359550561798,1.60384746339803,0.479610761725125,0.465896613212219,1,1,PROX1,1
GO:0006900,vesicle budding from membrane,1/132,89/18842,0.0112359550561798,1.60384746339803,0.479610761725125,0.465896613212219,1,1,AP3S2,1
GO:0010232,vascular transport,1/132,89/18842,0.0112359550561798,1.60384746339803,0.479610761725125,0.465896613212219,1,1,AGER,1
GO:0010657,muscle cell apoptotic process,1/132,89/18842,0.0112359550561798,1.60384746339803,0.479610761725125,0.465896613212219,1,1,PPARG,1
GO:0021987,cerebral cortex development,1/132,89/18842,0.0112359550561798,1.60384746339803,0.479610761725125,0.465896613212219,1,1,ZMIZ1,1
GO:0043502,regulation of muscle adaptation,1/132,89/18842,0.0112359550561798,1.60384746339803,0.479610761725125,0.465896613212219,1,1,PPARG,1
GO:0045104,intermediate filament cytoskeleton organization,1/132,89/18842,0.0112359550561798,1.60384746339803,0.479610761725125,0.465896613212219,1,1,MACF1,1
GO:0046661,male sex differentiation,1/132,89/18842,0.0112359550561798,1.60384746339803,0.479610761725125,0.465896613212219,1,1,ADAM30,1
GO:0048675,axon extension,1/132,89/18842,0.0112359550561798,1.60384746339803,0.479610761725125,0.465896613212219,1,1,MACF1,1
GO:0098869,cellular oxidant detoxification,1/132,89/18842,0.0112359550561798,1.60384746339803,0.479610761725125,0.465896613212219,1,1,NQO1,1
GO:0150104,transport across blood-brain barrier,1/132,89/18842,0.0112359550561798,1.60384746339803,0.479610761725125,0.465896613212219,1,1,AGER,1
GO:1904705,regulation of vascular associated smooth muscle cell proliferation,1/132,89/18842,0.0112359550561798,1.60384746339803,0.479610761725125,0.465896613212219,1,1,PPARG,1
GO:0007029,endoplasmic reticulum organization,1/132,90/18842,0.0111111111111111,1.58602693602694,0.468076763814561,0.469656099537392,1,1,BAG6,1
GO:0043489,RNA stabilization,1/132,90/18842,0.0111111111111111,1.58602693602694,0.468076763814561,0.469656099537392,1,1,IGF2BP2,1
GO:0045103,intermediate filament-based process,1/132,90/18842,0.0111111111111111,1.58602693602694,0.468076763814561,0.469656099537392,1,1,MACF1,1
GO:0072384,organelle transport along microtubule,1/132,90/18842,0.0111111111111111,1.58602693602694,0.468076763814561,0.469656099537392,1,1,AP3S2,1
GO:1990874,vascular associated smooth muscle cell proliferation,1/132,90/18842,0.0111111111111111,1.58602693602694,0.468076763814561,0.469656099537392,1,1,PPARG,1
GO:0042692,muscle cell differentiation,3/132,365/18842,0.00821917808219178,1.17322540473225,0.280701241962346,0.47260062449231,1,1,PROX1/NOTCH2/NOTCH4,3
GO:0006446,regulation of translational initiation,1/132,91/18842,0.010989010989011,1.56859806859807,0.456684115407401,0.473389322386212,1,1,HHEX,1
GO:0008630,intrinsic apoptotic signaling pathway in response to DNA damage,1/132,91/18842,0.010989010989011,1.56859806859807,0.456684115407401,0.473389322386212,1,1,BAG6,1
GO:0022600,digestive system process,1/132,91/18842,0.010989010989011,1.56859806859807,0.456684115407401,0.473389322386212,1,1,KCNQ1,1
GO:0048736,appendage development,1/132,91/18842,0.010989010989011,1.56859806859807,0.456684115407401,0.473389322386212,1,1,MBNL1,1
GO:0060173,limb development,1/132,91/18842,0.010989010989011,1.56859806859807,0.456684115407401,0.473389322386212,1,1,MBNL1,1
GO:1902373,negative regulation of mRNA catabolic process,1/132,91/18842,0.010989010989011,1.56859806859807,0.456684115407401,0.473389322386212,1,1,IGF2BP2,1
GO:0002690,positive regulation of leukocyte chemotaxis,1/132,92/18842,0.0108695652173913,1.55154808959157,0.445429225880249,0.477096463842402,1,1,AIF1,1
GO:0008593,regulation of Notch signaling pathway,1/132,92/18842,0.0108695652173913,1.55154808959157,0.445429225880249,0.477096463842402,1,1,ZMIZ1,1
GO:0030316,osteoclast differentiation,1/132,92/18842,0.0108695652173913,1.55154808959157,0.445429225880249,0.477096463842402,1,1,NOTCH2,1
GO:0043255,regulation of carbohydrate biosynthetic process,1/132,92/18842,0.0108695652173913,1.55154808959157,0.445429225880249,0.477096463842402,1,1,TCF7L2,1
GO:0048661,positive regulation of smooth muscle cell proliferation,1/132,92/18842,0.0108695652173913,1.55154808959157,0.445429225880249,0.477096463842402,1,1,AIF1,1
GO:1901264,carbohydrate derivative transport,1/132,92/18842,0.0108695652173913,1.55154808959157,0.445429225880249,0.477096463842402,1,1,ANKH,1
GO:0007160,cell-matrix adhesion,2/132,229/18842,0.00873362445414847,1.24665872700807,0.315433696172388,0.478320622652111,1,1,MACF1/PEAK1,2
GO:0001763,morphogenesis of a branching structure,1/132,93/18842,0.010752688172043,1.53486477680026,0.434308635844533,0.480777704736951,1,1,NOTCH4,1
GO:0003300,cardiac muscle hypertrophy,1/132,93/18842,0.010752688172043,1.53486477680026,0.434308635844533,0.480777704736951,1,1,PPARG,1
GO:0019080,viral gene expression,1/132,93/18842,0.010752688172043,1.53486477680026,0.434308635844533,0.480777704736951,1,1,ST6GAL1,1
GO:0021782,glial cell development,1/132,93/18842,0.010752688172043,1.53486477680026,0.434308635844533,0.480777704736951,1,1,AGER,1
GO:0035082,axoneme assembly,1/132,93/18842,0.010752688172043,1.53486477680026,0.434308635844533,0.480777704736951,1,1,DNAH7,1
GO:0051928,positive regulation of calcium ion transport,1/132,93/18842,0.010752688172043,1.53486477680026,0.434308635844533,0.480777704736951,1,1,WFS1,1
GO:0060291,long-term synaptic potentiation,1/132,93/18842,0.010752688172043,1.53486477680026,0.434308635844533,0.480777704736951,1,1,AGER,1
GO:0070167,regulation of biomineral tissue development,1/132,93/18842,0.010752688172043,1.53486477680026,0.434308635844533,0.480777704736951,1,1,ANKH,1
GO:1904659,D-glucose transmembrane transport,1/132,93/18842,0.010752688172043,1.53486477680026,0.434308635844533,0.480777704736951,1,1,HNF1A,1
GO:0009100,glycoprotein metabolic process,3/132,370/18842,0.00810810810810811,1.15737100737101,0.256785604623469,0.48156829439363,1,1,TCF7L2/ST6GAL1/RNF5,3
GO:1903313,positive regulation of mRNA metabolic process,2/132,231/18842,0.00865800865800866,1.23586514495605,0.302961156285075,0.482871596988307,1,1,ZFP36L2/FTO,2
GO:0001818,negative regulation of cytokine production,3/132,371/18842,0.00808625336927224,1.15425140896839,0.25204201148862,0.483353408462192,1,1,HLA-DRB1/NFKBIL1/AGER,3
GO:0031398,positive regulation of protein ubiquitination,1/132,94/18842,0.0106382978723404,1.5185364281109,0.423319010960977,0.484433224656666,1,1,WFS1,1
GO:0014812,muscle cell migration,1/132,95/18842,0.0105263157894737,1.50255183413078,0.41245713610892,0.488063201952661,1,1,AIF1,1
GO:0050768,negative regulation of neurogenesis,1/132,95/18842,0.0105263157894737,1.50255183413078,0.41245713610892,0.488063201952661,1,1,ABCC8,1
GO:0061337,cardiac conduction,1/132,95/18842,0.0105263157894737,1.50255183413078,0.41245713610892,0.488063201952661,1,1,KCNQ1,1
GO:0007612,learning,1/132,96/18842,0.0104166666666667,1.48690025252525,0.4017199098866,0.491667813748802,1,1,ABCC8,1
GO:0009799,specification of symmetry,1/132,96/18842,0.0104166666666667,1.48690025252525,0.4017199098866,0.491667813748802,1,1,NOTCH2,1
GO:0009855,determination of bilateral symmetry,1/132,96/18842,0.0104166666666667,1.48690025252525,0.4017199098866,0.491667813748802,1,1,NOTCH2,1
GO:0014897,striated muscle hypertrophy,1/132,96/18842,0.0104166666666667,1.48690025252525,0.4017199098866,0.491667813748802,1,1,PPARG,1
GO:0030282,bone mineralization,1/132,96/18842,0.0104166666666667,1.48690025252525,0.4017199098866,0.491667813748802,1,1,ANKH,1
GO:0044344,cellular response to fibroblast growth factor stimulus,1/132,96/18842,0.0104166666666667,1.48690025252525,0.4017199098866,0.491667813748802,1,1,ZFP36L2,1
GO:1901655,cellular response to ketone,1/132,96/18842,0.0104166666666667,1.48690025252525,0.4017199098866,0.491667813748802,1,1,ADCY5,1
GO:1905954,positive regulation of lipid localization,1/132,96/18842,0.0104166666666667,1.48690025252525,0.4017199098866,0.491667813748802,1,1,PPARG,1
GO:0031647,regulation of protein stability,3/132,376/18842,0.00797872340425532,1.13890232108317,0.2285172854392,0.492235653454025,1,1,BAG6/WFS1/HSPA1A,3
GO:0032526,response to retinoic acid,1/132,97/18842,0.0103092783505155,1.47157138394252,0.391104339420348,0.49524723595008,1,1,MICB,1
GO:0050905,neuromuscular process,1/132,97/18842,0.0103092783505155,1.47157138394252,0.391104339420348,0.49524723595008,1,1,VTI1A,1
GO:0060041,retina development in camera-type eye,1/132,97/18842,0.0103092783505155,1.47157138394252,0.391104339420348,0.49524723595008,1,1,PROX1,1
GO:0097306,cellular response to alcohol,1/132,97/18842,0.0103092783505155,1.47157138394252,0.391104339420348,0.49524723595008,1,1,ADCY5,1
GO:2000060,positive regulation of ubiquitin-dependent protein catabolic process,1/132,97/18842,0.0103092783505155,1.47157138394252,0.391104339420348,0.49524723595008,1,1,HSPA1A,1
GO:0045930,negative regulation of mitotic cell cycle,2/132,237/18842,0.00843881856540084,1.20457741976729,0.26620675973509,0.49637818763388,1,1,CDKN2B/ZFP36L2,2
GO:0016050,vesicle organization,3/132,379/18842,0.0079155672823219,1.12988726313265,0.214554230698733,0.497529570656265,1,1,ATP6V1G2/AP3S2/VTI1A,3
GO:0014896,muscle hypertrophy,1/132,98/18842,0.0102040816326531,1.45655534941249,0.380607535462328,0.498801643250938,1,1,PPARG,1
GO:0042982,amyloid precursor protein metabolic process,1/132,98/18842,0.0102040816326531,1.45655534941249,0.380607535462328,0.498801643250938,1,1,AGER,1
GO:0046822,regulation of nucleocytoplasmic transport,1/132,98/18842,0.0102040816326531,1.45655534941249,0.380607535462328,0.498801643250938,1,1,HHEX,1
GO:0140115,export across plasma membrane,1/132,98/18842,0.0102040816326531,1.45655534941249,0.380607535462328,0.498801643250938,1,1,KCNQ1,1
GO:2001252,positive regulation of chromosome organization,1/132,98/18842,0.0102040816326531,1.45655534941249,0.380607535462328,0.498801643250938,1,1,MAP2K7,1
GO:0032970,regulation of actin filament-based process,3/132,380/18842,0.00789473684210526,1.12691387559809,0.209924717825519,0.499288180357503,1,1,ARAP1/ARPIN/PROX1,3
GO:0048589,developmental growth,3/132,381/18842,0.0078740157480315,1.12395609639704,0.205307499858417,0.50104374187813,1,1,MACF1/PROX1/FTO,3
GO:0008637,apoptotic mitochondrial changes,1/132,99/18842,0.0101010101010101,1.4418426691154,0.370226707757979,0.502331209143537,1,1,HSPA1A,1
GO:0008645,hexose transmembrane transport,1/132,99/18842,0.0101010101010101,1.4418426691154,0.370226707757979,0.502331209143537,1,1,HNF1A,1
GO:0097006,regulation of plasma lipoprotein particle levels,1/132,99/18842,0.0101010101010101,1.4418426691154,0.370226707757979,0.502331209143537,1,1,ABCC8,1
GO:1901222,regulation of non-canonical NF-kappaB signal transduction,1/132,99/18842,0.0101010101010101,1.4418426691154,0.370226707757979,0.502331209143537,1,1,AGER,1
GO:2000781,positive regulation of double-strand break repair,1/132,99/18842,0.0101010101010101,1.4418426691154,0.370226707757979,0.502331209143537,1,1,AGER,1
GO:0015980,energy derivation by oxidation of organic compounds,3/132,383/18842,0.00783289817232376,1.11808687396155,0.196109654551198,0.504545641739958,1,1,IDE/TIGAR/GCKR,3
GO:0043269,regulation of monoatomic ion transport,3/132,383/18842,0.00783289817232376,1.11808687396155,0.196109654551198,0.504545641739958,1,1,ABCC8/KCNQ1/WFS1,3
GO:0001938,positive regulation of endothelial cell proliferation,1/132,100/18842,0.01,1.42742424242424,0.359959160665742,0.505836105925965,1,1,PROX1,1
GO:0061351,neural precursor cell proliferation,1/132,100/18842,0.01,1.42742424242424,0.359959160665742,0.505836105925965,1,1,PROX1,1
GO:0006641,triglyceride metabolic process,1/132,101/18842,0.0099009900990099,1.41329132913291,0.349802289012944,0.509316504710394,1,1,GPAT4,1
GO:0015749,monosaccharide transmembrane transport,1/132,101/18842,0.0099009900990099,1.41329132913291,0.349802289012944,0.509316504710394,1,1,HNF1A,1
GO:0032231,regulation of actin filament bundle assembly,1/132,101/18842,0.0099009900990099,1.41329132913291,0.349802289012944,0.509316504710394,1,1,ARAP1,1
GO:0048592,eye morphogenesis,1/132,101/18842,0.0099009900990099,1.41329132913291,0.349802289012944,0.509316504710394,1,1,PROX1,1
GO:0002027,regulation of heart rate,1/132,102/18842,0.00980392156862745,1.39943553178847,0.339753574172866,0.512772575431179,1,1,KCNQ1,1
GO:0051262,protein tetramerization,1/132,102/18842,0.00980392156862745,1.39943553178847,0.339753574172866,0.512772575431179,1,1,HLA-DRB1,1
GO:0019218,regulation of steroid metabolic process,1/132,103/18842,0.00970873786407767,1.38584877905266,0.329810580349135,0.516204486852902,1,1,PROX1,1
GO:0030038,contractile actin filament bundle assembly,1/132,103/18842,0.00970873786407767,1.38584877905266,0.329810580349135,0.516204486852902,1,1,ARAP1,1
GO:0043149,stress fiber assembly,1/132,103/18842,0.00970873786407767,1.38584877905266,0.329810580349135,0.516204486852902,1,1,ARAP1,1
GO:0043271,negative regulation of monoatomic ion transport,1/132,103/18842,0.00970873786407767,1.38584877905266,0.329810580349135,0.516204486852902,1,1,KCNQ1,1
GO:0051961,negative regulation of nervous system development,1/132,103/18842,0.00970873786407767,1.38584877905266,0.329810580349135,0.516204486852902,1,1,ABCC8,1
GO:0055007,cardiac muscle cell differentiation,1/132,103/18842,0.00970873786407767,1.38584877905266,0.329810580349135,0.516204486852902,1,1,PROX1,1
GO:0071774,response to fibroblast growth factor,1/132,103/18842,0.00970873786407767,1.38584877905266,0.329810580349135,0.516204486852902,1,1,ZFP36L2,1
GO:0072676,lymphocyte migration,1/132,103/18842,0.00970873786407767,1.38584877905266,0.329810580349135,0.516204486852902,1,1,AIF1,1
GO:0000819,sister chromatid segregation,2/132,246/18842,0.00813008130081301,1.16050751416605,0.212840955619485,0.516217223711985,1,1,KIF11/HSPA1A,2
GO:0030278,regulation of ossification,1/132,104/18842,0.00961538461538462,1.37252331002331,0.319970951054579,0.519612406578363,1,1,ANKH,1
GO:0030510,regulation of BMP signaling pathway,1/132,104/18842,0.00961538461538462,1.37252331002331,0.319970951054579,0.519612406578363,1,1,PPARG,1
GO:0032784,regulation of DNA-templated transcription elongation,1/132,104/18842,0.00961538461538462,1.37252331002331,0.319970951054579,0.519612406578363,1,1,ZC3H4,1
GO:0042147,"retrograde transport, endosome to Golgi",1/132,104/18842,0.00961538461538462,1.37252331002331,0.319970951054579,0.519612406578363,1,1,VTI1A,1
GO:0050770,regulation of axonogenesis,1/132,104/18842,0.00961538461538462,1.37252331002331,0.319970951054579,0.519612406578363,1,1,MACF1,1
GO:1902369,negative regulation of RNA catabolic process,1/132,104/18842,0.00961538461538462,1.37252331002331,0.319970951054579,0.519612406578363,1,1,IGF2BP2,1
GO:0001960,negative regulation of cytokine-mediated signaling pathway,1/132,105/18842,0.00952380952380953,1.35945165945166,0.310232405772556,0.522996501056517,1,1,PPARG,1
GO:0006029,proteoglycan metabolic process,1/132,105/18842,0.00952380952380953,1.35945165945166,0.310232405772556,0.522996501056517,1,1,TCF7L2,1
GO:0006942,regulation of striated muscle contraction,1/132,105/18842,0.00952380952380953,1.35945165945166,0.310232405772556,0.522996501056517,1,1,KCNQ1,1
GO:0009952,anterior/posterior pattern specification,1/132,105/18842,0.00952380952380953,1.35945165945166,0.310232405772556,0.522996501056517,1,1,HHEX,1
GO:0032963,collagen metabolic process,1/132,105/18842,0.00952380952380953,1.35945165945166,0.310232405772556,0.522996501056517,1,1,TNXB,1
GO:0140888,interferon-mediated signaling pathway,1/132,105/18842,0.00952380952380953,1.35945165945166,0.310232405772556,0.522996501056517,1,1,PPARG,1
GO:0010811,positive regulation of cell-substrate adhesion,1/132,106/18842,0.00943396226415094,1.34662664379646,0.300592736789676,0.526356935590357,1,1,RREB1,1
GO:0010977,negative regulation of neuron projection development,1/132,106/18842,0.00943396226415094,1.34662664379646,0.300592736789676,0.526356935590357,1,1,PTPRG,1
GO:0032637,interleukin-8 production,1/132,106/18842,0.00943396226415094,1.34662664379646,0.300592736789676,0.526356935590357,1,1,HSPA1A,1
GO:0032677,regulation of interleukin-8 production,1/132,106/18842,0.00943396226415094,1.34662664379646,0.300592736789676,0.526356935590357,1,1,HSPA1A,1
GO:0034308,primary alcohol metabolic process,1/132,106/18842,0.00943396226415094,1.34662664379646,0.300592736789676,0.526356935590357,1,1,CYP21A2,1
GO:0110053,regulation of actin filament organization,2/132,251/18842,0.00796812749003984,1.13738983460099,0.184052674504096,0.527015816119006,1,1,ARAP1/ARPIN,2
GO:0043500,muscle adaptation,1/132,107/18842,0.00934579439252336,1.33404134806004,0.291049806189553,0.529693874344737,1,1,PPARG,1
GO:0050864,regulation of B cell activation,1/132,107/18842,0.00934579439252336,1.33404134806004,0.291049806189553,0.529693874344737,1,1,ZFP36L2,1
GO:0009416,response to light stimulus,2/132,253/18842,0.00790513833992095,1.12839861061205,0.172700906759337,0.531289973535264,1,1,ABCC8/MAP2K7,2
GO:0019217,regulation of fatty acid metabolic process,1/132,108/18842,0.00925925925925926,1.32168911335578,0.281601542997973,0.533007480354158,1,1,PPARG,1
GO:0032204,regulation of telomere maintenance,1/132,108/18842,0.00925925925925926,1.32168911335578,0.281601542997973,0.533007480354158,1,1,MAP2K7,1
GO:0051851,host-mediated perturbation of symbiont process,1/132,108/18842,0.00925925925925926,1.32168911335578,0.281601542997973,0.533007480354158,1,1,HMGA2,1
GO:0120034,positive regulation of plasma membrane bounded cell projection assembly,1/132,108/18842,0.00925925925925926,1.32168911335578,0.281601542997973,0.533007480354158,1,1,ARAP1,1
GO:0021700,developmental maturation,2/132,254/18842,0.0078740157480315,1.12395609639704,0.167059225674274,0.533417288039438,1,1,PPARG/ATP6V1G2,2
GO:0003018,vascular process in circulatory system,2/132,255/18842,0.00784313725490196,1.11954842543078,0.161440073937078,0.535538074169463,1,1,ABCC8/AGER,2
GO:1901136,carbohydrate derivative catabolic process,2/132,255/18842,0.00784313725490196,1.11954842543078,0.161440073937078,0.535538074169463,1,1,TIGAR/GCKR,2
GO:0007229,integrin-mediated signaling pathway,1/132,109/18842,0.0091743119266055,1.30956352515986,0.272245940470503,0.536297915530482,1,1,BCAR1,1
GO:0015908,fatty acid transport,1/132,109/18842,0.0091743119266055,1.30956352515986,0.272245940470503,0.536297915530482,1,1,PPARG,1
GO:0046777,protein autophosphorylation,1/132,110/18842,0.00909090909090909,1.29765840220386,0.262981053514196,0.539565340670607,1,1,PEAK1,1
GO:0060761,negative regulation of response to cytokine stimulus,1/132,110/18842,0.00909090909090909,1.29765840220386,0.262981053514196,0.539565340670607,1,1,PPARG,1
GO:1903522,regulation of blood circulation,2/132,257/18842,0.00778210116731518,1.11083598632237,0.150268556998215,0.539760007659866,1,1,KCNQ1/AGER,2
GO:0030900,forebrain development,2/132,258/18842,0.00775193798449612,1.10653042048391,0.144715797559505,0.541861129452441,1,1,PROX1/ZMIZ1,2
GO:0022618,protein-RNA complex assembly,2/132,259/18842,0.00772200772200772,1.1022581022581,0.13918477890612,0.543955671722711,1,1,RBM5/DDX39B,2
GO:0001654,eye development,2/132,261/18842,0.00766283524904215,1.09381168001858,0.128187203210971,0.548124971951379,1,1,PROX1/PBX2,2
GO:0032611,interleukin-1 beta production,1/132,113/18842,0.00884955752212389,1.26320729418075,0.235712109249377,0.549231147277949,1,1,AGER,1
GO:0032651,regulation of interleukin-1 beta production,1/132,113/18842,0.00884955752212389,1.26320729418075,0.235712109249377,0.549231147277949,1,1,AGER,1
GO:0034219,carbohydrate transmembrane transport,1/132,113/18842,0.00884955752212389,1.26320729418075,0.235712109249377,0.549231147277949,1,1,HNF1A,1
GO:0035265,organ growth,1/132,113/18842,0.00884955752212389,1.26320729418075,0.235712109249377,0.549231147277949,1,1,PROX1,1
GO:0045833,negative regulation of lipid metabolic process,1/132,113/18842,0.00884955752212389,1.26320729418075,0.235712109249377,0.549231147277949,1,1,PROX1,1
GO:0048024,"regulation of mRNA splicing, via spliceosome",1/132,113/18842,0.00884955752212389,1.26320729418075,0.235712109249377,0.549231147277949,1,1,RBM5,1
GO:0001764,neuron migration,1/132,114/18842,0.0087719298245614,1.25212652844232,0.22679178331018,0.552408118208554,1,1,ZMIZ1,1
GO:0010927,cellular component assembly involved in morphogenesis,1/132,114/18842,0.0087719298245614,1.25212652844232,0.22679178331018,0.552408118208554,1,1,PROX1,1
GO:0032989,cellular anatomical entity morphogenesis,1/132,114/18842,0.0087719298245614,1.25212652844232,0.22679178331018,0.552408118208554,1,1,PROX1,1
GO:0035821,modulation of process of another organism,1/132,115/18842,0.00869565217391304,1.24123847167325,0.217953290455668,0.555562866627844,1,1,HMGA2,1
GO:1904064,positive regulation of cation transmembrane transport,1/132,115/18842,0.00869565217391304,1.24123847167325,0.217953290455668,0.555562866627844,1,1,KCNQ1,1
GO:0051896,regulation of phosphatidylinositol 3-kinase/protein kinase B signal transduction,2/132,265/18842,0.00754716981132076,1.07730131503716,0.106444708057981,0.556384141488125,1,1,MST1R/TCF7L2,2
GO:0150063,visual system development,2/132,265/18842,0.00754716981132076,1.07730131503716,0.106444708057981,0.556384141488125,1,1,PROX1/PBX2,2
GO:1901888,regulation of cell junction assembly,2/132,265/18842,0.00754716981132076,1.07730131503716,0.106444708057981,0.556384141488125,1,1,MACF1/PEAK1,2
GO:0006352,DNA-templated transcription initiation,2/132,266/18842,0.0075187969924812,1.07325131009342,0.101060666980813,0.558432329986071,1,1,HNF1A/HNF1B,2
GO:0008643,carbohydrate transport,1/132,116/18842,0.00862068965517241,1.2305381400209,0.209195007946711,0.55869554680113,1,1,HNF1A,1
GO:0032609,type II interferon production,1/132,117/18842,0.00854700854700855,1.22002072002072,0.200515359808112,0.561806311931017,1,1,HLA-DRB1,1
GO:0032649,regulation of type II interferon production,1/132,117/18842,0.00854700854700855,1.22002072002072,0.200515359808112,0.561806311931017,1,1,HLA-DRB1,1
GO:0070252,actin-mediated cell contraction,1/132,117/18842,0.00854700854700855,1.22002072002072,0.200515359808112,0.561806311931017,1,1,KCNQ1,1
GO:0071826,protein-RNA complex organization,2/132,268/18842,0.00746268656716418,1.06524197195839,0.0903532549047504,0.562508722496032,1,1,RBM5/DDX39B,2
GO:0051051,negative regulation of transport,3/132,418/18842,0.00717703349282297,1.02446715963462,0.0424895156586981,0.563696178758935,1,1,KCNJ11/ABCC8/KCNQ1,3
GO:1901988,negative regulation of cell cycle phase transition,2/132,269/18842,0.00743494423791822,1.06128196462769,0.0850295414665388,0.564536911175821,1,1,CDKN2B/ZFP36L2,2
GO:0002688,regulation of leukocyte chemotaxis,1/132,118/18842,0.00847457627118644,1.20968156137648,0.191912815081523,0.564895314164667,1,1,AIF1,1
GO:0009581,detection of external stimulus,1/132,118/18842,0.00847457627118644,1.20968156137648,0.191912815081523,0.564895314164667,1,1,KCNQ1,1
GO:1903322,positive regulation of protein modification by small protein conjugation or removal,1/132,118/18842,0.00847457627118644,1.20968156137648,0.191912815081523,0.564895314164667,1,1,WFS1,1
GO:0010717,regulation of epithelial to mesenchymal transition,1/132,119/18842,0.00840336134453782,1.19951617010441,0.183385886158085,0.56796270460102,1,1,TCF7L2,1
GO:0034767,positive regulation of monoatomic ion transmembrane transport,1/132,119/18842,0.00840336134453782,1.19951617010441,0.183385886158085,0.56796270460102,1,1,KCNQ1,1
GO:0042326,negative regulation of phosphorylation,1/132,119/18842,0.00840336134453782,1.19951617010441,0.183385886158085,0.56796270460102,1,1,GCKR,1
GO:1901875,positive regulation of post-translational protein modification,1/132,119/18842,0.00840336134453782,1.19951617010441,0.183385886158085,0.56796270460102,1,1,WFS1,1
GO:1903312,negative regulation of mRNA metabolic process,1/132,119/18842,0.00840336134453782,1.19951617010441,0.183385886158085,0.56796270460102,1,1,IGF2BP2,1
GO:0048511,rhythmic process,2/132,272/18842,0.00735294117647059,1.04957664884135,0.0691763612380505,0.570581363900393,1,1,PPARG/PROX1,2
GO:0015695,organic cation transport,1/132,120/18842,0.00833333333333333,1.1895202020202,0.174933127186531,0.571008633297952,1,1,SLC44A4,1
GO:0009582,detection of abiotic stimulus,1/132,121/18842,0.00826446280991736,1.17968945654896,0.166553132552716,0.5740332492794,1,1,KCNQ1,1
GO:0045664,regulation of neuron differentiation,1/132,121/18842,0.00826446280991736,1.17968945654896,0.166553132552716,0.5740332492794,1,1,PROX1,1
GO:0072659,protein localization to plasma membrane,2/132,274/18842,0.0072992700729927,1.04191550541916,0.0587042402238405,0.57457751046281,1,1,MACF1/ANK1,2
GO:0001578,microtubule bundle formation,1/132,122/18842,0.00819672131147541,1.17001987083954,0.158244535426806,0.577036700542427,1,1,DNAH7,1
GO:0051384,response to glucocorticoid,1/132,122/18842,0.00819672131147541,1.17001987083954,0.158244535426806,0.577036700542427,1,1,ZFP36L2,1
GO:0140694,membraneless organelle assembly,3/132,427/18842,0.00702576112412178,1.00287417500532,0.00504595450876662,0.578209692003235,1,1,PROX1/KIF11/HSPA1A,3
GO:0006275,regulation of DNA replication,1/132,123/18842,0.00813008130081301,1.16050751416605,0.150006006374584,0.580019134064243,1,1,AGER,1
GO:0033209,tumor necrosis factor-mediated signaling pathway,1/132,123/18842,0.00813008130081301,1.16050751416605,0.150006006374584,0.580019134064243,1,1,HSPA1A,1
GO:0048259,regulation of receptor-mediated endocytosis,1/132,123/18842,0.00813008130081301,1.16050751416605,0.150006006374584,0.580019134064243,1,1,ARAP1,1
GO:1990748,cellular detoxification,1/132,123/18842,0.00813008130081301,1.16050751416605,0.150006006374584,0.580019134064243,1,1,NQO1,1
GO:0014706,striated muscle tissue development,2/132,277/18842,0.0072202166064982,1.03063122196696,0.0431378778930419,0.580521394036149,1,1,PROX1/NOTCH2,2
GO:0030198,extracellular matrix organization,2/132,278/18842,0.00719424460431655,1.02692391541312,0.0379862902379225,0.582489248434193,1,1,PPARG/TNXB,2
GO:0030301,cholesterol transport,1/132,124/18842,0.00806451612903226,1.1511485826002,0.141836252029537,0.582980695809182,1,1,PPARG,1
GO:0034763,negative regulation of transmembrane transport,1/132,124/18842,0.00806451612903226,1.1511485826002,0.141836252029537,0.582980695809182,1,1,KCNQ1,1
GO:0043524,negative regulation of neuron apoptotic process,1/132,124/18842,0.00806451612903226,1.1511485826002,0.141836252029537,0.582980695809182,1,1,WFS1,1
GO:0043062,extracellular structure organization,2/132,279/18842,0.00716845878136201,1.02324318453351,0.0328530501126443,0.584450376757683,1,1,PPARG/TNXB,2
GO:0050868,negative regulation of T cell activation,1/132,125/18842,0.008,1.14193939393939,0.133734013822592,0.585921530735627,1,1,HLA-DRB1,1
GO:0051592,response to calcium ion,1/132,125/18842,0.008,1.14193939393939,0.133734013822592,0.585921530735627,1,1,GIPR,1
GO:0045229,external encapsulating structure organization,2/132,280/18842,0.00714285714285714,1.01958874458874,0.027738008811897,0.586404775964805,1,1,PPARG/TNXB,2
GO:0051321,meiotic cell cycle,2/132,281/18842,0.00711743772241993,1.0159603148927,0.0226410193997369,0.588352443383381,1,1,BAG6/MSH5,2
GO:0140014,mitotic nuclear division,2/132,281/18842,0.00711743772241993,1.0159603148927,0.0226410193997369,0.588352443383381,1,1,KIF11/HSPA1A,2
GO:0007173,epidermal growth factor receptor signaling pathway,1/132,126/18842,0.00793650793650794,1.13287638287638,0.125698066766551,0.588841782802886,1,1,BCAR1,1
GO:1900180,regulation of protein localization to nucleus,1/132,126/18842,0.00793650793650794,1.13287638287638,0.125698066766551,0.588841782802886,1,1,TCF7L2,1
GO:0006906,vesicle fusion,1/132,127/18842,0.0078740157480315,1.12395609639704,0.117727218292458,0.591741594978032,1,1,VTI1A,1
GO:0060348,bone development,1/132,127/18842,0.0078740157480315,1.12395609639704,0.117727218292458,0.591741594978032,1,1,NOTCH2,1
GO:0006413,translational initiation,1/132,128/18842,0.0078125,1.11517518939394,0.109820307135272,0.59462110924268,1,1,HHEX,1
GO:0045667,regulation of osteoblast differentiation,1/132,128/18842,0.0078125,1.11517518939394,0.109820307135272,0.59462110924268,1,1,PPARG,1
GO:0070585,protein localization to mitochondrion,1/132,128/18842,0.0078125,1.11517518939394,0.109820307135272,0.59462110924268,1,1,HSPA1L,1
GO:0015918,sterol transport,1/132,129/18842,0.00775193798449612,1.10653042048391,0.101976202266396,0.597480466599737,1,1,PPARG,1
GO:0006661,phosphatidylinositol biosynthetic process,1/132,130/18842,0.00769230769230769,1.09801864801865,0.0941938018707349,0.60031980708009,1,1,IP6K1,1
GO:0009411,response to UV,1/132,130/18842,0.00769230769230769,1.09801864801865,0.0941938018707349,0.60031980708009,1,1,MAP2K7,1
GO:0043414,macromolecule methylation,1/132,130/18842,0.00769230769230769,1.09801864801865,0.0941938018707349,0.60031980708009,1,1,THADA,1
GO:0007041,lysosomal transport,1/132,131/18842,0.00763358778625954,1.08963682627805,0.0864720323660938,0.603139269749256,1,1,HSPA1A,1
GO:0006417,regulation of translation,3/132,443/18842,0.00677200902934537,0.966652985840345,-0.0596573219820965,0.603262348185305,1,1,ZFP36L2/IGF2BP2/HHEX,3
GO:0031623,receptor internalization,1/132,132/18842,0.00757575757575758,1.08138200183655,0.0788098474628524,0.605938992713987,1,1,ARAP1,1
GO:0090174,organelle membrane fusion,1/132,132/18842,0.00757575757575758,1.08138200183655,0.0788098474628524,0.605938992713987,1,1,VTI1A,1
GO:0002221,pattern recognition receptor signaling pathway,2/132,291/18842,0.00687285223367698,0.981047589295012,-0.0273671351892519,0.607458535845007,1,1,NFKBIL1/HSPA1A,2
GO:0032612,interleukin-1 production,1/132,133/18842,0.0075187969924812,1.07325131009342,0.0712062272619663,0.608719113128833,1,1,AGER,1
GO:0032652,regulation of interleukin-1 production,1/132,133/18842,0.0075187969924812,1.07325131009342,0.0712062272619663,0.608719113128833,1,1,AGER,1
GO:0048469,cell maturation,1/132,133/18842,0.0075187969924812,1.07325131009342,0.0712062272619663,0.608719113128833,1,1,PPARG,1
GO:0051053,negative regulation of DNA metabolic process,1/132,133/18842,0.0075187969924812,1.07325131009342,0.0712062272619663,0.608719113128833,1,1,HMGA2,1
GO:0055002,striated muscle cell development,1/132,134/18842,0.00746268656716418,1.06524197195839,0.0636601773894508,0.611479767202647,1,1,PROX1,1
GO:1990138,neuron projection extension,1/132,134/18842,0.00746268656716418,1.06524197195839,0.0636601773894508,0.611479767202647,1,1,MACF1,1
GO:0007188,adenylate cyclase-modulating G protein-coupled receptor signaling pathway,2/132,294/18842,0.00680272108843537,0.971036899608328,-0.0420409206320064,0.613058953933494,1,1,GIPR/ADCY5,2
GO:0043491,phosphatidylinositol 3-kinase/protein kinase B signal transduction,2/132,294/18842,0.00680272108843537,0.971036899608328,-0.0420409206320064,0.613058953933494,1,1,MST1R/TCF7L2,2
GO:0006805,xenobiotic metabolic process,1/132,135/18842,0.00740740740740741,1.05735129068462,0.0561707281656115,0.614221090205066,1,1,NQO1,1
GO:0007338,single fertilization,1/132,135/18842,0.00740740740740741,1.05735129068462,0.0561707281656115,0.614221090205066,1,1,MST1R,1
GO:0008406,gonad development,1/132,135/18842,0.00740740740740741,1.05735129068462,0.0561707281656115,0.614221090205066,1,1,ADAM30,1
GO:0039531,regulation of cytoplasmic pattern recognition receptor signaling pathway,1/132,135/18842,0.00740740740740741,1.05735129068462,0.0561707281656115,0.614221090205066,1,1,HSPA1A,1
GO:0050684,regulation of mRNA processing,1/132,135/18842,0.00740740740740741,1.05735129068462,0.0561707281656115,0.614221090205066,1,1,RBM5,1
GO:0050921,positive regulation of chemotaxis,1/132,135/18842,0.00740740740740741,1.05735129068462,0.0561707281656115,0.614221090205066,1,1,AIF1,1
GO:0061041,regulation of wound healing,1/132,135/18842,0.00740740740740741,1.05735129068462,0.0561707281656115,0.614221090205066,1,1,RREB1,1
GO:0097237,cellular response to toxic substance,1/132,135/18842,0.00740740740740741,1.05735129068462,0.0561707281656115,0.614221090205066,1,1,NQO1,1
GO:0008361,regulation of cell size,1/132,136/18842,0.00735294117647059,1.04957664884135,0.0487369338073758,0.61694321647293,1,1,MACF1,1
GO:0051216,cartilage development,1/132,136/18842,0.00735294117647059,1.04957664884135,0.0487369338073758,0.61694321647293,1,1,HMGA2,1
GO:0032479,regulation of type I interferon production,1/132,137/18842,0.0072992700729927,1.04191550541916,0.0413578716621687,0.619646279416668,1,1,LTA,1
GO:0032606,type I interferon production,1/132,137/18842,0.0072992700729927,1.04191550541916,0.0413578716621687,0.619646279416668,1,1,LTA,1
GO:0060537,muscle tissue development,2/132,298/18842,0.00671140939597315,0.958002847264592,-0.0613802025261453,0.620431929303251,1,1,PROX1/NOTCH2,2
GO:0030048,actin filament-based movement,1/132,138/18842,0.0072463768115942,1.03436539306105,0.0340326414718639,0.622330411526639,1,1,KCNQ1,1
GO:0034614,cellular response to reactive oxygen species,1/132,138/18842,0.0072463768115942,1.03436539306105,0.0340326414718639,0.622330411526639,1,1,NQO1,1
GO:0045137,development of primary sexual characteristics,1/132,138/18842,0.0072463768115942,1.03436539306105,0.0340326414718639,0.622330411526639,1,1,ADAM30,1
GO:0045834,positive regulation of lipid metabolic process,1/132,138/18842,0.0072463768115942,1.03436539306105,0.0340326414718639,0.622330411526639,1,1,PPARG,1
GO:0008203,cholesterol metabolic process,1/132,139/18842,0.00719424460431655,1.02692391541312,0.0267603646654182,0.624995744379423,1,1,SNX17,1
GO:0016482,cytosolic transport,1/132,139/18842,0.00719424460431655,1.02692391541312,0.0267603646654182,0.624995744379423,1,1,VTI1A,1
GO:0030856,regulation of epithelial cell differentiation,1/132,139/18842,0.00719424460431655,1.02692391541312,0.0267603646654182,0.624995744379423,1,1,NOTCH4,1
GO:0007565,female pregnancy,1/132,140/18842,0.00714285714285714,1.01958874458874,0.0195401836788695,0.627642408644082,1,1,ABCC8,1
GO:0000956,nuclear-transcribed mRNA catabolic process,1/132,141/18842,0.00709219858156028,1.0123576187406,0.0123712613014497,0.630270534088365,1,1,ZFP36L2,1
GO:0032368,regulation of lipid transport,1/132,141/18842,0.00709219858156028,1.0123576187406,0.0123712613014497,0.630270534088365,1,1,PPARG,1
GO:0006606,protein import into nucleus,1/132,142/18842,0.00704225352112676,1.00522833973538,0.00525278004663251,0.632880249584881,1,1,GCKR,1
GO:0007269,neurotransmitter secretion,1/132,142/18842,0.00704225352112676,1.00522833973538,0.00525278004663251,0.632880249584881,1,1,SYN2,1
GO:0031333,negative regulation of protein-containing complex assembly,1/132,142/18842,0.00704225352112676,1.00522833973538,0.00525278004663251,0.632880249584881,1,1,EML2,1
GO:0031960,response to corticosteroid,1/132,142/18842,0.00704225352112676,1.00522833973538,0.00525278004663251,0.632880249584881,1,1,ZFP36L2,1
GO:0043086,negative regulation of catalytic activity,1/132,142/18842,0.00704225352112676,1.00522833973538,0.00525278004663251,0.632880249584881,1,1,GCKR,1
GO:0099643,signal release from synapse,1/132,142/18842,0.00704225352112676,1.00522833973538,0.00525278004663251,0.632880249584881,1,1,SYN2,1
GO:0051607,defense response to virus,2/132,305/18842,0.00655737704918033,0.936015896671634,-0.094624659444506,0.633075996039951,1,1,MICA/MICB,2
GO:0002758,innate immune response-activating signaling pathway,2/132,306/18842,0.0065359477124183,0.932957021192315,-0.0993134460947904,0.634855484854014,1,1,NFKBIL1/HSPA1A,2
GO:0007098,centrosome cycle,1/132,143/18842,0.00699300699300699,0.998198770926044,-0.00181605845300941,0.635471683117223,1,1,KIF11,1
GO:0030041,actin filament polymerization,1/132,143/18842,0.00699300699300699,0.998198770926044,-0.00181605845300941,0.635471683117223,1,1,AIF1,1
GO:0060048,cardiac muscle contraction,1/132,143/18842,0.00699300699300699,0.998198770926044,-0.00181605845300941,0.635471683117223,1,1,KCNQ1,1
GO:0009101,glycoprotein biosynthetic process,2/132,307/18842,0.00651465798045603,0.929918073240549,-0.103987460552673,0.636628286908706,1,1,TCF7L2/ST6GAL1,2
GO:0010638,positive regulation of organelle organization,3/132,466/18842,0.00643776824034335,0.918942645337495,-0.148820219295507,0.637542174942216,1,1,PROX1/MAP2K7/HSPA1A,3
GO:1903038,negative regulation of leukocyte cell-cell adhesion,1/132,144/18842,0.00694444444444444,0.991266835016835,-0.00883603402819881,0.638044961786057,1,1,HLA-DRB1,1
GO:0010948,negative regulation of cell cycle process,2/132,309/18842,0.00647249190938511,0.923899186035108,-0.113291603944445,0.640153853356471,1,1,CDKN2B/ZFP36L2,2
GO:0016197,endosomal transport,2/132,310/18842,0.00645161290322581,0.920918866080157,-0.117921945510133,0.64190662967555,1,1,SNX17/VTI1A,2
GO:0007030,Golgi organization,1/132,146/18842,0.00684931506849315,0.977687837276878,-0.0227324263877387,0.643137558557443,1,1,VTI1A,1
GO:0007259,cell surface receptor signaling pathway via JAK-STAT,1/132,146/18842,0.00684931506849315,0.977687837276878,-0.0227324263877387,0.643137558557443,1,1,HMGA2,1
GO:0038127,ERBB signaling pathway,1/132,146/18842,0.00684931506849315,0.977687837276878,-0.0227324263877387,0.643137558557443,1,1,BCAR1,1
GO:0051170,import into nucleus,1/132,146/18842,0.00684931506849315,0.977687837276878,-0.0227324263877387,0.643137558557443,1,1,GCKR,1
GO:0060326,cell chemotaxis,2/132,311/18842,0.00643086816720257,0.917957712169931,-0.122537940179586,0.643652743079907,1,1,BCAR1/AIF1,2
GO:0030216,keratinocyte differentiation,1/132,147/18842,0.00680272108843537,0.971036899608328,-0.0296103150929116,0.645657126500876,1,1,CDSN,1
GO:0031214,biomineral tissue development,1/132,148/18842,0.00675675675675676,0.96447583947584,-0.036442285736271,0.648159039274445,1,1,ANKH,1
GO:1902652,secondary alcohol metabolic process,1/132,149/18842,0.00671140939597315,0.958002847264592,-0.0432290334725812,0.65064341965402,1,1,SNX17,1
GO:0003012,muscle system process,3/132,477/18842,0.00628930817610063,0.897751095864303,-0.189987239234546,0.653198581148755,1,1,PPARG/ABCC8/KCNQ1,3
GO:0055001,muscle cell development,1/132,151/18842,0.00662251655629139,0.945314067830624,-0.0566695639569125,0.655560070104093,1,1,PROX1,1
GO:1901293,nucleoside phosphate biosynthetic process,2/132,318/18842,0.00628930817610063,0.897751095864303,-0.154456746506271,0.65568955573681,1,1,PPT2/ADCY5,2
GO:0030308,negative regulation of cell growth,1/132,152/18842,0.00657894736842105,0.939094896331738,-0.0633246614584729,0.657992581513127,1,1,HSPA1A,1
GO:0050806,positive regulation of synaptic transmission,1/132,152/18842,0.00657894736842105,0.939094896331738,-0.0633246614584729,0.657992581513127,1,1,AGER,1
GO:0120161,regulation of cold-induced thermogenesis,1/132,152/18842,0.00657894736842105,0.939094896331738,-0.0633246614584729,0.657992581513127,1,1,IP6K1,1
GO:0170039,proteinogenic amino acid metabolic process,1/132,152/18842,0.00657894736842105,0.939094896331738,-0.0633246614584729,0.657992581513127,1,1,MTAP,1
GO:0006302,double-strand break repair,2/132,320/18842,0.00625,0.892140151515152,-0.163453002167454,0.659069091259405,1,1,HMGA2/AGER,2
GO:0106106,cold-induced thermogenesis,1/132,153/18842,0.0065359477124183,0.932957021192315,-0.0699371664102918,0.660408043216726,1,1,IP6K1,1
GO:0008277,regulation of G protein-coupled receptor signaling pathway,1/132,154/18842,0.00649350649350649,0.92689885871704,-0.0765077009631378,0.662806573812017,1,1,GIPR,1
GO:0009566,fertilization,1/132,154/18842,0.00649350649350649,0.92689885871704,-0.0765077009631378,0.662806573812017,1,1,MST1R,1
GO:0043065,positive regulation of apoptotic process,3/132,484/18842,0.00619834710743802,0.884767092411721,-0.215719082742388,0.662910556562717,1,1,PPARG/RBM5/LTA,3
GO:0031023,microtubule organizing center organization,1/132,155/18842,0.00645161290322581,0.920918866080157,-0.0830368738913242,0.665188291077472,1,1,KIF11,1
GO:0044703,multi-organism reproductive process,1/132,155/18842,0.00645161290322581,0.920918866080157,-0.0830368738913242,0.665188291077472,1,1,ABCC8,1
GO:0050804,modulation of chemical synaptic transmission,3/132,486/18842,0.00617283950617284,0.88112607557052,-0.223006620955725,0.665649438461812,1,1,PRRT1/CAMKV/AGER,3
GO:0071248,cellular response to metal ion,1/132,156/18842,0.00641025641025641,0.91501554001554,-0.0895252809680042,0.667553311978514,1,1,TIGAR,1
GO:0099177,regulation of trans-synaptic signaling,3/132,488/18842,0.00614754098360656,0.877514903129657,-0.230266014394275,0.668372324239032,1,1,PRRT1/CAMKV/AGER,3
GO:0002218,activation of innate immune response,2/132,326/18842,0.00613496932515337,0.875720394125302,-0.190124081047735,0.669049893510564,1,1,NFKBIL1/HSPA1A,2
GO:0009152,purine ribonucleotide biosynthetic process,1/132,157/18842,0.00636942675159236,0.909187415556842,-0.0959735053275475,0.669901752673089,1,1,ADCY5,1
GO:0046394,carboxylic acid biosynthetic process,2/132,327/18842,0.00611620795107034,0.87304235010657,-0.194523887127695,0.670690443925775,1,1,PROX1/MTAP,2
GO:0006820,monoatomic anion transport,1/132,158/18842,0.00632911392405063,0.90343306482547,-0.102382117815523,0.672233728517197,1,1,KCNQ1,1
GO:0044706,multi-multicellular organism process,1/132,159/18842,0.00628930817610063,0.897751095864303,-0.108751677326792,0.674549354070383,1,1,ABCC8,1
GO:0046488,phosphatidylinositol metabolic process,1/132,159/18842,0.00628930817610063,0.897751095864303,-0.108751677326792,0.674549354070383,1,1,IP6K1,1
GO:0170033,L-amino acid metabolic process,1/132,159/18842,0.00628930817610063,0.897751095864303,-0.108751677326792,0.674549354070383,1,1,MTAP,1
GO:0016053,organic acid biosynthetic process,2/132,331/18842,0.00604229607250755,0.862491989380207,-0.211996700732736,0.677187529089782,1,1,PROX1/MTAP,2
GO:0019216,regulation of lipid metabolic process,2/132,331/18842,0.00604229607250755,0.862491989380207,-0.211996700732736,0.677187529089782,1,1,PPARG/PROX1,2
GO:0015849,organic acid transport,2/132,332/18842,0.00602409638554217,0.859894121942315,-0.216333728478875,0.678795573004981,1,1,PPARG/SLC44A4,2
GO:0046942,carboxylic acid transport,2/132,332/18842,0.00602409638554217,0.859894121942315,-0.216333728478875,0.678795573004981,1,1,PPARG/SLC44A4,2
GO:0007018,microtubule-based movement,3/132,496/18842,0.00604838709677419,0.863361436950147,-0.259027262891552,0.679103885509335,1,1,DNAH7/AP3S2/KIF11,3
GO:0001508,action potential,1/132,161/18842,0.0062111801242236,0.886598908338039,-0.121375815194206,0.679132008592614,1,1,KCNQ1,1
GO:0010001,glial cell differentiation,1/132,162/18842,0.00617283950617284,0.88112607557052,-0.127631454472247,0.681399262747412,1,1,AGER,1
GO:0000723,telomere maintenance,1/132,163/18842,0.00613496932515337,0.875720394125302,-0.133850163217643,0.683650616993522,1,1,MAP2K7,1
GO:0043409,negative regulation of MAPK cascade,1/132,163/18842,0.00613496932515337,0.875720394125302,-0.133850163217643,0.683650616993522,1,1,PPARG,1
GO:0006354,DNA-templated transcription elongation,1/132,165/18842,0.00606060606060606,0.865105601469238,-0.146178794278472,0.68810606762899,1,1,ZC3H4,1
GO:0120254,olefinic compound metabolic process,1/132,165/18842,0.00606060606060606,0.865105601469238,-0.146178794278472,0.68810606762899,1,1,CYP21A2,1
GO:1903034,regulation of response to wounding,1/132,165/18842,0.00606060606060606,0.865105601469238,-0.146178794278472,0.68810606762899,1,1,RREB1,1
GO:0050729,positive regulation of inflammatory response,1/132,166/18842,0.00602409638554217,0.859894121942315,-0.152289694078304,0.690310383047578,1,1,GPSM3,1
GO:0072331,signal transduction by p53 class mediator,1/132,168/18842,0.00595238095238095,0.849657287157287,-0.164407033372983,0.694672735998018,1,1,BAG6,1
GO:1905952,regulation of lipid localization,1/132,168/18842,0.00595238095238095,0.849657287157287,-0.164407033372983,0.694672735998018,1,1,PPARG,1
GO:0060560,developmental growth involved in morphogenesis,1/132,169/18842,0.00591715976331361,0.844629729245114,-0.170414393359191,0.696830988051582,1,1,MACF1,1
GO:0006261,DNA-templated DNA replication,1/132,171/18842,0.00584795321637427,0.834751018961545,-0.182328728170024,0.701102174073782,1,1,AGER,1
GO:0008154,actin polymerization or depolymerization,1/132,171/18842,0.00584795321637427,0.834751018961545,-0.182328728170024,0.701102174073782,1,1,AIF1,1
GO:0016042,lipid catabolic process,2/132,347/18842,0.00576368876080692,0.822722906296393,-0.279957585613412,0.702146291995868,1,1,ABHD16A/SNX17,2
GO:0006937,regulation of muscle contraction,1/132,172/18842,0.00581395348837209,0.829897815362932,-0.188236570785719,0.703215318148672,1,1,KCNQ1,1
GO:0016064,immunoglobulin mediated immune response,1/132,172/18842,0.00581395348837209,0.829897815362932,-0.188236570785719,0.703215318148672,1,1,C2,1
GO:0034764,positive regulation of transmembrane transport,1/132,172/18842,0.00581395348837209,0.829897815362932,-0.188236570785719,0.703215318148672,1,1,KCNQ1,1
GO:0048284,organelle fusion,1/132,172/18842,0.00581395348837209,0.829897815362932,-0.188236570785719,0.703215318148672,1,1,VTI1A,1
GO:0098754,detoxification,1/132,172/18842,0.00581395348837209,0.829897815362932,-0.188236570785719,0.703215318148672,1,1,NQO1,1
GO:1990778,protein localization to cell periphery,2/132,348/18842,0.00574712643678161,0.820358760013933,-0.284107230172462,0.703652222303226,1,1,MACF1/ANK1,2
GO:0009260,ribonucleotide biosynthetic process,1/132,173/18842,0.00578034682080925,0.825100718164302,-0.194112094869541,0.705313635128017,1,1,ADCY5,1
GO:0006887,exocytosis,2/132,351/18842,0.0056980056980057,0.81334714668048,-0.296489992326928,0.708132408593259,1,1,SYN2/ANK1,2
GO:0050900,leukocyte migration,2/132,352/18842,0.00568181818181818,0.811036501377411,-0.300595755562336,0.709613313735079,1,1,AGER/AIF1,2
GO:0001503,ossification,2/132,354/18842,0.00564971751412429,0.806454374250985,-0.308774958384442,0.712556470102672,1,1,PPARG/ANKH,2
GO:0009314,response to radiation,2/132,354/18842,0.00564971751412429,0.806454374250985,-0.308774958384442,0.712556470102672,1,1,ABCC8/MAP2K7,2
GO:0019724,B cell mediated immunity,1/132,177/18842,0.00564971751412429,0.806454374250985,-0.217299157813795,0.713560686361835,1,1,C2,1
GO:0007409,axonogenesis,2/132,357/18842,0.00560224089635854,0.79967744673627,-0.320963963394112,0.716924777536395,1,1,MACF1/NOTCH2,2
GO:0000302,response to reactive oxygen species,1/132,179/18842,0.00558659217877095,0.797443710851532,-0.228709163877334,0.717597900172948,1,1,NQO1,1
GO:0006575,modified amino acid metabolic process,1/132,179/18842,0.00558659217877095,0.797443710851532,-0.228709163877334,0.717597900172948,1,1,ABHD16A,1
GO:0046390,ribose phosphate biosynthetic process,1/132,179/18842,0.00558659217877095,0.797443710851532,-0.228709163877334,0.717597900172948,1,1,ADCY5,1
GO:0048588,developmental cell growth,1/132,180/18842,0.00555555555555556,0.793013468013468,-0.234369608594025,0.719595278792526,1,1,MACF1,1
GO:0071695,anatomical structure maturation,1/132,180/18842,0.00555555555555556,0.793013468013468,-0.234369608594025,0.719595278792526,1,1,PPARG,1
GO:0007005,mitochondrion organization,2/132,360/18842,0.00555555555555556,0.793013468013468,-0.333058791710728,0.721237710626433,1,1,PPARG/HSPA1A,2
GO:0007163,establishment or maintenance of cell polarity,1/132,182/18842,0.0054945054945055,0.784299034299034,-0.245603194000603,0.723548071237294,1,1,ANK1,1
GO:0016051,carbohydrate biosynthetic process,1/132,184/18842,0.00543478260869565,0.775774044795784,-0.256722714715664,0.727445558415758,1,1,TCF7L2,1
GO:0051302,regulation of cell division,1/132,184/18842,0.00543478260869565,0.775774044795784,-0.256722714715664,0.727445558415758,1,1,POU5F1,1
GO:0007411,axon guidance,1/132,185/18842,0.00540540540540541,0.771580671580672,-0.262240555021225,0.729373802937631,1,1,NOTCH2,1
GO:0045766,positive regulation of angiogenesis,1/132,185/18842,0.00540540540540541,0.771580671580672,-0.262240555021225,0.729373802937631,1,1,HMGA2,1
GO:0097485,neuron projection guidance,1/132,186/18842,0.00537634408602151,0.76743238840013,-0.267730892056316,0.731288508303565,1,1,NOTCH2,1
GO:0045216,cell-cell junction organization,1/132,187/18842,0.0053475935828877,0.763328471884622,-0.273194051050082,0.733189768858022,1,1,ABCC8,1
GO:0016236,macroautophagy,2/132,369/18842,0.00542005420054201,0.773671676110701,-0.368795337462677,0.733848185524711,1,1,ATP6V1G2/VTI1A,2
GO:0016241,regulation of macroautophagy,1/132,188/18842,0.00531914893617021,0.759268214055448,-0.27863035151972,0.735077678293065,1,1,ATP6V1G2,1
GO:0031334,positive regulation of protein-containing complex assembly,1/132,188/18842,0.00531914893617021,0.759268214055448,-0.27863035151972,0.735077678293065,1,1,HSPA1A,1
GO:0045926,negative regulation of growth,1/132,189/18842,0.00529100529100529,0.755250921917589,-0.284040107401995,0.736952329652844,1,1,HSPA1A,1
GO:1904018,positive regulation of vasculature development,1/132,189/18842,0.00529100529100529,0.755250921917589,-0.284040107401995,0.736952329652844,1,1,HMGA2,1
GO:0032200,telomere organization,1/132,190/18842,0.00526315789473684,0.751275917065391,-0.289423627181031,0.738813815338033,1,1,MAP2K7,1
GO:0002753,cytoplasmic pattern recognition receptor signaling pathway,1/132,191/18842,0.00523560209424084,0.747342535300651,-0.294781214012497,0.740662227110249,1,1,HSPA1A,1
GO:0010970,transport along microtubule,1/132,191/18842,0.00523560209424084,0.747342535300651,-0.294781214012497,0.740662227110249,1,1,AP3S2,1
GO:0061025,membrane fusion,1/132,191/18842,0.00523560209424084,0.747342535300651,-0.294781214012497,0.740662227110249,1,1,VTI1A,1
GO:1902600,proton transmembrane transport,1/132,191/18842,0.00523560209424084,0.747342535300651,-0.294781214012497,0.740662227110249,1,1,ATP6V1G2,1
GO:0051650,establishment of vesicle localization,1/132,192/18842,0.00520833333333333,0.743450126262626,-0.300113165844313,0.74249765609644,1,1,AP3S2,1
GO:0006164,purine nucleotide biosynthetic process,1/132,193/18842,0.00518134715025907,0.739598053069556,-0.305419775533999,0.744320192793238,1,1,ADCY5,1
GO:1901605,alpha-amino acid metabolic process,1/132,193/18842,0.00518134715025907,0.739598053069556,-0.305419775533999,0.744320192793238,1,1,MTAP,1
GO:0016358,dendrite development,1/132,195/18842,0.00512820512820513,0.732012432012432,-0.31595811514641,0.747926948179531,1,1,LST1,1
GO:0009612,response to mechanical stimulus,1/132,196/18842,0.00510204081632653,0.728277674706246,-0.321190406343306,0.749711344749505,1,1,KCNQ1,1
GO:0050920,regulation of chemotaxis,1/132,196/18842,0.00510204081632653,0.728277674706246,-0.321190406343306,0.749711344749505,1,1,AIF1,1
GO:0010975,regulation of neuron projection development,2/132,381/18842,0.005249343832021,0.749304064264694,-0.415225691083562,0.749911316392641,1,1,PTPRG/MACF1,2
GO:0045786,negative regulation of cell cycle,2/132,382/18842,0.00523560209424084,0.747342535300651,-0.419034724625057,0.751211922081569,1,1,CDKN2B/ZFP36L2,2
GO:0031400,negative regulation of protein modification process,1/132,197/18842,0.0050761421319797,0.72458083371789,-0.326398478159257,0.751483204799546,1,1,HSPA1A,1
GO:0046890,regulation of lipid biosynthetic process,1/132,197/18842,0.0050761421319797,0.72458083371789,-0.326398478159257,0.751483204799546,1,1,PROX1,1
GO:1901654,response to ketone,1/132,197/18842,0.0050761421319797,0.72458083371789,-0.326398478159257,0.751483204799546,1,1,ADCY5,1
GO:0120032,regulation of plasma membrane bounded cell projection assembly,1/132,200/18842,0.005,0.713712121212121,-0.341880045716515,0.756724436903887,1,1,ARAP1,1
GO:0043523,regulation of neuron apoptotic process,1/132,201/18842,0.00497512437810945,0.710161314638927,-0.346993886532401,0.758447018940615,1,1,WFS1,1
GO:0034762,regulation of transmembrane transport,2/132,388/18842,0.00515463917525773,0.735785691971259,-0.441701611373619,0.75889496643176,1,1,PRRT1/KCNQ1,2
GO:0060491,regulation of cell projection assembly,1/132,202/18842,0.00495049504950495,0.706645664566457,-0.352084809687219,0.760157495497658,1,1,ARAP1,1
GO:0060271,cilium assembly,2/132,390/18842,0.00512820512820513,0.732012432012432,-0.4491870991548,0.761410436205452,1,1,DNAH7/KCNQ1,2
GO:0018193,peptidyl-amino acid modification,2/132,391/18842,0.0051150895140665,0.730140277454856,-0.452916914915331,0.762659705847648,1,1,BAG6/ZMIZ1,2
GO:0072593,reactive oxygen species metabolic process,1/132,204/18842,0.00490196078431373,0.699717765894237,-0.362198889985608,0.763542469294889,1,1,NQO1,1
GO:0006836,neurotransmitter transport,1/132,206/18842,0.00485436893203884,0.692924389526331,-0.372224221132672,0.766880026720887,1,1,SYN2,1
GO:0043010,camera-type eye development,1/132,206/18842,0.00485436893203884,0.692924389526331,-0.372224221132672,0.766880026720887,1,1,PROX1,1
GO:0008016,regulation of heart contraction,1/132,208/18842,0.00480769230769231,0.686261655011655,-0.3821626764174,0.770170826979689,1,1,KCNQ1,1
GO:0051924,regulation of calcium ion transport,1/132,211/18842,0.004739336492891,0.67650438029585,-0.396911421064634,0.775020777336597,1,1,WFS1,1
GO:0099111,microtubule-based transport,1/132,212/18842,0.00471698113207547,0.673313321898228,-0.401786161471208,0.776614747461204,1,1,AP3S2,1
GO:0043254,regulation of protein-containing complex assembly,2/132,404/18842,0.00495049504950495,0.706645664566457,-0.500643215114833,0.778394801162305,1,1,EML2/HSPA1A,2
GO:0030705,cytoskeleton-dependent intracellular transport,1/132,214/18842,0.00467289719626168,0.66702067403002,-0.411474653828979,0.779769141113236,1,1,AP3S2,1
GO:0002181,cytoplasmic translation,1/132,215/18842,0.00465116279069768,0.663918252290345,-0.416288818861187,0.78132972052987,1,1,HHEX,1
GO:0007596,blood coagulation,1/132,216/18842,0.00462962962962963,0.66084455667789,-0.421083199957075,0.7828793247007,1,1,PABPC4,1
GO:0045055,regulated exocytosis,1/132,216/18842,0.00462962962962963,0.66084455667789,-0.421083199957075,0.7828793247007,1,1,SYN2,1
GO:0001649,osteoblast differentiation,1/132,217/18842,0.00460829493087558,0.657799190057255,-0.425857995912246,0.784418030227357,1,1,PPARG,1
GO:0030595,leukocyte chemotaxis,1/132,217/18842,0.00460829493087558,0.657799190057255,-0.425857995912246,0.784418030227357,1,1,AIF1,1
GO:0019722,calcium-mediated signaling,1/132,219/18842,0.0045662100456621,0.651791891517919,-0.435349612704785,0.787463049105533,1,1,NFAT5,1
GO:0050817,coagulation,1/132,220/18842,0.00454545454545455,0.648829201101929,-0.440066816431063,0.788969513022092,1,1,PABPC4,1
GO:0061564,axon development,2/132,414/18842,0.00483091787439614,0.689576928707363,-0.536435001209868,0.789875675751891,1,1,MACF1/NOTCH2,2
GO:0007599,hemostasis,1/132,222/18842,0.00450450450450451,0.642983892983893,-0.449444950571489,0.791950722319642,1,1,PABPC4,1
GO:0042391,regulation of membrane potential,2/132,419/18842,0.00477326968973747,0.681348087076011,-0.554045474723081,0.795418974915725,1,1,KCNJ11/KCNQ1,2
GO:0010721,negative regulation of cell development,1/132,225/18842,0.00444444444444444,0.634410774410774,-0.463374194747729,0.796344342035576,1,1,ABCC8,1
GO:0051402,neuron apoptotic process,1/132,225/18842,0.00444444444444444,0.634410774410774,-0.463374194747729,0.796344342035576,1,1,WFS1,1
GO:0009165,nucleotide biosynthetic process,1/132,226/18842,0.00442477876106195,0.631603647090373,-0.467981196159626,0.797788320488135,1,1,ADCY5,1
GO:0032259,methylation,1/132,226/18842,0.00442477876106195,0.631603647090373,-0.467981196159626,0.797788320488135,1,1,THADA,1
GO:1902115,regulation of organelle assembly,1/132,226/18842,0.00442477876106195,0.631603647090373,-0.467981196159626,0.797788320488135,1,1,HSPA1A,1
GO:0044782,cilium organization,2/132,422/18842,0.004739336492891,0.67650438029585,-0.564523289686519,0.798683121799478,1,1,DNAH7/KCNQ1,2
GO:0016485,protein processing,1/132,227/18842,0.00440528634361234,0.62882125216927,-0.472570445368226,0.799222137725757,1,1,SLC30A8,1
GO:0090066,regulation of anatomical structure size,2/132,423/18842,0.00472813238770686,0.674905079160398,-0.568001379758717,0.799760970005715,1,1,MACF1/HNF1B,2
GO:0072330,monocarboxylic acid biosynthetic process,1/132,232/18842,0.00431034482758621,0.615269070010449,-0.495256238478477,0.806241272218741,1,1,PROX1,1
GO:0031669,cellular response to nutrient levels,1/132,233/18842,0.00429184549356223,0.612628430224997,-0.499742439788483,0.807615595274471,1,1,CDKN2B,1
GO:0006941,striated muscle contraction,1/132,234/18842,0.00427350427350427,0.61001036001036,-0.504212022533003,0.808980243639443,1,1,KCNQ1,1
GO:0072657,protein localization to membrane,2/132,432/18842,0.00462962962962963,0.66084455667789,-0.598984821742019,0.809235495818197,1,1,MACF1/ANK1,2
GO:0060294,cilium movement involved in cell motility,1/132,235/18842,0.00425531914893617,0.607414571244359,-0.508665139712772,0.810335284903394,1,1,DNAH7,1
GO:0043588,skin development,1/132,236/18842,0.00423728813559322,0.604840780688238,-0.513101942214121,0.811680786187467,1,1,CDSN,1
GO:0060047,heart contraction,1/132,236/18842,0.00423728813559322,0.604840780688238,-0.513101942214121,0.811680786187467,1,1,KCNQ1,1
GO:0001539,cilium or flagellum-dependent cell motility,1/132,237/18842,0.00421940928270042,0.602288709883647,-0.517522578847499,0.81301681414744,1,1,DNAH7,1
GO:0060285,cilium-dependent cell motility,1/132,237/18842,0.00421940928270042,0.602288709883647,-0.517522578847499,0.81301681414744,1,1,DNAH7,1
GO:0006814,sodium ion transport,1/132,242/18842,0.00413223140495868,0.58984472827448,-0.539388341723766,0.819557154863841,1,1,KCNQ1,1
GO:0006935,chemotaxis,2/132,443/18842,0.00451467268623025,0.644435323893563,-0.636100019821409,0.820276235464242,1,1,BCAR1/AIF1,2
GO:0042330,taxis,2/132,443/18842,0.00451467268623025,0.644435323893563,-0.636100019821409,0.820276235464242,1,1,BCAR1/AIF1,2
GO:0003015,heart process,1/132,244/18842,0.00409836065573771,0.585009935419771,-0.548026472136236,0.822109259619639,1,1,KCNQ1,1
GO:0033044,regulation of chromosome organization,1/132,246/18842,0.0040650406504065,0.580253757083025,-0.556604417707901,0.824625538132238,1,1,MAP2K7,1
GO:0007517,muscle organ development,1/132,251/18842,0.00398406374501992,0.568694917300495,-0.577792776507807,0.830762753247729,1,1,PROX1,1
GO:0097305,response to alcohol,1/132,254/18842,0.00393700787401575,0.561978048198521,-0.590334886489988,0.834342269603614,1,1,ADCY5,1
GO:0009636,response to toxic substance,1/132,256/18842,0.00390625,0.55758759469697,-0.598627079957017,0.836686767390245,1,1,NQO1,1
GO:1904062,regulation of monoatomic cation transmembrane transport,1/132,257/18842,0.00389105058365759,0.555417993161184,-0.602752759746564,0.837846637545442,1,1,KCNQ1,1
GO:0048667,cell morphogenesis involved in neuron differentiation,2/132,463/18842,0.00431965442764579,0.616597944891681,-0.701594280136443,0.838902755904464,1,1,MACF1/NOTCH2,2
GO:0032386,regulation of intracellular transport,1/132,260/18842,0.00384615384615385,0.549009324009324,-0.615049480345152,0.841277422948103,1,1,HHEX,1
GO:0003341,cilium movement,1/132,264/18842,0.00378787878787879,0.540691000918274,-0.631261765021672,0.845739987657066,1,1,DNAH7,1
GO:0044089,positive regulation of cellular component biogenesis,2/132,475/18842,0.00421052631578947,0.601020733652313,-0.73974164011004,0.84922968822273,1,1,ARAP1/HSPA1A,2
GO:0006520,amino acid metabolic process,1/132,271/18842,0.003690036900369,0.526724812702673,-0.659147763890618,0.853251872531774,1,1,MTAP,1
GO:0006898,receptor-mediated endocytosis,1/132,271/18842,0.003690036900369,0.526724812702673,-0.659147763890618,0.853251872531774,1,1,ARAP1,1
GO:0034765,regulation of monoatomic ion transmembrane transport,1/132,271/18842,0.003690036900369,0.526724812702673,-0.659147763890618,0.853251872531774,1,1,KCNQ1,1
GO:0051146,striated muscle cell differentiation,1/132,271/18842,0.003690036900369,0.526724812702673,-0.659147763890618,0.853251872531774,1,1,PROX1,1
GO:0034329,cell junction assembly,2/132,490/18842,0.00408163265306122,0.582622139764997,-0.786299129033899,0.861296830995467,1,1,MACF1/PEAK1,2
GO:0051259,protein complex oligomerization,1/132,280/18842,0.00357142857142857,0.509794372294372,-0.694139839301035,0.862378841793925,1,1,HLA-DRB1,1
GO:0032535,regulation of cellular component size,1/132,297/18842,0.00336700336700337,0.480614223038466,-0.757804020452886,0.87810888723491,1,1,MACF1,1
GO:0050807,regulation of synapse organization,1/132,306/18842,0.00326797385620915,0.466478510596158,-0.790326722061571,0.885700209172885,1,1,CAMKV,1
GO:0050803,regulation of synapse structure or activity,1/132,311/18842,0.00321543408360129,0.458978856084966,-0.808066404806592,0.889712885566008,1,1,CAMKV,1
GO:0071214,cellular response to abiotic stimulus,1/132,311/18842,0.00321543408360129,0.458978856084966,-0.808066404806592,0.889712885566008,1,1,NFAT5,1
GO:0104004,cellular response to environmental stimulus,1/132,311/18842,0.00321543408360129,0.458978856084966,-0.808066404806592,0.889712885566008,1,1,NFAT5,1
GO:0006260,DNA replication,1/132,313/18842,0.00319488817891374,0.456046083841611,-0.815098947828874,0.891278525814345,1,1,AGER,1
GO:0042742,defense response to bacterium,1/132,322/18842,0.0031055900621118,0.443299454169019,-0.846313246356688,0.898055331097242,1,1,MICA,1
GO:0006310,DNA recombination,1/132,338/18842,0.0029585798816568,0.422314864622557,-0.900158070548338,0.909083959901906,1,1,MSH5,1
GO:0010506,regulation of autophagy,1/132,358/18842,0.00279329608938548,0.398721855425766,-0.964763797483088,0.921218401453698,1,1,ATP6V1G2,1
GO:0044282,small molecule catabolic process,1/132,359/18842,0.00278551532033426,0.397611209588926,-0.96792101879915,0.921781005381858,1,1,SNX17,1
GO:0051656,establishment of organelle localization,1/132,372/18842,0.00268817204301075,0.383716194200065,-1.00837210870568,0.928742009246841,1,1,AP3S2,1
GO:0006936,muscle contraction,1/132,375/18842,0.00266666666666667,0.380646464646465,-1.01755554876945,0.930258981822618,1,1,KCNQ1,1
GO:0006631,fatty acid metabolic process,1/132,390/18842,0.00256410256410256,0.366006216006216,-1.06266805901815,0.937376263975016,1,1,PPARG,1
GO:0006816,calcium ion transport,1/132,416/18842,0.00240384615384615,0.343130827505828,-1.13792086047377,0.948046308018672,1,1,WFS1,1
GO:0022411,cellular component disassembly,1/132,455/18842,0.0021978021978022,0.313719613719614,-1.24466905996305,0.960761090565249,1,1,ABCC8,1
GO:0000012,single strand break repair,0/132,16/18842,0,0,-0.336111220420459,1,1,1,"",0
GO:0000018,regulation of DNA recombination,0/132,124/18842,0,0,-0.938389560719263,1,1,1,"",0
GO:0000022,mitotic spindle elongation,0/132,12/18842,0,0,-0.291049937025784,1,1,1,"",0
GO:0000027,ribosomal large subunit assembly,0/132,28/18842,0,0,-0.444775127108293,1,1,1,"",0
GO:0000028,ribosomal small subunit assembly,0/132,22/18842,0,0,-0.39418816182791,1,1,1,"",0
GO:0000038,very long-chain fatty acid metabolic process,0/132,32/18842,0,0,-0.47553516526091,1,1,1,"",0
GO:0000045,autophagosome assembly,0/132,115/18842,0,0,-0.90347650167041,1,1,1,"",0
GO:0000050,urea cycle,0/132,11/18842,0,0,-0.278651700375158,1,1,1,"",0
GO:0000054,ribosomal subunit export from nucleus,0/132,13/18842,0,0,-0.302942423276413,1,1,1,"",0
GO:0000075,cell cycle checkpoint signaling,0/132,191/18842,0,0,-1.16672275787803,1,1,1,"",0
GO:0000076,DNA replication checkpoint signaling,0/132,26/18842,0,0,-0.428573257866855,1,1,1,"",0
GO:0000077,DNA damage checkpoint signaling,0/132,109/18842,0,0,-0.879450963513604,1,1,1,"",0
GO:0000079,regulation of cyclin-dependent protein serine/threonine kinase activity,0/132,31/18842,0,0,-0.468033513537355,1,1,1,"",0
GO:0000086,G2/M transition of mitotic cell cycle,0/132,131/18842,0,0,-0.964693150757737,1,1,1,"",0
GO:0000098,sulfur amino acid catabolic process,0/132,12/18842,0,0,-0.291049937025784,1,1,1,"",0
GO:0000101,sulfur amino acid transport,0/132,13/18842,0,0,-0.302942423276413,1,1,1,"",0
GO:0000132,establishment of mitotic spindle orientation,0/132,29/18842,0,0,-0.452659894469733,1,1,1,"",0
GO:0000154,rRNA modification,0/132,41/18842,0,0,-0.538398077299233,1,1,1,"",0
GO:0000184,"nuclear-transcribed mRNA catabolic process, nonsense-mediated decay",0/132,44/18842,0,0,-0.557792360956695,1,1,1,"",0
GO:0000212,meiotic spindle organization,0/132,15/18842,0,0,-0.325429646814657,1,1,1,"",0
GO:0000244,spliceosomal tri-snRNP complex assembly,0/132,49/18842,0,0,-0.588710836167025,1,1,1,"",0
GO:0000271,polysaccharide biosynthetic process,0/132,57/18842,0,0,-0.635087953146595,1,1,1,"",0
GO:0000272,polysaccharide catabolic process,0/132,31/18842,0,0,-0.468033513537355,1,1,1,"",0
GO:0000281,mitotic cytokinesis,0/132,104/18842,0,0,-0.858928669549718,1,1,1,"",0
GO:0000290,deadenylation-dependent decapping of nuclear-transcribed mRNA,0/132,20/18842,0,0,-0.375823696578768,1,1,1,"",0
GO:0000338,protein deneddylation,0/132,11/18842,0,0,-0.278651700375158,1,1,1,"",0
GO:0000387,spliceosomal snRNP assembly,0/132,82/18842,0,0,-0.762241439800607,1,1,1,"",0
GO:0000388,spliceosome conformational change to release U4 (or U4atac) and U1 (or U11),0/132,35/18842,0,0,-0.497366243942809,1,1,1,"",0
GO:0000393,spliceosomal conformational changes to generate catalytic conformation,0/132,39/18842,0,0,-0.525074318209442,1,1,1,"",0
GO:0000394,"RNA splicing, via endonucleolytic cleavage and ligation",0/132,15/18842,0,0,-0.325429646814657,1,1,1,"",0
GO:0000395,mRNA 5'-splice site recognition,0/132,24/18842,0,0,-0.411737985562741,1,1,1,"",0
GO:0000422,autophagy of mitochondrion,0/132,113/18842,0,0,-0.895537906664216,1,1,1,"",0
GO:0000423,mitophagy,0/132,95/18842,0,0,-0.820725561219591,1,1,1,"",0
GO:0000425,pexophagy,0/132,16/18842,0,0,-0.336111220420459,1,1,1,"",0
GO:0000460,maturation of 5.8S rRNA,0/132,41/18842,0,0,-0.538398077299233,1,1,1,"",0
GO:0000462,"maturation of SSU-rRNA from tricistronic rRNA transcript (SSU-rRNA, 5.8S rRNA, LSU-rRNA)",0/132,30/18842,0,0,-0.460410467649609,1,1,1,"",0
GO:0000463,"maturation of LSU-rRNA from tricistronic rRNA transcript (SSU-rRNA, 5.8S rRNA, LSU-rRNA)",0/132,23/18842,0,0,-0.403058137312115,1,1,1,"",0
GO:0000466,"maturation of 5.8S rRNA from tricistronic rRNA transcript (SSU-rRNA, 5.8S rRNA, LSU-rRNA)",0/132,31/18842,0,0,-0.468033513537355,1,1,1,"",0
GO:0000470,maturation of LSU-rRNA,0/132,32/18842,0,0,-0.47553516526091,1,1,1,"",0
GO:0000479,"endonucleolytic cleavage of tricistronic rRNA transcript (SSU-rRNA, 5.8S rRNA, LSU-rRNA)",0/132,22/18842,0,0,-0.39418816182791,1,1,1,"",0
GO:0000491,small nucleolar ribonucleoprotein complex assembly,0/132,12/18842,0,0,-0.291049937025784,1,1,1,"",0
GO:0000492,box C/D snoRNP assembly,0/132,10/18842,0,0,-0.265676917587564,1,1,1,"",0
GO:0000578,embryonic axis specification,0/132,31/18842,0,0,-0.468033513537355,1,1,1,"",0
GO:0000712,resolution of meiotic recombination intermediates,0/132,15/18842,0,0,-0.325429646814657,1,1,1,"",0
GO:0000722,telomere maintenance via recombination,0/132,15/18842,0,0,-0.325429646814657,1,1,1,"",0
GO:0000724,double-strand break repair via homologous recombination,0/132,186/18842,0,0,-1.15119594776999,1,1,1,"",0
GO:0000725,recombinational repair,0/132,192/18842,0,0,-1.16980437944606,1,1,1,"",0
GO:0000727,double-strand break repair via break-induced replication,0/132,12/18842,0,0,-0.291049937025784,1,1,1,"",0
GO:0000729,DNA double-strand break processing,0/132,21/18842,0,0,-0.385114922134588,1,1,1,"",0
GO:0000731,DNA synthesis involved in DNA repair,0/132,16/18842,0,0,-0.336111220420459,1,1,1,"",0
GO:0000768,syncytium formation by plasma membrane fusion,0/132,88/18842,0,0,-0.789762351666056,1,1,1,"",0
GO:0000910,cytokinesis,0/132,195/18842,0,0,-1.17900288255561,1,1,1,"",0
GO:0000959,mitochondrial RNA metabolic process,0/132,63/18842,0,0,-0.667784124821285,1,1,1,"",0
GO:0000963,mitochondrial RNA processing,0/132,30/18842,0,0,-0.460410467649609,1,1,1,"",0
GO:0000966,RNA 5'-end processing,0/132,40/18842,0,0,-0.531777573647406,1,1,1,"",0
GO:0001101,response to acid chemical,0/132,115/18842,0,0,-0.90347650167041,1,1,1,"",0
GO:0001188,RNA polymerase I preinitiation complex assembly,0/132,11/18842,0,0,-0.278651700375158,1,1,1,"",0
GO:0001325,formation of extrachromosomal circular DNA,0/132,15/18842,0,0,-0.325429646814657,1,1,1,"",0
GO:0001408,guanine nucleotide transport,0/132,10/18842,0,0,-0.265676917587564,1,1,1,"",0
GO:0001504,neurotransmitter uptake,0/132,43/18842,0,0,-0.551402715420296,1,1,1,"",0
GO:0001516,prostaglandin biosynthetic process,0/132,31/18842,0,0,-0.468033513537355,1,1,1,"",0
GO:0001522,pseudouridine synthesis,0/132,18/18842,0,0,-0.356518722862875,1,1,1,"",0
GO:0001523,retinoid metabolic process,0/132,89/18842,0,0,-0.794258137686323,1,1,1,"",0
GO:0001541,ovarian follicle development,0/132,35/18842,0,0,-0.497366243942809,1,1,1,"",0
GO:0001556,oocyte maturation,0/132,24/18842,0,0,-0.411737985562741,1,1,1,"",0
GO:0001562,response to protozoan,0/132,18/18842,0,0,-0.356518722862875,1,1,1,"",0
GO:0001573,ganglioside metabolic process,0/132,26/18842,0,0,-0.428573257866855,1,1,1,"",0
GO:0001574,ganglioside biosynthetic process,0/132,16/18842,0,0,-0.336111220420459,1,1,1,"",0
GO:0001580,detection of chemical stimulus involved in sensory perception of bitter taste,0/132,39/18842,0,0,-0.525074318209442,1,1,1,"",0
GO:0001655,urogenital system development,0/132,30/18842,0,0,-0.460410467649609,1,1,1,"",0
GO:0001656,metanephros development,0/132,69/18842,0,0,-0.69897195681039,1,1,1,"",0
GO:0001657,ureteric bud development,0/132,67/18842,0,0,-0.688730752593991,1,1,1,"",0
GO:0001658,branching involved in ureteric bud morphogenesis,0/132,38/18842,0,0,-0.518285100061389,1,1,1,"",0
GO:0001662,behavioral fear response,0/132,18/18842,0,0,-0.356518722862875,1,1,1,"",0
GO:0001675,acrosome assembly,0/132,29/18842,0,0,-0.452659894469733,1,1,1,"",0
GO:0001676,long-chain fatty acid metabolic process,0/132,111/18842,0,0,-0.887530025022405,1,1,1,"",0
GO:0001682,tRNA 5'-leader removal,0/132,13/18842,0,0,-0.302942423276413,1,1,1,"",0
GO:0001702,gastrulation with mouth forming second,0/132,10/18842,0,0,-0.265676917587564,1,1,1,"",0
GO:0001731,formation of translation preinitiation complex,0/132,13/18842,0,0,-0.302942423276413,1,1,1,"",0
GO:0001732,formation of cytoplasmic translation initiation complex,0/132,15/18842,0,0,-0.325429646814657,1,1,1,"",0
GO:0001736,establishment of planar polarity,0/132,12/18842,0,0,-0.291049937025784,1,1,1,"",0
GO:0001738,morphogenesis of a polarized epithelium,0/132,29/18842,0,0,-0.452659894469733,1,1,1,"",0
GO:0001754,eye photoreceptor cell differentiation,0/132,31/18842,0,0,-0.468033513537355,1,1,1,"",0
GO:0001755,neural crest cell migration,0/132,43/18842,0,0,-0.551402715420296,1,1,1,"",0
GO:0001756,somitogenesis,0/132,22/18842,0,0,-0.39418816182791,1,1,1,"",0
GO:0001765,membrane raft assembly,0/132,13/18842,0,0,-0.302942423276413,1,1,1,"",0
GO:0001767,establishment of lymphocyte polarity,0/132,13/18842,0,0,-0.302942423276413,1,1,1,"",0
GO:0001768,establishment of T cell polarity,0/132,12/18842,0,0,-0.291049937025784,1,1,1,"",0
GO:0001771,immunological synapse formation,0/132,10/18842,0,0,-0.265676917587564,1,1,1,"",0
GO:0001773,myeloid dendritic cell activation,0/132,17/18842,0,0,-0.346464717820737,1,1,1,"",0
GO:0001778,plasma membrane repair,0/132,28/18842,0,0,-0.444775127108293,1,1,1,"",0
GO:0001780,neutrophil homeostasis,0/132,13/18842,0,0,-0.302942423276413,1,1,1,"",0
GO:0001782,B cell homeostasis,0/132,14/18842,0,0,-0.314386558515355,1,1,1,"",0
GO:0001783,B cell apoptotic process,0/132,17/18842,0,0,-0.346464717820737,1,1,1,"",0
GO:0001787,natural killer cell proliferation,0/132,15/18842,0,0,-0.325429646814657,1,1,1,"",0
GO:0001788,antibody-dependent cellular cytotoxicity,0/132,10/18842,0,0,-0.265676917587564,1,1,1,"",0
GO:0001794,type IIa hypersensitivity,0/132,10/18842,0,0,-0.265676917587564,1,1,1,"",0
GO:0001821,histamine secretion,0/132,10/18842,0,0,-0.265676917587564,1,1,1,"",0
GO:0001823,mesonephros development,0/132,74/18842,0,0,-0.723950561212253,1,1,1,"",0
GO:0001825,blastocyst formation,0/132,13/18842,0,0,-0.302942423276413,1,1,1,"",0
GO:0001836,release of cytochrome c from mitochondria,0/132,54/18842,0,0,-0.618099867926707,1,1,1,"",0
GO:0001838,embryonic epithelial tube formation,0/132,51/18842,0,0,-0.600637147477136,1,1,1,"",0
GO:0001841,neural tube formation,0/132,37/18842,0,0,-0.511406495482523,1,1,1,"",0
GO:0001843,neural tube closure,0/132,33/18842,0,0,-0.482921080155088,1,1,1,"",0
GO:0001845,phagolysosome assembly,0/132,16/18842,0,0,-0.336111220420459,1,1,1,"",0
GO:0001866,NK T cell proliferation,0/132,11/18842,0,0,-0.278651700375158,1,1,1,"",0
GO:0001878,response to yeast,0/132,11/18842,0,0,-0.278651700375158,1,1,1,"",0
GO:0001885,endothelial cell development,0/132,52/18842,0,0,-0.60651329946757,1,1,1,"",0
GO:0001892,embryonic placenta development,0/132,25/18842,0,0,-0.420239487852281,1,1,1,"",0
GO:0001893,maternal placenta development,0/132,18/18842,0,0,-0.356518722862875,1,1,1,"",0
GO:0001933,negative regulation of protein phosphorylation,0/132,106/18842,0,0,-0.867194551167246,1,1,1,"",0
GO:0001941,postsynaptic membrane organization,0/132,36/18842,0,0,-0.504434847677225,1,1,1,"",0
GO:0001942,hair follicle development,0/132,44/18842,0,0,-0.557792360956695,1,1,1,"",0
GO:0001953,negative regulation of cell-matrix adhesion,0/132,40/18842,0,0,-0.531777573647406,1,1,1,"",0
GO:0001954,positive regulation of cell-matrix adhesion,0/132,56/18842,0,0,-0.629475600981219,1,1,1,"",0
GO:0001956,positive regulation of neurotransmitter secretion,0/132,19/18842,0,0,-0.366297897596641,1,1,1,"",0
GO:0001958,endochondral ossification,0/132,11/18842,0,0,-0.278651700375158,1,1,1,"",0
GO:0001963,"synaptic transmission, dopaminergic",0/132,23/18842,0,0,-0.403058137312115,1,1,1,"",0
GO:0001964,startle response,0/132,14/18842,0,0,-0.314386558515355,1,1,1,"",0
GO:0001973,G protein-coupled adenosine receptor signaling pathway,0/132,10/18842,0,0,-0.265676917587564,1,1,1,"",0
GO:0001974,blood vessel remodeling,0/132,32/18842,0,0,-0.47553516526091,1,1,1,"",0
GO:0001975,response to amphetamine,0/132,20/18842,0,0,-0.375823696578768,1,1,1,"",0
GO:0001990,regulation of systemic arterial blood pressure by hormone,0/132,41/18842,0,0,-0.538398077299233,1,1,1,"",0
GO:0001991,regulation of systemic arterial blood pressure by circulatory renin-angiotensin,0/132,21/18842,0,0,-0.385114922134588,1,1,1,"",0
GO:0002002,regulation of angiotensin levels in blood,0/132,13/18842,0,0,-0.302942423276413,1,1,1,"",0
GO:0002003,angiotensin maturation,0/132,13/18842,0,0,-0.302942423276413,1,1,1,"",0
GO:0002021,response to dietary excess,0/132,18/18842,0,0,-0.356518722862875,1,1,1,"",0
GO:0002026,regulation of the force of heart contraction,0/132,18/18842,0,0,-0.356518722862875,1,1,1,"",0
GO:0002028,regulation of sodium ion transport,0/132,67/18842,0,0,-0.688730752593991,1,1,1,"",0
GO:0002031,G protein-coupled receptor internalization,0/132,15/18842,0,0,-0.325429646814657,1,1,1,"",0
GO:0002040,sprouting angiogenesis,0/132,198/18842,0,0,-1.18813309904624,1,1,1,"",0
GO:0002042,cell migration involved in sprouting angiogenesis,0/132,100/18842,0,0,-0.842158972135376,1,1,1,"",0
GO:0002043,blood vessel endothelial cell proliferation involved in sprouting angiogenesis,0/132,55/18842,0,0,-0.623813362930432,1,1,1,"",0
GO:0002052,positive regulation of neuroblast proliferation,0/132,13/18842,0,0,-0.302942423276413,1,1,1,"",0
GO:0002053,positive regulation of mesenchymal cell proliferation,0/132,10/18842,0,0,-0.265676917587564,1,1,1,"",0
GO:0002063,chondrocyte development,0/132,14/18842,0,0,-0.314386558515355,1,1,1,"",0
GO:0002065,columnar/cuboidal epithelial cell differentiation,0/132,56/18842,0,0,-0.629475600981219,1,1,1,"",0
GO:0002082,regulation of oxidative phosphorylation,0/132,22/18842,0,0,-0.39418816182791,1,1,1,"",0
GO:0002091,negative regulation of receptor internalization,0/132,15/18842,0,0,-0.325429646814657,1,1,1,"",0
GO:0002092,positive regulation of receptor internalization,0/132,29/18842,0,0,-0.452659894469733,1,1,1,"",0
GO:0002093,auditory receptor cell morphogenesis,0/132,10/18842,0,0,-0.265676917587564,1,1,1,"",0
GO:0002097,tRNA wobble base modification,0/132,29/18842,0,0,-0.452659894469733,1,1,1,"",0
GO:0002098,tRNA wobble uridine modification,0/132,19/18842,0,0,-0.366297897596641,1,1,1,"",0
GO:0002115,store-operated calcium entry,0/132,21/18842,0,0,-0.385114922134588,1,1,1,"",0
GO:0002182,cytoplasmic translational elongation,0/132,44/18842,0,0,-0.557792360956695,1,1,1,"",0
GO:0002200,somatic diversification of immune receptors,0/132,59/18842,0,0,-0.646168188121849,1,1,1,"",0
GO:0002204,somatic recombination of immunoglobulin genes involved in immune response,0/132,37/18842,0,0,-0.511406495482523,1,1,1,"",0
GO:0002208,somatic diversification of immunoglobulins involved in immune response,0/132,37/18842,0,0,-0.511406495482523,1,1,1,"",0
GO:0002209,behavioral defense response,0/132,19/18842,0,0,-0.366297897596641,1,1,1,"",0
GO:0002220,innate immune response activating cell surface receptor signaling pathway,0/132,100/18842,0,0,-0.842158972135376,1,1,1,"",0
GO:0002223,stimulatory C-type lectin receptor signaling pathway,0/132,21/18842,0,0,-0.385114922134588,1,1,1,"",0
GO:0002227,innate immune response in mucosa,0/132,34/18842,0,0,-0.490196489878786,1,1,1,"",0
GO:0002230,positive regulation of defense response to virus by host,0/132,31/18842,0,0,-0.468033513537355,1,1,1,"",0
GO:0002244,hematopoietic progenitor cell differentiation,0/132,65/18842,0,0,-0.678337180323899,1,1,1,"",0
GO:0002260,lymphocyte homeostasis,0/132,52/18842,0,0,-0.60651329946757,1,1,1,"",0
GO:0002275,myeloid cell activation involved in immune response,0/132,90/18842,0,0,-0.798729094242601,1,1,1,"",0
GO:0002279,mast cell activation involved in immune response,0/132,52/18842,0,0,-0.60651329946757,1,1,1,"",0
GO:0002281,macrophage activation involved in immune response,0/132,19/18842,0,0,-0.366297897596641,1,1,1,"",0
GO:0002283,neutrophil activation involved in immune response,0/132,14/18842,0,0,-0.314386558515355,1,1,1,"",0
GO:0002287,alpha-beta T cell activation involved in immune response,0/132,81/18842,0,0,-0.757559178371426,1,1,1,"",0
GO:0002291,T cell activation via T cell receptor contact with antigen bound to MHC molecule on antigen presenting cell,0/132,12/18842,0,0,-0.291049937025784,1,1,1,"",0
GO:0002295,T-helper cell lineage commitment,0/132,28/18842,0,0,-0.444775127108293,1,1,1,"",0
GO:0002320,lymphoid progenitor cell differentiation,0/132,17/18842,0,0,-0.346464717820737,1,1,1,"",0
GO:0002323,natural killer cell activation involved in immune response,0/132,27/18842,0,0,-0.436748897537163,1,1,1,"",0
GO:0002327,immature B cell differentiation,0/132,14/18842,0,0,-0.314386558515355,1,1,1,"",0
GO:0002357,defense response to tumor cell,0/132,12/18842,0,0,-0.291049937025784,1,1,1,"",0
GO:0002360,T cell lineage commitment,0/132,35/18842,0,0,-0.497366243942809,1,1,1,"",0
GO:0002363,alpha-beta T cell lineage commitment,0/132,32/18842,0,0,-0.47553516526091,1,1,1,"",0
GO:0002367,cytokine production involved in immune response,0/132,96/18842,0,0,-0.825055866788168,1,1,1,"",0
GO:0002369,T cell cytokine production,0/132,40/18842,0,0,-0.531777573647406,1,1,1,"",0
GO:0002371,dendritic cell cytokine production,0/132,13/18842,0,0,-0.302942423276413,1,1,1,"",0
GO:0002377,immunoglobulin production,0/132,86/18842,0,0,-0.780694572729888,1,1,1,"",0
GO:0002381,immunoglobulin production involved in immunoglobulin-mediated immune response,0/132,40/18842,0,0,-0.531777573647406,1,1,1,"",0
GO:0002407,dendritic cell chemotaxis,0/132,24/18842,0,0,-0.411737985562741,1,1,1,"",0
GO:0002420,natural killer cell mediated cytotoxicity directed against tumor cell target,0/132,10/18842,0,0,-0.265676917587564,1,1,1,"",0
GO:0002423,natural killer cell mediated immune response to tumor cell,0/132,11/18842,0,0,-0.278651700375158,1,1,1,"",0
GO:0002430,complement receptor mediated signaling pathway,0/132,17/18842,0,0,-0.346464717820737,1,1,1,"",0
GO:0002431,Fc receptor mediated stimulatory signaling pathway,0/132,33/18842,0,0,-0.482921080155088,1,1,1,"",0
GO:0002438,acute inflammatory response to antigenic stimulus,0/132,27/18842,0,0,-0.436748897537163,1,1,1,"",0
GO:0002440,production of molecular mediator of immune response,0/132,182/18842,0,0,-1.13862816145706,1,1,1,"",0
GO:0002444,myeloid leukocyte mediated immunity,0/132,104/18842,0,0,-0.858928669549718,1,1,1,"",0
GO:0002445,type II hypersensitivity,0/132,10/18842,0,0,-0.265676917587564,1,1,1,"",0
GO:0002446,neutrophil mediated immunity,0/132,33/18842,0,0,-0.482921080155088,1,1,1,"",0
GO:0002448,mast cell mediated immunity,0/132,50/18842,0,0,-0.594703571845774,1,1,1,"",0
GO:0002523,leukocyte migration involved in inflammatory response,0/132,17/18842,0,0,-0.346464717820737,1,1,1,"",0
GO:0002524,hypersensitivity,0/132,16/18842,0,0,-0.336111220420459,1,1,1,"",0
GO:0002526,acute inflammatory response,0/132,100/18842,0,0,-0.842158972135376,1,1,1,"",0
GO:0002532,production of molecular mediator involved in inflammatory response,0/132,109/18842,0,0,-0.879450963513604,1,1,1,"",0
GO:0002534,cytokine production involved in inflammatory response,0/132,85/18842,0,0,-0.776121689298554,1,1,1,"",0
GO:0002544,chronic inflammatory response,0/132,14/18842,0,0,-0.314386558515355,1,1,1,"",0
GO:0002551,mast cell chemotaxis,0/132,12/18842,0,0,-0.291049937025784,1,1,1,"",0
GO:0002562,somatic diversification of immune receptors via germline recombination within a single locus,0/132,52/18842,0,0,-0.60651329946757,1,1,1,"",0
GO:0002566,somatic diversification of immune receptors via somatic mutation,0/132,10/18842,0,0,-0.265676917587564,1,1,1,"",0
GO:0002577,regulation of antigen processing and presentation,0/132,21/18842,0,0,-0.385114922134588,1,1,1,"",0
GO:0002604,regulation of dendritic cell antigen processing and presentation,0/132,10/18842,0,0,-0.265676917587564,1,1,1,"",0
GO:0002637,regulation of immunoglobulin production,0/132,54/18842,0,0,-0.618099867926707,1,1,1,"",0
GO:0002639,positive regulation of immunoglobulin production,0/132,46/18842,0,0,-0.570358928294299,1,1,1,"",0
GO:0002673,regulation of acute inflammatory response,0/132,42/18842,0,0,-0.544938845356922,1,1,1,"",0
GO:0002674,negative regulation of acute inflammatory response,0/132,10/18842,0,0,-0.265676917587564,1,1,1,"",0
GO:0002675,positive regulation of acute inflammatory response,0/132,24/18842,0,0,-0.411737985562741,1,1,1,"",0
GO:0002679,respiratory burst involved in defense response,0/132,12/18842,0,0,-0.291049937025784,1,1,1,"",0
GO:0002686,negative regulation of leukocyte migration,0/132,49/18842,0,0,-0.588710836167025,1,1,1,"",0
GO:0002689,negative regulation of leukocyte chemotaxis,0/132,20/18842,0,0,-0.375823696578768,1,1,1,"",0
GO:0002700,regulation of production of molecular mediator of immune response,0/132,147/18842,0,0,-1.02234618160651,1,1,1,"",0
GO:0002701,negative regulation of production of molecular mediator of immune response,0/132,34/18842,0,0,-0.490196489878786,1,1,1,"",0
GO:0002702,positive regulation of production of molecular mediator of immune response,0/132,114/18842,0,0,-0.899515749934523,1,1,1,"",0
GO:0002710,negative regulation of T cell mediated immunity,0/132,30/18842,0,0,-0.460410467649609,1,1,1,"",0
GO:0002712,regulation of B cell mediated immunity,0/132,39/18842,0,0,-0.525074318209442,1,1,1,"",0
GO:0002713,negative regulation of B cell mediated immunity,0/132,10/18842,0,0,-0.265676917587564,1,1,1,"",0
GO:0002714,positive regulation of B cell mediated immunity,0/132,26/18842,0,0,-0.428573257866855,1,1,1,"",0
GO:0002718,regulation of cytokine production involved in immune response,0/132,96/18842,0,0,-0.825055866788168,1,1,1,"",0
GO:0002719,negative regulation of cytokine production involved in immune response,0/132,26/18842,0,0,-0.428573257866855,1,1,1,"",0
GO:0002720,positive regulation of cytokine production involved in immune response,0/132,68/18842,0,0,-0.693869976647335,1,1,1,"",0
GO:0002724,regulation of T cell cytokine production,0/132,40/18842,0,0,-0.531777573647406,1,1,1,"",0
GO:0002725,negative regulation of T cell cytokine production,0/132,13/18842,0,0,-0.302942423276413,1,1,1,"",0
GO:0002726,positive regulation of T cell cytokine production,0/132,26/18842,0,0,-0.428573257866855,1,1,1,"",0
GO:0002730,regulation of dendritic cell cytokine production,0/132,13/18842,0,0,-0.302942423276413,1,1,1,"",0
GO:0002732,positive regulation of dendritic cell cytokine production,0/132,11/18842,0,0,-0.278651700375158,1,1,1,"",0
GO:0002752,cell surface pattern recognition receptor signaling pathway,0/132,83/18842,0,0,-0.7668956089656,1,1,1,"",0
GO:0002755,MyD88-dependent toll-like receptor signaling pathway,0/132,21/18842,0,0,-0.385114922134588,1,1,1,"",0
GO:0002756,MyD88-independent toll-like receptor signaling pathway,0/132,16/18842,0,0,-0.336111220420459,1,1,1,"",0
GO:0002762,negative regulation of myeloid leukocyte differentiation,0/132,47/18842,0,0,-0.576540486956794,1,1,1,"",0
GO:0002765,immune response-inhibiting signal transduction,0/132,38/18842,0,0,-0.518285100061389,1,1,1,"",0
GO:0002767,immune response-inhibiting cell surface receptor signaling pathway,0/132,37/18842,0,0,-0.511406495482523,1,1,1,"",0
GO:0002820,negative regulation of adaptive immune response,0/132,65/18842,0,0,-0.678337180323899,1,1,1,"",0
GO:0002823,negative regulation of adaptive immune response based on somatic recombination of immune receptors built from immunoglobulin superfamily domains,0/132,62/18842,0,0,-0.66244541328332,1,1,1,"",0
GO:0002825,regulation of T-helper 1 type immune response,0/132,34/18842,0,0,-0.490196489878786,1,1,1,"",0
GO:0002826,negative regulation of T-helper 1 type immune response,0/132,15/18842,0,0,-0.325429646814657,1,1,1,"",0
GO:0002827,positive regulation of T-helper 1 type immune response,0/132,16/18842,0,0,-0.336111220420459,1,1,1,"",0
GO:0002828,regulation of type 2 immune response,0/132,25/18842,0,0,-0.420239487852281,1,1,1,"",0
GO:0002829,negative regulation of type 2 immune response,0/132,11/18842,0,0,-0.278651700375158,1,1,1,"",0
GO:0002830,positive regulation of type 2 immune response,0/132,14/18842,0,0,-0.314386558515355,1,1,1,"",0
GO:0002835,negative regulation of response to tumor cell,0/132,11/18842,0,0,-0.278651700375158,1,1,1,"",0
GO:0002838,negative regulation of immune response to tumor cell,0/132,11/18842,0,0,-0.278651700375158,1,1,1,"",0
GO:0002855,regulation of natural killer cell mediated immune response to tumor cell,0/132,10/18842,0,0,-0.265676917587564,1,1,1,"",0
GO:0002864,regulation of acute inflammatory response to antigenic stimulus,0/132,12/18842,0,0,-0.291049937025784,1,1,1,"",0
GO:0002886,regulation of myeloid leukocyte mediated immunity,0/132,47/18842,0,0,-0.576540486956794,1,1,1,"",0
GO:0002888,positive regulation of myeloid leukocyte mediated immunity,0/132,18/18842,0,0,-0.356518722862875,1,1,1,"",0
GO:0002889,regulation of immunoglobulin mediated immune response,0/132,39/18842,0,0,-0.525074318209442,1,1,1,"",0
GO:0002890,negative regulation of immunoglobulin mediated immune response,0/132,10/18842,0,0,-0.265676917587564,1,1,1,"",0
GO:0002891,positive regulation of immunoglobulin mediated immune response,0/132,26/18842,0,0,-0.428573257866855,1,1,1,"",0
GO:0002902,regulation of B cell apoptotic process,0/132,14/18842,0,0,-0.314386558515355,1,1,1,"",0
GO:0002903,negative regulation of B cell apoptotic process,0/132,10/18842,0,0,-0.265676917587564,1,1,1,"",0
GO:0002920,regulation of humoral immune response,0/132,44/18842,0,0,-0.557792360956695,1,1,1,"",0
GO:0002921,negative regulation of humoral immune response,0/132,17/18842,0,0,-0.346464717820737,1,1,1,"",0
GO:0002922,positive regulation of humoral immune response,0/132,22/18842,0,0,-0.39418816182791,1,1,1,"",0
GO:0002923,regulation of humoral immune response mediated by circulating immunoglobulin,0/132,10/18842,0,0,-0.265676917587564,1,1,1,"",0
GO:0002934,desmosome organization,0/132,11/18842,0,0,-0.278651700375158,1,1,1,"",0
GO:0003009,skeletal muscle contraction,0/132,51/18842,0,0,-0.600637147477136,1,1,1,"",0
GO:0003044,regulation of systemic arterial blood pressure mediated by a chemical signal,0/132,49/18842,0,0,-0.588710836167025,1,1,1,"",0
GO:0003073,regulation of systemic arterial blood pressure,0/132,82/18842,0,0,-0.762241439800607,1,1,1,"",0
GO:0003081,regulation of systemic arterial blood pressure by renin-angiotensin,0/132,28/18842,0,0,-0.444775127108293,1,1,1,"",0
GO:0003084,positive regulation of systemic arterial blood pressure,0/132,14/18842,0,0,-0.314386558515355,1,1,1,"",0
GO:0003085,negative regulation of systemic arterial blood pressure,0/132,20/18842,0,0,-0.375823696578768,1,1,1,"",0
GO:0003094,glomerular filtration,0/132,24/18842,0,0,-0.411737985562741,1,1,1,"",0
GO:0003140,determination of left/right asymmetry in lateral mesoderm,0/132,10/18842,0,0,-0.265676917587564,1,1,1,"",0
GO:0003148,outflow tract septum morphogenesis,0/132,23/18842,0,0,-0.403058137312115,1,1,1,"",0
GO:0003151,outflow tract morphogenesis,0/132,64/18842,0,0,-0.673081054207394,1,1,1,"",0
GO:0003163,sinoatrial node development,0/132,11/18842,0,0,-0.278651700375158,1,1,1,"",0
GO:0003171,atrioventricular valve development,0/132,26/18842,0,0,-0.428573257866855,1,1,1,"",0
GO:0003174,mitral valve development,0/132,13/18842,0,0,-0.302942423276413,1,1,1,"",0
GO:0003176,aortic valve development,0/132,44/18842,0,0,-0.557792360956695,1,1,1,"",0
GO:0003180,aortic valve morphogenesis,0/132,39/18842,0,0,-0.525074318209442,1,1,1,"",0
GO:0003181,atrioventricular valve morphogenesis,0/132,23/18842,0,0,-0.403058137312115,1,1,1,"",0
GO:0003183,mitral valve morphogenesis,0/132,12/18842,0,0,-0.291049937025784,1,1,1,"",0
GO:0003188,heart valve formation,0/132,14/18842,0,0,-0.314386558515355,1,1,1,"",0
GO:0003197,endocardial cushion development,0/132,43/18842,0,0,-0.551402715420296,1,1,1,"",0
GO:0003198,epithelial to mesenchymal transition involved in endocardial cushion formation,0/132,12/18842,0,0,-0.291049937025784,1,1,1,"",0
GO:0003203,endocardial cushion morphogenesis,0/132,35/18842,0,0,-0.497366243942809,1,1,1,"",0
GO:0003207,cardiac chamber formation,0/132,10/18842,0,0,-0.265676917587564,1,1,1,"",0
GO:0003214,cardiac left ventricle morphogenesis,0/132,15/18842,0,0,-0.325429646814657,1,1,1,"",0
GO:0003215,cardiac right ventricle morphogenesis,0/132,15/18842,0,0,-0.325429646814657,1,1,1,"",0
GO:0003222,ventricular trabecula myocardium morphogenesis,0/132,10/18842,0,0,-0.265676917587564,1,1,1,"",0
GO:0003254,regulation of membrane depolarization,0/132,51/18842,0,0,-0.600637147477136,1,1,1,"",0
GO:0003272,endocardial cushion formation,0/132,25/18842,0,0,-0.420239487852281,1,1,1,"",0
GO:0003298,physiological muscle hypertrophy,0/132,27/18842,0,0,-0.436748897537163,1,1,1,"",0
GO:0003301,physiological cardiac muscle hypertrophy,0/132,27/18842,0,0,-0.436748897537163,1,1,1,"",0
GO:0003309,type B pancreatic cell differentiation,0/132,22/18842,0,0,-0.39418816182791,1,1,1,"",0
GO:0003323,type B pancreatic cell development,0/132,17/18842,0,0,-0.346464717820737,1,1,1,"",0
GO:0003333,amino acid transmembrane transport,0/132,103/18842,0,0,-0.854766422117202,1,1,1,"",0
GO:0003338,metanephros morphogenesis,0/132,25/18842,0,0,-0.420239487852281,1,1,1,"",0
GO:0003351,epithelial cilium movement involved in extracellular fluid movement,0/132,21/18842,0,0,-0.385114922134588,1,1,1,"",0
GO:0003352,regulation of cilium movement,0/132,41/18842,0,0,-0.538398077299233,1,1,1,"",0
GO:0003353,positive regulation of cilium movement,0/132,15/18842,0,0,-0.325429646814657,1,1,1,"",0
GO:0003356,regulation of cilium beat frequency,0/132,16/18842,0,0,-0.336111220420459,1,1,1,"",0
GO:0003376,sphingosine-1-phosphate receptor signaling pathway,0/132,17/18842,0,0,-0.346464717820737,1,1,1,"",0
GO:0003382,epithelial cell morphogenesis,0/132,20/18842,0,0,-0.375823696578768,1,1,1,"",0
GO:0003401,axis elongation,0/132,10/18842,0,0,-0.265676917587564,1,1,1,"",0
GO:0003407,neural retina development,0/132,56/18842,0,0,-0.629475600981219,1,1,1,"",0
GO:0003416,endochondral bone growth,0/132,14/18842,0,0,-0.314386558515355,1,1,1,"",0
GO:0003417,growth plate cartilage development,0/132,10/18842,0,0,-0.265676917587564,1,1,1,"",0
GO:0005513,detection of calcium ion,0/132,15/18842,0,0,-0.325429646814657,1,1,1,"",0
GO:0005976,polysaccharide metabolic process,0/132,94/18842,0,0,-0.816372752254244,1,1,1,"",0
GO:0005977,glycogen metabolic process,0/132,76/18842,0,0,-0.73370754781504,1,1,1,"",0
GO:0005978,glycogen biosynthetic process,0/132,44/18842,0,0,-0.557792360956695,1,1,1,"",0
GO:0005979,regulation of glycogen biosynthetic process,0/132,31/18842,0,0,-0.468033513537355,1,1,1,"",0
GO:0005980,glycogen catabolic process,0/132,28/18842,0,0,-0.444775127108293,1,1,1,"",0
GO:0006000,fructose metabolic process,0/132,14/18842,0,0,-0.314386558515355,1,1,1,"",0
GO:0006002,fructose 6-phosphate metabolic process,0/132,12/18842,0,0,-0.291049937025784,1,1,1,"",0
GO:0006004,fucose metabolic process,0/132,17/18842,0,0,-0.346464717820737,1,1,1,"",0
GO:0006007,glucose catabolic process,0/132,25/18842,0,0,-0.420239487852281,1,1,1,"",0
GO:0006012,galactose metabolic process,0/132,12/18842,0,0,-0.291049937025784,1,1,1,"",0
GO:0006022,aminoglycan metabolic process,0/132,77/18842,0,0,-0.738538474231316,1,1,1,"",0
GO:0006023,aminoglycan biosynthetic process,0/132,36/18842,0,0,-0.504434847677225,1,1,1,"",0
GO:0006024,glycosaminoglycan biosynthetic process,0/132,30/18842,0,0,-0.460410467649609,1,1,1,"",0
GO:0006026,aminoglycan catabolic process,0/132,33/18842,0,0,-0.482921080155088,1,1,1,"",0
GO:0006027,glycosaminoglycan catabolic process,0/132,27/18842,0,0,-0.436748897537163,1,1,1,"",0
GO:0006044,N-acetylglucosamine metabolic process,0/132,18/18842,0,0,-0.356518722862875,1,1,1,"",0
GO:0006047,UDP-N-acetylglucosamine metabolic process,0/132,13/18842,0,0,-0.302942423276413,1,1,1,"",0
GO:0006048,UDP-N-acetylglucosamine biosynthetic process,0/132,10/18842,0,0,-0.265676917587564,1,1,1,"",0
GO:0006067,ethanol metabolic process,0/132,14/18842,0,0,-0.314386558515355,1,1,1,"",0
GO:0006068,ethanol catabolic process,0/132,14/18842,0,0,-0.314386558515355,1,1,1,"",0
GO:0006071,glycerol metabolic process,0/132,19/18842,0,0,-0.366297897596641,1,1,1,"",0
GO:0006081,aldehyde metabolic process,0/132,78/18842,0,0,-0.743338515213413,1,1,1,"",0
GO:0006084,acetyl-CoA metabolic process,0/132,42/18842,0,0,-0.544938845356922,1,1,1,"",0
GO:0006085,acetyl-CoA biosynthetic process,0/132,23/18842,0,0,-0.403058137312115,1,1,1,"",0
GO:0006086,pyruvate decarboxylation to acetyl-CoA,0/132,16/18842,0,0,-0.336111220420459,1,1,1,"",0
GO:0006089,lactate metabolic process,0/132,13/18842,0,0,-0.302942423276413,1,1,1,"",0
GO:0006099,tricarboxylic acid cycle,0/132,32/18842,0,0,-0.47553516526091,1,1,1,"",0
GO:0006103,2-oxoglutarate metabolic process,0/132,17/18842,0,0,-0.346464717820737,1,1,1,"",0
GO:0006104,succinyl-CoA metabolic process,0/132,13/18842,0,0,-0.302942423276413,1,1,1,"",0
GO:0006107,oxaloacetate metabolic process,0/132,10/18842,0,0,-0.265676917587564,1,1,1,"",0
GO:0006112,energy reserve metabolic process,0/132,84/18842,0,0,-0.771522194340757,1,1,1,"",0
GO:0006119,oxidative phosphorylation,0/132,139/18842,0,0,-0.993925447127722,1,1,1,"",0
GO:0006120,"mitochondrial electron transport, NADH to ubiquinone",0/132,50/18842,0,0,-0.594703571845774,1,1,1,"",0
GO:0006122,"mitochondrial electron transport, ubiquinol to cytochrome c",0/132,14/18842,0,0,-0.314386558515355,1,1,1,"",0
GO:0006123,"mitochondrial electron transport, cytochrome c to oxygen",0/132,23/18842,0,0,-0.403058137312115,1,1,1,"",0
GO:0006144,purine nucleobase metabolic process,0/132,19/18842,0,0,-0.366297897596641,1,1,1,"",0
GO:0006167,AMP biosynthetic process,0/132,12/18842,0,0,-0.291049937025784,1,1,1,"",0
GO:0006177,GMP biosynthetic process,0/132,12/18842,0,0,-0.291049937025784,1,1,1,"",0
GO:0006182,cGMP biosynthetic process,0/132,12/18842,0,0,-0.291049937025784,1,1,1,"",0
GO:0006183,GTP biosynthetic process,0/132,10/18842,0,0,-0.265676917587564,1,1,1,"",0
GO:0006188,IMP biosynthetic process,0/132,11/18842,0,0,-0.278651700375158,1,1,1,"",0
GO:0006206,pyrimidine nucleobase metabolic process,0/132,17/18842,0,0,-0.346464717820737,1,1,1,"",0
GO:0006207,'de novo' pyrimidine nucleobase biosynthetic process,0/132,10/18842,0,0,-0.265676917587564,1,1,1,"",0
GO:0006213,pyrimidine nucleoside metabolic process,0/132,13/18842,0,0,-0.302942423276413,1,1,1,"",0
GO:0006220,pyrimidine nucleotide metabolic process,0/132,53/18842,0,0,-0.61233368108521,1,1,1,"",0
GO:0006221,pyrimidine nucleotide biosynthetic process,0/132,33/18842,0,0,-0.482921080155088,1,1,1,"",0
GO:0006222,UMP biosynthetic process,0/132,11/18842,0,0,-0.278651700375158,1,1,1,"",0
GO:0006241,CTP biosynthetic process,0/132,13/18842,0,0,-0.302942423276413,1,1,1,"",0
GO:0006244,pyrimidine nucleotide catabolic process,0/132,22/18842,0,0,-0.39418816182791,1,1,1,"",0
GO:0006264,mitochondrial DNA replication,0/132,14/18842,0,0,-0.314386558515355,1,1,1,"",0
GO:0006265,DNA topological change,0/132,10/18842,0,0,-0.265676917587564,1,1,1,"",0
GO:0006270,DNA replication initiation,0/132,39/18842,0,0,-0.525074318209442,1,1,1,"",0
GO:0006271,DNA strand elongation involved in DNA replication,0/132,15/18842,0,0,-0.325429646814657,1,1,1,"",0
GO:0006278,RNA-templated DNA biosynthetic process,0/132,67/18842,0,0,-0.688730752593991,1,1,1,"",0
GO:0006283,transcription-coupled nucleotide-excision repair,0/132,11/18842,0,0,-0.278651700375158,1,1,1,"",0
GO:0006285,"base-excision repair, AP site formation",0/132,12/18842,0,0,-0.291049937025784,1,1,1,"",0
GO:0006287,"base-excision repair, gap-filling",0/132,13/18842,0,0,-0.302942423276413,1,1,1,"",0
GO:0006289,nucleotide-excision repair,0/132,90/18842,0,0,-0.798729094242601,1,1,1,"",0
GO:0006301,DNA damage tolerance,0/132,37/18842,0,0,-0.511406495482523,1,1,1,"",0
GO:0006304,DNA modification,0/132,28/18842,0,0,-0.444775127108293,1,1,1,"",0
GO:0006308,DNA catabolic process,0/132,30/18842,0,0,-0.460410467649609,1,1,1,"",0
GO:0006309,apoptotic DNA fragmentation,0/132,16/18842,0,0,-0.336111220420459,1,1,1,"",0
GO:0006312,mitotic recombination,0/132,26/18842,0,0,-0.428573257866855,1,1,1,"",0
GO:0006334,nucleosome assembly,0/132,113/18842,0,0,-0.895537906664216,1,1,1,"",0
GO:0006337,nucleosome disassembly,0/132,18/18842,0,0,-0.356518722862875,1,1,1,"",0
GO:0006346,DNA methylation-dependent constitutive heterochromatin formation,0/132,39/18842,0,0,-0.525074318209442,1,1,1,"",0
GO:0006356,regulation of transcription by RNA polymerase I,0/132,45/18842,0,0,-0.564110304289483,1,1,1,"",0
GO:0006359,regulation of transcription by RNA polymerase III,0/132,32/18842,0,0,-0.47553516526091,1,1,1,"",0
GO:0006360,transcription by RNA polymerase I,0/132,71/18842,0,0,-0.709067395734335,1,1,1,"",0
GO:0006361,transcription initiation at RNA polymerase I promoter,0/132,27/18842,0,0,-0.436748897537163,1,1,1,"",0
GO:0006362,transcription elongation by RNA polymerase I,0/132,13/18842,0,0,-0.302942423276413,1,1,1,"",0
GO:0006363,termination of RNA polymerase I transcription,0/132,15/18842,0,0,-0.325429646814657,1,1,1,"",0
GO:0006364,rRNA processing,0/132,237/18842,0,0,-1.30125191743009,1,1,1,"",0
GO:0006368,transcription elongation by RNA polymerase II,0/132,142/18842,0,0,-1.00467458361307,1,1,1,"",0
GO:0006369,termination of RNA polymerase II transcription,0/132,19/18842,0,0,-0.366297897596641,1,1,1,"",0
GO:0006376,mRNA splice site recognition,0/132,48/18842,0,0,-0.582657114924422,1,1,1,"",0
GO:0006383,transcription by RNA polymerase III,0/132,62/18842,0,0,-0.66244541328332,1,1,1,"",0
GO:0006384,transcription initiation at RNA polymerase III promoter,0/132,26/18842,0,0,-0.428573257866855,1,1,1,"",0
GO:0006386,termination of RNA polymerase III transcription,0/132,17/18842,0,0,-0.346464717820737,1,1,1,"",0
GO:0006388,"tRNA splicing, via endonucleolytic cleavage and ligation",0/132,14/18842,0,0,-0.314386558515355,1,1,1,"",0
GO:0006390,mitochondrial transcription,0/132,18/18842,0,0,-0.356518722862875,1,1,1,"",0
GO:0006414,translational elongation,0/132,77/18842,0,0,-0.738538474231316,1,1,1,"",0
GO:0006415,translational termination,0/132,15/18842,0,0,-0.325429646814657,1,1,1,"",0
GO:0006418,tRNA aminoacylation for protein translation,0/132,44/18842,0,0,-0.557792360956695,1,1,1,"",0
GO:0006448,regulation of translational elongation,0/132,12/18842,0,0,-0.291049937025784,1,1,1,"",0
GO:0006450,regulation of translational fidelity,0/132,17/18842,0,0,-0.346464717820737,1,1,1,"",0
GO:0006458,'de novo' protein folding,0/132,11/18842,0,0,-0.278651700375158,1,1,1,"",0
GO:0006469,negative regulation of protein kinase activity,0/132,66/18842,0,0,-0.683553444519687,1,1,1,"",0
GO:0006470,protein dephosphorylation,0/132,86/18842,0,0,-0.780694572729888,1,1,1,"",0
GO:0006476,protein deacetylation,0/132,28/18842,0,0,-0.444775127108293,1,1,1,"",0
GO:0006479,protein methylation,0/132,43/18842,0,0,-0.551402715420296,1,1,1,"",0
GO:0006488,dolichol-linked oligosaccharide biosynthetic process,0/132,20/18842,0,0,-0.375823696578768,1,1,1,"",0
GO:0006491,N-glycan processing,0/132,24/18842,0,0,-0.411737985562741,1,1,1,"",0
GO:0006497,protein lipidation,0/132,44/18842,0,0,-0.557792360956695,1,1,1,"",0
GO:0006505,GPI anchor metabolic process,0/132,33/18842,0,0,-0.482921080155088,1,1,1,"",0
GO:0006506,GPI anchor biosynthetic process,0/132,32/18842,0,0,-0.47553516526091,1,1,1,"",0
GO:0006509,membrane protein ectodomain proteolysis,0/132,44/18842,0,0,-0.557792360956695,1,1,1,"",0
GO:0006515,protein quality control for misfolded or incompletely synthesized proteins,0/132,31/18842,0,0,-0.468033513537355,1,1,1,"",0
GO:0006516,glycoprotein catabolic process,0/132,45/18842,0,0,-0.564110304289483,1,1,1,"",0
GO:0006521,regulation of amino acid metabolic process,0/132,11/18842,0,0,-0.278651700375158,1,1,1,"",0
GO:0006525,arginine metabolic process,0/132,21/18842,0,0,-0.385114922134588,1,1,1,"",0
GO:0006534,cysteine metabolic process,0/132,10/18842,0,0,-0.265676917587564,1,1,1,"",0
GO:0006536,glutamate metabolic process,0/132,23/18842,0,0,-0.403058137312115,1,1,1,"",0
GO:0006541,glutamine metabolic process,0/132,15/18842,0,0,-0.325429646814657,1,1,1,"",0
GO:0006544,glycine metabolic process,0/132,10/18842,0,0,-0.265676917587564,1,1,1,"",0
GO:0006560,L-proline metabolic process,0/132,10/18842,0,0,-0.265676917587564,1,1,1,"",0
GO:0006563,L-serine metabolic process,0/132,13/18842,0,0,-0.302942423276413,1,1,1,"",0
GO:0006568,L-tryptophan metabolic process,0/132,16/18842,0,0,-0.336111220420459,1,1,1,"",0
GO:0006570,tyrosine metabolic process,0/132,16/18842,0,0,-0.336111220420459,1,1,1,"",0
GO:0006576,biogenic amine metabolic process,0/132,69/18842,0,0,-0.69897195681039,1,1,1,"",0
GO:0006577,amino-acid betaine metabolic process,0/132,18/18842,0,0,-0.356518722862875,1,1,1,"",0
GO:0006582,melanin metabolic process,0/132,24/18842,0,0,-0.411737985562741,1,1,1,"",0
GO:0006584,catecholamine metabolic process,0/132,44/18842,0,0,-0.557792360956695,1,1,1,"",0
GO:0006590,thyroid hormone generation,0/132,18/18842,0,0,-0.356518722862875,1,1,1,"",0
GO:0006595,polyamine metabolic process,0/132,18/18842,0,0,-0.356518722862875,1,1,1,"",0
GO:0006596,polyamine biosynthetic process,0/132,13/18842,0,0,-0.302942423276413,1,1,1,"",0
GO:0006607,NLS-bearing protein import into nucleus,0/132,20/18842,0,0,-0.375823696578768,1,1,1,"",0
GO:0006614,SRP-dependent cotranslational protein targeting to membrane,0/132,28/18842,0,0,-0.444775127108293,1,1,1,"",0
GO:0006616,"SRP-dependent cotranslational protein targeting to membrane, translocation",0/132,10/18842,0,0,-0.265676917587564,1,1,1,"",0
GO:0006617,"SRP-dependent cotranslational protein targeting to membrane, signal sequence recognition",0/132,18/18842,0,0,-0.356518722862875,1,1,1,"",0
GO:0006622,protein targeting to lysosome,0/132,29/18842,0,0,-0.452659894469733,1,1,1,"",0
GO:0006633,fatty acid biosynthetic process,0/132,178/18842,0,0,-1.12592557709801,1,1,1,"",0
GO:0006635,fatty acid beta-oxidation,0/132,67/18842,0,0,-0.688730752593991,1,1,1,"",0
GO:0006636,unsaturated fatty acid biosynthetic process,0/132,53/18842,0,0,-0.61233368108521,1,1,1,"",0
GO:0006664,glycolipid metabolic process,0/132,118/18842,0,0,-0.915258422446355,1,1,1,"",0
GO:0006665,sphingolipid metabolic process,0/132,162/18842,0,0,-1.07367074053286,1,1,1,"",0
GO:0006670,sphingosine metabolic process,0/132,22/18842,0,0,-0.39418816182791,1,1,1,"",0
GO:0006672,ceramide metabolic process,0/132,106/18842,0,0,-0.867194551167246,1,1,1,"",0
GO:0006677,glycosylceramide metabolic process,0/132,23/18842,0,0,-0.403058137312115,1,1,1,"",0
GO:0006678,glucosylceramide metabolic process,0/132,16/18842,0,0,-0.336111220420459,1,1,1,"",0
GO:0006684,sphingomyelin metabolic process,0/132,21/18842,0,0,-0.385114922134588,1,1,1,"",0
GO:0006686,sphingomyelin biosynthetic process,0/132,13/18842,0,0,-0.302942423276413,1,1,1,"",0
GO:0006687,glycosphingolipid metabolic process,0/132,74/18842,0,0,-0.723950561212253,1,1,1,"",0
GO:0006688,glycosphingolipid biosynthetic process,0/132,45/18842,0,0,-0.564110304289483,1,1,1,"",0
GO:0006690,icosanoid metabolic process,0/132,124/18842,0,0,-0.938389560719263,1,1,1,"",0
GO:0006691,leukotriene metabolic process,0/132,34/18842,0,0,-0.490196489878786,1,1,1,"",0
GO:0006692,prostanoid metabolic process,0/132,50/18842,0,0,-0.594703571845774,1,1,1,"",0
GO:0006693,prostaglandin metabolic process,0/132,48/18842,0,0,-0.582657114924422,1,1,1,"",0
GO:0006695,cholesterol biosynthetic process,0/132,66/18842,0,0,-0.683553444519687,1,1,1,"",0
GO:0006700,C21-steroid hormone biosynthetic process,0/132,22/18842,0,0,-0.39418816182791,1,1,1,"",0
GO:0006702,androgen biosynthetic process,0/132,12/18842,0,0,-0.291049937025784,1,1,1,"",0
GO:0006703,estrogen biosynthetic process,0/132,12/18842,0,0,-0.291049937025784,1,1,1,"",0
GO:0006720,isoprenoid metabolic process,0/132,122/18842,0,0,-0.930741416549774,1,1,1,"",0
GO:0006721,terpenoid metabolic process,0/132,112/18842,0,0,-0.891542743016415,1,1,1,"",0
GO:0006730,one-carbon metabolic process,0/132,24/18842,0,0,-0.411737985562741,1,1,1,"",0
GO:0006744,ubiquinone biosynthetic process,0/132,19/18842,0,0,-0.366297897596641,1,1,1,"",0
GO:0006749,glutathione metabolic process,0/132,53/18842,0,0,-0.61233368108521,1,1,1,"",0
GO:0006750,glutathione biosynthetic process,0/132,13/18842,0,0,-0.302942423276413,1,1,1,"",0
GO:0006751,glutathione catabolic process,0/132,12/18842,0,0,-0.291049937025784,1,1,1,"",0
GO:0006754,ATP biosynthetic process,0/132,100/18842,0,0,-0.842158972135376,1,1,1,"",0
GO:0006760,folic acid-containing compound metabolic process,0/132,27/18842,0,0,-0.436748897537163,1,1,1,"",0
GO:0006766,vitamin metabolic process,0/132,38/18842,0,0,-0.518285100061389,1,1,1,"",0
GO:0006778,porphyrin-containing compound metabolic process,0/132,51/18842,0,0,-0.600637147477136,1,1,1,"",0
GO:0006779,porphyrin-containing compound biosynthetic process,0/132,32/18842,0,0,-0.47553516526091,1,1,1,"",0
GO:0006783,heme biosynthetic process,0/132,29/18842,0,0,-0.452659894469733,1,1,1,"",0
GO:0006784,heme A biosynthetic process,0/132,10/18842,0,0,-0.265676917587564,1,1,1,"",0
GO:0006787,porphyrin-containing compound catabolic process,0/132,16/18842,0,0,-0.336111220420459,1,1,1,"",0
GO:0006821,chloride transport,0/132,122/18842,0,0,-0.930741416549774,1,1,1,"",0
GO:0006825,copper ion transport,0/132,15/18842,0,0,-0.325429646814657,1,1,1,"",0
GO:0006826,iron ion transport,0/132,52/18842,0,0,-0.60651329946757,1,1,1,"",0
GO:0006828,manganese ion transport,0/132,11/18842,0,0,-0.278651700375158,1,1,1,"",0
GO:0006833,water transport,0/132,27/18842,0,0,-0.436748897537163,1,1,1,"",0
GO:0006835,dicarboxylic acid transport,0/132,88/18842,0,0,-0.789762351666056,1,1,1,"",0
GO:0006837,serotonin transport,0/132,20/18842,0,0,-0.375823696578768,1,1,1,"",0
GO:0006839,mitochondrial transport,0/132,35/18842,0,0,-0.497366243942809,1,1,1,"",0
GO:0006851,mitochondrial calcium ion transmembrane transport,0/132,23/18842,0,0,-0.403058137312115,1,1,1,"",0
GO:0006855,xenobiotic transmembrane transport,0/132,18/18842,0,0,-0.356518722862875,1,1,1,"",0
GO:0006857,oligopeptide transport,0/132,18/18842,0,0,-0.356518722862875,1,1,1,"",0
GO:0006858,extracellular transport,0/132,24/18842,0,0,-0.411737985562741,1,1,1,"",0
GO:0006863,purine nucleobase transport,0/132,12/18842,0,0,-0.291049937025784,1,1,1,"",0
GO:0006865,amino acid transport,0/132,144/18842,0,0,-1.01177912534943,1,1,1,"",0
GO:0006868,glutamine transport,0/132,10/18842,0,0,-0.265676917587564,1,1,1,"",0
GO:0006878,intracellular copper ion homeostasis,0/132,14/18842,0,0,-0.314386558515355,1,1,1,"",0
GO:0006879,intracellular iron ion homeostasis,0/132,76/18842,0,0,-0.73370754781504,1,1,1,"",0
GO:0006883,intracellular sodium ion homeostasis,0/132,28/18842,0,0,-0.444775127108293,1,1,1,"",0
GO:0006884,cell volume homeostasis,0/132,30/18842,0,0,-0.460410467649609,1,1,1,"",0
GO:0006885,regulation of pH,0/132,100/18842,0,0,-0.842158972135376,1,1,1,"",0
GO:0006890,"retrograde vesicle-mediated transport, Golgi to endoplasmic reticulum",0/132,55/18842,0,0,-0.623813362930432,1,1,1,"",0
GO:0006895,Golgi to endosome transport,0/132,19/18842,0,0,-0.366297897596641,1,1,1,"",0
GO:0006903,vesicle targeting,0/132,66/18842,0,0,-0.683553444519687,1,1,1,"",0
GO:0006904,vesicle docking involved in exocytosis,0/132,37/18842,0,0,-0.511406495482523,1,1,1,"",0
GO:0006907,pinocytosis,0/132,22/18842,0,0,-0.39418816182791,1,1,1,"",0
GO:0006921,cellular component disassembly involved in execution phase of apoptosis,0/132,26/18842,0,0,-0.428573257866855,1,1,1,"",0
GO:0006925,inflammatory cell apoptotic process,0/132,20/18842,0,0,-0.375823696578768,1,1,1,"",0
GO:0006929,substrate-dependent cell migration,0/132,20/18842,0,0,-0.375823696578768,1,1,1,"",0
GO:0006939,smooth muscle contraction,0/132,85/18842,0,0,-0.776121689298554,1,1,1,"",0
GO:0006940,regulation of smooth muscle contraction,0/132,52/18842,0,0,-0.60651329946757,1,1,1,"",0
GO:0006949,syncytium formation,0/132,90/18842,0,0,-0.798729094242601,1,1,1,"",0
GO:0006953,acute-phase response,0/132,47/18842,0,0,-0.576540486956794,1,1,1,"",0
GO:0006957,"complement activation, alternative pathway",0/132,20/18842,0,0,-0.375823696578768,1,1,1,"",0
GO:0006968,cellular defense response,0/132,51/18842,0,0,-0.600637147477136,1,1,1,"",0
GO:0006971,hypotonic response,0/132,13/18842,0,0,-0.302942423276413,1,1,1,"",0
GO:0006991,response to sterol depletion,0/132,17/18842,0,0,-0.346464717820737,1,1,1,"",0
GO:0006995,cellular response to nitrogen starvation,0/132,12/18842,0,0,-0.291049937025784,1,1,1,"",0
GO:0006997,nucleus organization,0/132,130/18842,0,0,-0.960978382938057,1,1,1,"",0
GO:0006998,nuclear envelope organization,0/132,57/18842,0,0,-0.635087953146595,1,1,1,"",0
GO:0006999,nuclear pore organization,0/132,15/18842,0,0,-0.325429646814657,1,1,1,"",0
GO:0007000,nucleolus organization,0/132,13/18842,0,0,-0.302942423276413,1,1,1,"",0
GO:0007004,telomere maintenance via telomerase,0/132,60/18842,0,0,-0.651638527628289,1,1,1,"",0
GO:0007006,mitochondrial membrane organization,0/132,58/18842,0,0,-0.640651730579912,1,1,1,"",0
GO:0007007,inner mitochondrial membrane organization,0/132,44/18842,0,0,-0.557792360956695,1,1,1,"",0
GO:0007008,outer mitochondrial membrane organization,0/132,14/18842,0,0,-0.314386558515355,1,1,1,"",0
GO:0007009,plasma membrane organization,0/132,162/18842,0,0,-1.07367074053286,1,1,1,"",0
GO:0007019,microtubule depolymerization,0/132,45/18842,0,0,-0.564110304289483,1,1,1,"",0
GO:0007026,negative regulation of microtubule depolymerization,0/132,24/18842,0,0,-0.411737985562741,1,1,1,"",0
GO:0007031,peroxisome organization,0/132,38/18842,0,0,-0.518285100061389,1,1,1,"",0
GO:0007032,endosome organization,0/132,100/18842,0,0,-0.842158972135376,1,1,1,"",0
GO:0007033,vacuole organization,0/132,230/18842,0,0,-1.28165000252955,1,1,1,"",0
GO:0007035,vacuolar acidification,0/132,36/18842,0,0,-0.504434847677225,1,1,1,"",0
GO:0007039,protein catabolic process in the vacuole,0/132,25/18842,0,0,-0.420239487852281,1,1,1,"",0
GO:0007040,lysosome organization,0/132,109/18842,0,0,-0.879450963513604,1,1,1,"",0
GO:0007042,lysosomal lumen acidification,0/132,23/18842,0,0,-0.403058137312115,1,1,1,"",0
GO:0007043,cell-cell junction assembly,0/132,142/18842,0,0,-1.00467458361307,1,1,1,"",0
GO:0007062,sister chromatid cohesion,0/132,62/18842,0,0,-0.66244541328332,1,1,1,"",0
GO:0007063,regulation of sister chromatid cohesion,0/132,17/18842,0,0,-0.346464717820737,1,1,1,"",0
GO:0007064,mitotic sister chromatid cohesion,0/132,32/18842,0,0,-0.47553516526091,1,1,1,"",0
GO:0007076,mitotic chromosome condensation,0/132,19/18842,0,0,-0.366297897596641,1,1,1,"",0
GO:0007080,mitotic metaphase chromosome alignment,0/132,70/18842,0,0,-0.70403750286045,1,1,1,"",0
GO:0007084,mitotic nuclear membrane reassembly,0/132,10/18842,0,0,-0.265676917587564,1,1,1,"",0
GO:0007088,regulation of mitotic nuclear division,0/132,120/18842,0,0,-0.923031557173437,1,1,1,"",0
GO:0007091,metaphase/anaphase transition of mitotic cell cycle,0/132,104/18842,0,0,-0.858928669549718,1,1,1,"",0
GO:0007093,mitotic cell cycle checkpoint signaling,0/132,140/18842,0,0,-0.997520978965492,1,1,1,"",0
GO:0007094,mitotic spindle assembly checkpoint signaling,0/132,56/18842,0,0,-0.629475600981219,1,1,1,"",0
GO:0007095,mitotic G2 DNA damage checkpoint signaling,0/132,33/18842,0,0,-0.482921080155088,1,1,1,"",0
GO:0007096,regulation of exit from mitosis,0/132,15/18842,0,0,-0.325429646814657,1,1,1,"",0
GO:0007097,nuclear migration,0/132,23/18842,0,0,-0.403058137312115,1,1,1,"",0
GO:0007099,centriole replication,0/132,46/18842,0,0,-0.570358928294299,1,1,1,"",0
GO:0007140,male meiotic nuclear division,0/132,43/18842,0,0,-0.551402715420296,1,1,1,"",0
GO:0007141,male meiosis I,0/132,20/18842,0,0,-0.375823696578768,1,1,1,"",0
GO:0007143,female meiotic nuclear division,0/132,26/18842,0,0,-0.428573257866855,1,1,1,"",0
GO:0007156,homophilic cell-cell adhesion,0/132,177/18842,0,0,-1.12272833329534,1,1,1,"",0
GO:0007157,heterophilic cell-cell adhesion,0/132,52/18842,0,0,-0.60651329946757,1,1,1,"",0
GO:0007158,neuron cell-cell adhesion,0/132,18/18842,0,0,-0.356518722862875,1,1,1,"",0
GO:0007164,establishment of tissue polarity,0/132,12/18842,0,0,-0.291049937025784,1,1,1,"",0
GO:0007168,receptor guanylyl cyclase signaling pathway,0/132,17/18842,0,0,-0.346464717820737,1,1,1,"",0
GO:0007175,negative regulation of epidermal growth factor-activated receptor activity,0/132,10/18842,0,0,-0.265676917587564,1,1,1,"",0
GO:0007187,"G protein-coupled receptor signaling pathway, coupled to cyclic nucleotide second messenger",0/132,56/18842,0,0,-0.629475600981219,1,1,1,"",0
GO:0007193,adenylate cyclase-inhibiting G protein-coupled receptor signaling pathway,0/132,105/18842,0,0,-0.863071285429068,1,1,1,"",0
GO:0007194,negative regulation of adenylate cyclase activity,0/132,10/18842,0,0,-0.265676917587564,1,1,1,"",0
GO:0007198,adenylate cyclase-inhibiting serotonin receptor signaling pathway,0/132,10/18842,0,0,-0.265676917587564,1,1,1,"",0
GO:0007200,phospholipase C-activating G protein-coupled receptor signaling pathway,0/132,158/18842,0,0,-1.06021919024854,1,1,1,"",0
GO:0007210,serotonin receptor signaling pathway,0/132,16/18842,0,0,-0.336111220420459,1,1,1,"",0
GO:0007212,G protein-coupled dopamine receptor signaling pathway,0/132,26/18842,0,0,-0.428573257866855,1,1,1,"",0
GO:0007213,G protein-coupled acetylcholine receptor signaling pathway,0/132,20/18842,0,0,-0.375823696578768,1,1,1,"",0
GO:0007214,gamma-aminobutyric acid signaling pathway,0/132,25/18842,0,0,-0.420239487852281,1,1,1,"",0
GO:0007215,glutamate receptor signaling pathway,0/132,60/18842,0,0,-0.651638527628289,1,1,1,"",0
GO:0007216,G protein-coupled glutamate receptor signaling pathway,0/132,15/18842,0,0,-0.325429646814657,1,1,1,"",0
GO:0007218,neuropeptide signaling pathway,0/132,115/18842,0,0,-0.90347650167041,1,1,1,"",0
GO:0007224,smoothened signaling pathway,0/132,105/18842,0,0,-0.863071285429068,1,1,1,"",0
GO:0007260,tyrosine phosphorylation of STAT protein,0/132,40/18842,0,0,-0.531777573647406,1,1,1,"",0
GO:0007263,nitric oxide mediated signal transduction,0/132,21/18842,0,0,-0.385114922134588,1,1,1,"",0
GO:0007266,Rho protein signal transduction,0/132,138/18842,0,0,-0.990317247686058,1,1,1,"",0
GO:0007272,ensheathment of neurons,0/132,111/18842,0,0,-0.887530025022405,1,1,1,"",0
GO:0007274,neuromuscular synaptic transmission,0/132,24/18842,0,0,-0.411737985562741,1,1,1,"",0
GO:0007281,germ cell development,0/132,295/18842,0,0,-1.45403954702894,1,1,1,"",0
GO:0007286,spermatid development,0/132,195/18842,0,0,-1.17900288255561,1,1,1,"",0
GO:0007288,sperm axoneme assembly,0/132,27/18842,0,0,-0.436748897537163,1,1,1,"",0
GO:0007289,spermatid nucleus differentiation,0/132,20/18842,0,0,-0.375823696578768,1,1,1,"",0
GO:0007292,female gamete generation,0/132,115/18842,0,0,-0.90347650167041,1,1,1,"",0
GO:0007339,binding of sperm to zona pellucida,0/132,26/18842,0,0,-0.428573257866855,1,1,1,"",0
GO:0007340,acrosome reaction,0/132,35/18842,0,0,-0.497366243942809,1,1,1,"",0
GO:0007342,fusion of sperm to egg plasma membrane involved in single fertilization,0/132,27/18842,0,0,-0.436748897537163,1,1,1,"",0
GO:0007343,egg activation,0/132,11/18842,0,0,-0.278651700375158,1,1,1,"",0
GO:0007350,blastoderm segmentation,0/132,21/18842,0,0,-0.385114922134588,1,1,1,"",0
GO:0007351,tripartite regional subdivision,0/132,18/18842,0,0,-0.356518722862875,1,1,1,"",0
GO:0007379,segment specification,0/132,11/18842,0,0,-0.278651700375158,1,1,1,"",0
GO:0007398,ectoderm development,0/132,13/18842,0,0,-0.302942423276413,1,1,1,"",0
GO:0007405,neuroblast proliferation,0/132,38/18842,0,0,-0.518285100061389,1,1,1,"",0
GO:0007413,axonal fasciculation,0/132,17/18842,0,0,-0.346464717820737,1,1,1,"",0
GO:0007416,synapse assembly,0/132,264/18842,0,0,-1.37437273444179,1,1,1,"",0
GO:0007422,peripheral nervous system development,0/132,55/18842,0,0,-0.623813362930432,1,1,1,"",0
GO:0007431,salivary gland development,0/132,10/18842,0,0,-0.265676917587564,1,1,1,"",0
GO:0007512,adult heart development,0/132,10/18842,0,0,-0.265676917587564,1,1,1,"",0
GO:0007519,skeletal muscle tissue development,0/132,92/18842,0,0,-0.807598166481001,1,1,1,"",0
GO:0007520,myoblast fusion,0/132,78/18842,0,0,-0.743338515213413,1,1,1,"",0
GO:0007528,neuromuscular junction development,0/132,43/18842,0,0,-0.551402715420296,1,1,1,"",0
GO:0007530,sex determination,0/132,14/18842,0,0,-0.314386558515355,1,1,1,"",0
GO:0007549,sex-chromosome dosage compensation,0/132,20/18842,0,0,-0.375823696578768,1,1,1,"",0
GO:0007566,embryo implantation,0/132,46/18842,0,0,-0.570358928294299,1,1,1,"",0
GO:0007567,parturition,0/132,11/18842,0,0,-0.278651700375158,1,1,1,"",0
GO:0007588,excretion,0/132,23/18842,0,0,-0.403058137312115,1,1,1,"",0
GO:0007597,"blood coagulation, intrinsic pathway",0/132,13/18842,0,0,-0.302942423276413,1,1,1,"",0
GO:0007602,phototransduction,0/132,43/18842,0,0,-0.551402715420296,1,1,1,"",0
GO:0007603,"phototransduction, visible light",0/132,17/18842,0,0,-0.346464717820737,1,1,1,"",0
GO:0007608,sensory perception of smell,0/132,461/18842,0,0,-1.82586196496189,1,1,1,"",0
GO:0007616,long-term memory,0/132,28/18842,0,0,-0.444775127108293,1,1,1,"",0
GO:0007617,mating behavior,0/132,22/18842,0,0,-0.39418816182791,1,1,1,"",0
GO:0007620,copulation,0/132,12/18842,0,0,-0.291049937025784,1,1,1,"",0
GO:0007631,feeding behavior,0/132,86/18842,0,0,-0.780694572729888,1,1,1,"",0
GO:0007638,mechanosensory behavior,0/132,10/18842,0,0,-0.265676917587564,1,1,1,"",0
GO:0008038,neuron recognition,0/132,42/18842,0,0,-0.544938845356922,1,1,1,"",0
GO:0008045,motor neuron axon guidance,0/132,16/18842,0,0,-0.336111220420459,1,1,1,"",0
GO:0008053,mitochondrial fusion,0/132,32/18842,0,0,-0.47553516526091,1,1,1,"",0
GO:0008063,Toll signaling pathway,0/132,13/18842,0,0,-0.302942423276413,1,1,1,"",0
GO:0008064,regulation of actin polymerization or depolymerization,0/132,134/18842,0,0,-0.975754954648704,1,1,1,"",0
GO:0008090,retrograde axonal transport,0/132,18/18842,0,0,-0.356518722862875,1,1,1,"",0
GO:0008156,negative regulation of DNA replication,0/132,28/18842,0,0,-0.444775127108293,1,1,1,"",0
GO:0008207,C21-steroid hormone metabolic process,0/132,35/18842,0,0,-0.497366243942809,1,1,1,"",0
GO:0008209,androgen metabolic process,0/132,25/18842,0,0,-0.420239487852281,1,1,1,"",0
GO:0008210,estrogen metabolic process,0/132,42/18842,0,0,-0.544938845356922,1,1,1,"",0
GO:0008213,protein alkylation,0/132,43/18842,0,0,-0.551402715420296,1,1,1,"",0
GO:0008298,intracellular mRNA localization,0/132,18/18842,0,0,-0.356518722862875,1,1,1,"",0
GO:0008299,isoprenoid biosynthetic process,0/132,31/18842,0,0,-0.468033513537355,1,1,1,"",0
GO:0008300,isoprenoid catabolic process,0/132,10/18842,0,0,-0.265676917587564,1,1,1,"",0
GO:0008333,endosome to lysosome transport,0/132,66/18842,0,0,-0.683553444519687,1,1,1,"",0
GO:0008334,histone mRNA metabolic process,0/132,28/18842,0,0,-0.444775127108293,1,1,1,"",0
GO:0008344,adult locomotory behavior,0/132,22/18842,0,0,-0.39418816182791,1,1,1,"",0
GO:0008366,axon ensheathment,0/132,111/18842,0,0,-0.887530025022405,1,1,1,"",0
GO:0008535,respiratory chain complex IV assembly,0/132,32/18842,0,0,-0.47553516526091,1,1,1,"",0
GO:0008543,fibroblast growth factor receptor signaling pathway,0/132,69/18842,0,0,-0.69897195681039,1,1,1,"",0
GO:0008585,female gonad development,0/132,58/18842,0,0,-0.640651730579912,1,1,1,"",0
GO:0008589,regulation of smoothened signaling pathway,0/132,74/18842,0,0,-0.723950561212253,1,1,1,"",0
GO:0008595,"anterior/posterior axis specification, embryo",0/132,18/18842,0,0,-0.356518722862875,1,1,1,"",0
GO:0008608,attachment of spindle microtubules to kinetochore,0/132,55/18842,0,0,-0.623813362930432,1,1,1,"",0
GO:0008611,ether lipid biosynthetic process,0/132,12/18842,0,0,-0.291049937025784,1,1,1,"",0
GO:0008625,extrinsic apoptotic signaling pathway via death domain receptors,0/132,72/18842,0,0,-0.714062388945711,1,1,1,"",0
GO:0008631,intrinsic apoptotic signaling pathway in response to oxidative stress,0/132,62/18842,0,0,-0.66244541328332,1,1,1,"",0
GO:0009048,dosage compensation by inactivation of X chromosome,0/132,19/18842,0,0,-0.366297897596641,1,1,1,"",0
GO:0009062,fatty acid catabolic process,0/132,98/18842,0,0,-0.833650368902926,1,1,1,"",0
GO:0009063,amino acid catabolic process,0/132,111/18842,0,0,-0.887530025022405,1,1,1,"",0
GO:0009070,serine family amino acid biosynthetic process,0/132,12/18842,0,0,-0.291049937025784,1,1,1,"",0
GO:0009072,aromatic amino acid metabolic process,0/132,42/18842,0,0,-0.544938845356922,1,1,1,"",0
GO:0009074,aromatic amino acid family catabolic process,0/132,23/18842,0,0,-0.403058137312115,1,1,1,"",0
GO:0009081,branched-chain amino acid metabolic process,0/132,25/18842,0,0,-0.420239487852281,1,1,1,"",0
GO:0009083,branched-chain amino acid catabolic process,0/132,23/18842,0,0,-0.403058137312115,1,1,1,"",0
GO:0009084,L-glutamine family amino acid biosynthetic process,0/132,19/18842,0,0,-0.366297897596641,1,1,1,"",0
GO:0009110,vitamin biosynthetic process,0/132,22/18842,0,0,-0.39418816182791,1,1,1,"",0
GO:0009111,vitamin catabolic process,0/132,16/18842,0,0,-0.336111220420459,1,1,1,"",0
GO:0009112,nucleobase metabolic process,0/132,34/18842,0,0,-0.490196489878786,1,1,1,"",0
GO:0009113,purine nucleobase biosynthetic process,0/132,10/18842,0,0,-0.265676917587564,1,1,1,"",0
GO:0009120,deoxyribonucleoside metabolic process,0/132,11/18842,0,0,-0.278651700375158,1,1,1,"",0
GO:0009123,nucleoside monophosphate metabolic process,0/132,77/18842,0,0,-0.738538474231316,1,1,1,"",0
GO:0009124,nucleoside monophosphate biosynthetic process,0/132,42/18842,0,0,-0.544938845356922,1,1,1,"",0
GO:0009125,nucleoside monophosphate catabolic process,0/132,20/18842,0,0,-0.375823696578768,1,1,1,"",0
GO:0009126,purine nucleoside monophosphate metabolic process,0/132,45/18842,0,0,-0.564110304289483,1,1,1,"",0
GO:0009127,purine nucleoside monophosphate biosynthetic process,0/132,21/18842,0,0,-0.385114922134588,1,1,1,"",0
GO:0009128,purine nucleoside monophosphate catabolic process,0/132,12/18842,0,0,-0.291049937025784,1,1,1,"",0
GO:0009129,pyrimidine nucleoside monophosphate metabolic process,0/132,23/18842,0,0,-0.403058137312115,1,1,1,"",0
GO:0009130,pyrimidine nucleoside monophosphate biosynthetic process,0/132,17/18842,0,0,-0.346464717820737,1,1,1,"",0
GO:0009133,nucleoside diphosphate biosynthetic process,0/132,13/18842,0,0,-0.302942423276413,1,1,1,"",0
GO:0009138,pyrimidine nucleoside diphosphate metabolic process,0/132,10/18842,0,0,-0.265676917587564,1,1,1,"",0
GO:0009142,nucleoside triphosphate biosynthetic process,0/132,122/18842,0,0,-0.930741416549774,1,1,1,"",0
GO:0009143,nucleoside triphosphate catabolic process,0/132,13/18842,0,0,-0.302942423276413,1,1,1,"",0
GO:0009145,purine nucleoside triphosphate biosynthetic process,0/132,110/18842,0,0,-0.883499513425758,1,1,1,"",0
GO:0009147,pyrimidine nucleoside triphosphate metabolic process,0/132,22/18842,0,0,-0.39418816182791,1,1,1,"",0
GO:0009148,pyrimidine nucleoside triphosphate biosynthetic process,0/132,17/18842,0,0,-0.346464717820737,1,1,1,"",0
GO:0009151,purine deoxyribonucleotide metabolic process,0/132,19/18842,0,0,-0.366297897596641,1,1,1,"",0
GO:0009155,purine deoxyribonucleotide catabolic process,0/132,13/18842,0,0,-0.302942423276413,1,1,1,"",0
GO:0009156,ribonucleoside monophosphate biosynthetic process,0/132,35/18842,0,0,-0.497366243942809,1,1,1,"",0
GO:0009158,ribonucleoside monophosphate catabolic process,0/132,17/18842,0,0,-0.346464717820737,1,1,1,"",0
GO:0009159,deoxyribonucleoside monophosphate catabolic process,0/132,17/18842,0,0,-0.346464717820737,1,1,1,"",0
GO:0009164,nucleoside catabolic process,0/132,14/18842,0,0,-0.314386558515355,1,1,1,"",0
GO:0009167,purine ribonucleoside monophosphate metabolic process,0/132,42/18842,0,0,-0.544938845356922,1,1,1,"",0
GO:0009168,purine ribonucleoside monophosphate biosynthetic process,0/132,19/18842,0,0,-0.366297897596641,1,1,1,"",0
GO:0009169,purine ribonucleoside monophosphate catabolic process,0/132,11/18842,0,0,-0.278651700375158,1,1,1,"",0
GO:0009170,purine deoxyribonucleoside monophosphate metabolic process,0/132,14/18842,0,0,-0.314386558515355,1,1,1,"",0
GO:0009173,pyrimidine ribonucleoside monophosphate metabolic process,0/132,17/18842,0,0,-0.346464717820737,1,1,1,"",0
GO:0009174,pyrimidine ribonucleoside monophosphate biosynthetic process,0/132,12/18842,0,0,-0.291049937025784,1,1,1,"",0
GO:0009176,pyrimidine deoxyribonucleoside monophosphate metabolic process,0/132,14/18842,0,0,-0.314386558515355,1,1,1,"",0
GO:0009188,ribonucleoside diphosphate biosynthetic process,0/132,11/18842,0,0,-0.278651700375158,1,1,1,"",0
GO:0009201,ribonucleoside triphosphate biosynthetic process,0/132,116/18842,0,0,-0.907420385745053,1,1,1,"",0
GO:0009206,purine ribonucleoside triphosphate biosynthetic process,0/132,110/18842,0,0,-0.883499513425758,1,1,1,"",0
GO:0009208,pyrimidine ribonucleoside triphosphate metabolic process,0/132,17/18842,0,0,-0.346464717820737,1,1,1,"",0
GO:0009209,pyrimidine ribonucleoside triphosphate biosynthetic process,0/132,14/18842,0,0,-0.314386558515355,1,1,1,"",0
GO:0009214,cyclic nucleotide catabolic process,0/132,15/18842,0,0,-0.325429646814657,1,1,1,"",0
GO:0009218,pyrimidine ribonucleotide metabolic process,0/132,33/18842,0,0,-0.482921080155088,1,1,1,"",0
GO:0009219,pyrimidine deoxyribonucleotide metabolic process,0/132,26/18842,0,0,-0.428573257866855,1,1,1,"",0
GO:0009220,pyrimidine ribonucleotide biosynthetic process,0/132,24/18842,0,0,-0.411737985562741,1,1,1,"",0
GO:0009222,pyrimidine ribonucleotide catabolic process,0/132,11/18842,0,0,-0.278651700375158,1,1,1,"",0
GO:0009223,pyrimidine deoxyribonucleotide catabolic process,0/132,19/18842,0,0,-0.366297897596641,1,1,1,"",0
GO:0009225,nucleotide-sugar metabolic process,0/132,42/18842,0,0,-0.544938845356922,1,1,1,"",0
GO:0009226,nucleotide-sugar biosynthetic process,0/132,28/18842,0,0,-0.444775127108293,1,1,1,"",0
GO:0009235,cobalamin metabolic process,0/132,10/18842,0,0,-0.265676917587564,1,1,1,"",0
GO:0009247,glycolipid biosynthetic process,0/132,87/18842,0,0,-0.785241309631997,1,1,1,"",0
GO:0009250,glucan biosynthetic process,0/132,44/18842,0,0,-0.557792360956695,1,1,1,"",0
GO:0009251,glucan catabolic process,0/132,29/18842,0,0,-0.452659894469733,1,1,1,"",0
GO:0009262,deoxyribonucleotide metabolic process,0/132,47/18842,0,0,-0.576540486956794,1,1,1,"",0
GO:0009263,deoxyribonucleotide biosynthetic process,0/132,16/18842,0,0,-0.336111220420459,1,1,1,"",0
GO:0009264,deoxyribonucleotide catabolic process,0/132,31/18842,0,0,-0.468033513537355,1,1,1,"",0
GO:0009265,2'-deoxyribonucleotide biosynthetic process,0/132,16/18842,0,0,-0.336111220420459,1,1,1,"",0
GO:0009267,cellular response to starvation,0/132,171/18842,0,0,-1.10335765475973,1,1,1,"",0
GO:0009301,snRNA transcription,0/132,19/18842,0,0,-0.366297897596641,1,1,1,"",0
GO:0009303,rRNA transcription,0/132,43/18842,0,0,-0.551402715420296,1,1,1,"",0
GO:0009304,tRNA transcription,0/132,12/18842,0,0,-0.291049937025784,1,1,1,"",0
GO:0009308,amine metabolic process,0/132,80/18842,0,0,-0.752848300446955,1,1,1,"",0
GO:0009309,amine biosynthetic process,0/132,34/18842,0,0,-0.490196489878786,1,1,1,"",0
GO:0009310,amine catabolic process,0/132,18/18842,0,0,-0.356518722862875,1,1,1,"",0
GO:0009311,oligosaccharide metabolic process,0/132,60/18842,0,0,-0.651638527628289,1,1,1,"",0
GO:0009312,oligosaccharide biosynthetic process,0/132,26/18842,0,0,-0.428573257866855,1,1,1,"",0
GO:0009313,oligosaccharide catabolic process,0/132,14/18842,0,0,-0.314386558515355,1,1,1,"",0
GO:0009394,2'-deoxyribonucleotide metabolic process,0/132,46/18842,0,0,-0.570358928294299,1,1,1,"",0
GO:0009396,folic acid-containing compound biosynthetic process,0/132,11/18842,0,0,-0.278651700375158,1,1,1,"",0
GO:0009404,toxin metabolic process,0/132,19/18842,0,0,-0.366297897596641,1,1,1,"",0
GO:0009409,response to cold,0/132,28/18842,0,0,-0.444775127108293,1,1,1,"",0
GO:0009415,response to water,0/132,11/18842,0,0,-0.278651700375158,1,1,1,"",0
GO:0009435,NAD+ biosynthetic process,0/132,19/18842,0,0,-0.366297897596641,1,1,1,"",0
GO:0009437,carnitine metabolic process,0/132,14/18842,0,0,-0.314386558515355,1,1,1,"",0
GO:0009583,detection of light stimulus,0/132,57/18842,0,0,-0.635087953146595,1,1,1,"",0
GO:0009584,detection of visible light,0/132,32/18842,0,0,-0.47553516526091,1,1,1,"",0
GO:0009620,response to fungus,0/132,70/18842,0,0,-0.70403750286045,1,1,1,"",0
GO:0009642,response to light intensity,0/132,11/18842,0,0,-0.278651700375158,1,1,1,"",0
GO:0009648,photoperiodism,0/132,29/18842,0,0,-0.452659894469733,1,1,1,"",0
GO:0009649,entrainment of circadian clock,0/132,27/18842,0,0,-0.436748897537163,1,1,1,"",0
GO:0009651,response to salt stress,0/132,18/18842,0,0,-0.356518722862875,1,1,1,"",0
GO:0009712,catechol-containing compound metabolic process,0/132,44/18842,0,0,-0.557792360956695,1,1,1,"",0
GO:0009713,catechol-containing compound biosynthetic process,0/132,17/18842,0,0,-0.346464717820737,1,1,1,"",0
GO:0009791,post-embryonic development,0/132,13/18842,0,0,-0.302942423276413,1,1,1,"",0
GO:0009812,flavonoid metabolic process,0/132,16/18842,0,0,-0.336111220420459,1,1,1,"",0
GO:0009820,alkaloid metabolic process,0/132,18/18842,0,0,-0.356518722862875,1,1,1,"",0
GO:0009880,embryonic pattern specification,0/132,51/18842,0,0,-0.600637147477136,1,1,1,"",0
GO:0009948,anterior/posterior axis specification,0/132,39/18842,0,0,-0.525074318209442,1,1,1,"",0
GO:0009953,dorsal/ventral pattern formation,0/132,44/18842,0,0,-0.557792360956695,1,1,1,"",0
GO:0009954,proximal/distal pattern formation,0/132,13/18842,0,0,-0.302942423276413,1,1,1,"",0
GO:0009988,cell-cell recognition,0/132,51/18842,0,0,-0.600637147477136,1,1,1,"",0
GO:0009994,oocyte differentiation,0/132,44/18842,0,0,-0.557792360956695,1,1,1,"",0
GO:0010002,cardioblast differentiation,0/132,15/18842,0,0,-0.325429646814657,1,1,1,"",0
GO:0010039,response to iron ion,0/132,31/18842,0,0,-0.468033513537355,1,1,1,"",0
GO:0010042,response to manganese ion,0/132,16/18842,0,0,-0.336111220420459,1,1,1,"",0
GO:0010165,response to X-ray,0/132,20/18842,0,0,-0.375823696578768,1,1,1,"",0
GO:0010171,body morphogenesis,0/132,26/18842,0,0,-0.428573257866855,1,1,1,"",0
GO:0010212,response to ionizing radiation,0/132,115/18842,0,0,-0.90347650167041,1,1,1,"",0
GO:0010224,response to UV-B,0/132,17/18842,0,0,-0.346464717820737,1,1,1,"",0
GO:0010225,response to UV-C,0/132,10/18842,0,0,-0.265676917587564,1,1,1,"",0
GO:0010248,establishment or maintenance of transmembrane electrochemical gradient,0/132,17/18842,0,0,-0.346464717820737,1,1,1,"",0
GO:0010257,NADH dehydrogenase complex assembly,0/132,40/18842,0,0,-0.531777573647406,1,1,1,"",0
GO:0010273,detoxification of copper ion,0/132,16/18842,0,0,-0.336111220420459,1,1,1,"",0
GO:0010288,response to lead ion,0/132,18/18842,0,0,-0.356518722862875,1,1,1,"",0
GO:0010310,regulation of hydrogen peroxide metabolic process,0/132,17/18842,0,0,-0.346464717820737,1,1,1,"",0
GO:0010332,response to gamma radiation,0/132,37/18842,0,0,-0.511406495482523,1,1,1,"",0
GO:0010389,regulation of G2/M transition of mitotic cell cycle,0/132,97/18842,0,0,-0.829364021520063,1,1,1,"",0
GO:0010421,hydrogen peroxide-mediated programmed cell death,0/132,21/18842,0,0,-0.385114922134588,1,1,1,"",0
GO:0010447,response to acidic pH,0/132,28/18842,0,0,-0.444775127108293,1,1,1,"",0
GO:0010454,negative regulation of cell fate commitment,0/132,10/18842,0,0,-0.265676917587564,1,1,1,"",0
GO:0010455,positive regulation of cell fate commitment,0/132,14/18842,0,0,-0.314386558515355,1,1,1,"",0
GO:0010457,centriole-centriole cohesion,0/132,15/18842,0,0,-0.325429646814657,1,1,1,"",0
GO:0010458,exit from mitosis,0/132,25/18842,0,0,-0.420239487852281,1,1,1,"",0
GO:0010459,negative regulation of heart rate,0/132,12/18842,0,0,-0.291049937025784,1,1,1,"",0
GO:0010463,mesenchymal cell proliferation,0/132,24/18842,0,0,-0.411737985562741,1,1,1,"",0
GO:0010464,regulation of mesenchymal cell proliferation,0/132,16/18842,0,0,-0.336111220420459,1,1,1,"",0
GO:0010466,negative regulation of peptidase activity,0/132,11/18842,0,0,-0.278651700375158,1,1,1,"",0
GO:0010496,intercellular transport,0/132,10/18842,0,0,-0.265676917587564,1,1,1,"",0
GO:0010499,proteasomal ubiquitin-independent protein catabolic process,0/132,19/18842,0,0,-0.366297897596641,1,1,1,"",0
GO:0010507,negative regulation of autophagy,0/132,89/18842,0,0,-0.794258137686323,1,1,1,"",0
GO:0010508,positive regulation of autophagy,0/132,158/18842,0,0,-1.06021919024854,1,1,1,"",0
GO:0010510,regulation of pyruvate decarboxylation to acetyl-CoA,0/132,10/18842,0,0,-0.265676917587564,1,1,1,"",0
GO:0010522,regulation of calcium ion transport into cytosol,0/132,17/18842,0,0,-0.346464717820737,1,1,1,"",0
GO:0010524,positive regulation of calcium ion transport into cytosol,0/132,12/18842,0,0,-0.291049937025784,1,1,1,"",0
GO:0010526,transposable element silencing,0/132,43/18842,0,0,-0.551402715420296,1,1,1,"",0
GO:0010543,regulation of platelet activation,0/132,54/18842,0,0,-0.618099867926707,1,1,1,"",0
GO:0010544,negative regulation of platelet activation,0/132,17/18842,0,0,-0.346464717820737,1,1,1,"",0
GO:0010561,negative regulation of glycoprotein biosynthetic process,0/132,29/18842,0,0,-0.452659894469733,1,1,1,"",0
GO:0010566,regulation of ketone biosynthetic process,0/132,22/18842,0,0,-0.39418816182791,1,1,1,"",0
GO:0010569,regulation of double-strand break repair via homologous recombination,0/132,81/18842,0,0,-0.757559178371426,1,1,1,"",0
GO:0010572,positive regulation of platelet activation,0/132,13/18842,0,0,-0.302942423276413,1,1,1,"",0
GO:0010573,vascular endothelial growth factor production,0/132,63/18842,0,0,-0.667784124821285,1,1,1,"",0
GO:0010574,regulation of vascular endothelial growth factor production,0/132,60/18842,0,0,-0.651638527628289,1,1,1,"",0
GO:0010575,positive regulation of vascular endothelial growth factor production,0/132,31/18842,0,0,-0.468033513537355,1,1,1,"",0
GO:0010587,miRNA catabolic process,0/132,18/18842,0,0,-0.356518722862875,1,1,1,"",0
GO:0010591,regulation of lamellipodium assembly,0/132,37/18842,0,0,-0.511406495482523,1,1,1,"",0
GO:0010592,positive regulation of lamellipodium assembly,0/132,26/18842,0,0,-0.428573257866855,1,1,1,"",0
GO:0010613,positive regulation of cardiac muscle hypertrophy,0/132,36/18842,0,0,-0.504434847677225,1,1,1,"",0
GO:0010615,positive regulation of cardiac muscle adaptation,0/132,10/18842,0,0,-0.265676917587564,1,1,1,"",0
GO:0010635,regulation of mitochondrial fusion,0/132,14/18842,0,0,-0.314386558515355,1,1,1,"",0
GO:0010640,regulation of platelet-derived growth factor receptor signaling pathway,0/132,24/18842,0,0,-0.411737985562741,1,1,1,"",0
GO:0010642,negative regulation of platelet-derived growth factor receptor signaling pathway,0/132,14/18842,0,0,-0.314386558515355,1,1,1,"",0
GO:0010644,cell communication by electrical coupling,0/132,32/18842,0,0,-0.47553516526091,1,1,1,"",0
GO:0010649,regulation of cell communication by electrical coupling,0/132,16/18842,0,0,-0.336111220420459,1,1,1,"",0
GO:0010656,negative regulation of muscle cell apoptotic process,0/132,56/18842,0,0,-0.629475600981219,1,1,1,"",0
GO:0010658,striated muscle cell apoptotic process,0/132,50/18842,0,0,-0.594703571845774,1,1,1,"",0
GO:0010659,cardiac muscle cell apoptotic process,0/132,47/18842,0,0,-0.576540486956794,1,1,1,"",0
GO:0010662,regulation of striated muscle cell apoptotic process,0/132,48/18842,0,0,-0.582657114924422,1,1,1,"",0
GO:0010663,positive regulation of striated muscle cell apoptotic process,0/132,15/18842,0,0,-0.325429646814657,1,1,1,"",0
GO:0010664,negative regulation of striated muscle cell apoptotic process,0/132,34/18842,0,0,-0.490196489878786,1,1,1,"",0
GO:0010665,regulation of cardiac muscle cell apoptotic process,0/132,45/18842,0,0,-0.564110304289483,1,1,1,"",0
GO:0010666,positive regulation of cardiac muscle cell apoptotic process,0/132,15/18842,0,0,-0.325429646814657,1,1,1,"",0
GO:0010667,negative regulation of cardiac muscle cell apoptotic process,0/132,31/18842,0,0,-0.468033513537355,1,1,1,"",0
GO:0010669,epithelial structure maintenance,0/132,38/18842,0,0,-0.518285100061389,1,1,1,"",0
GO:0010712,regulation of collagen metabolic process,0/132,47/18842,0,0,-0.576540486956794,1,1,1,"",0
GO:0010713,negative regulation of collagen metabolic process,0/132,18/18842,0,0,-0.356518722862875,1,1,1,"",0
GO:0010714,positive regulation of collagen metabolic process,0/132,25/18842,0,0,-0.420239487852281,1,1,1,"",0
GO:0010715,regulation of extracellular matrix disassembly,0/132,30/18842,0,0,-0.460410467649609,1,1,1,"",0
GO:0010716,negative regulation of extracellular matrix disassembly,0/132,12/18842,0,0,-0.291049937025784,1,1,1,"",0
GO:0010719,negative regulation of epithelial to mesenchymal transition,0/132,56/18842,0,0,-0.629475600981219,1,1,1,"",0
GO:0010744,positive regulation of macrophage derived foam cell differentiation,0/132,21/18842,0,0,-0.385114922134588,1,1,1,"",0
GO:0010755,regulation of plasminogen activation,0/132,18/18842,0,0,-0.356518722862875,1,1,1,"",0
GO:0010758,regulation of macrophage chemotaxis,0/132,27/18842,0,0,-0.436748897537163,1,1,1,"",0
GO:0010759,positive regulation of macrophage chemotaxis,0/132,20/18842,0,0,-0.375823696578768,1,1,1,"",0
GO:0010761,fibroblast migration,0/132,43/18842,0,0,-0.551402715420296,1,1,1,"",0
GO:0010762,regulation of fibroblast migration,0/132,36/18842,0,0,-0.504434847677225,1,1,1,"",0
GO:0010763,positive regulation of fibroblast migration,0/132,14/18842,0,0,-0.314386558515355,1,1,1,"",0
GO:0010764,negative regulation of fibroblast migration,0/132,11/18842,0,0,-0.278651700375158,1,1,1,"",0
GO:0010765,positive regulation of sodium ion transport,0/132,31/18842,0,0,-0.468033513537355,1,1,1,"",0
GO:0010766,negative regulation of sodium ion transport,0/132,14/18842,0,0,-0.314386558515355,1,1,1,"",0
GO:0010770,positive regulation of cell morphogenesis,0/132,36/18842,0,0,-0.504434847677225,1,1,1,"",0
GO:0010799,regulation of peptidyl-threonine phosphorylation,0/132,13/18842,0,0,-0.302942423276413,1,1,1,"",0
GO:0010804,negative regulation of tumor necrosis factor-mediated signaling pathway,0/132,35/18842,0,0,-0.497366243942809,1,1,1,"",0
GO:0010807,regulation of synaptic vesicle priming,0/132,11/18842,0,0,-0.278651700375158,1,1,1,"",0
GO:0010812,negative regulation of cell-substrate adhesion,0/132,64/18842,0,0,-0.673081054207394,1,1,1,"",0
GO:0010818,T cell chemotaxis,0/132,27/18842,0,0,-0.436748897537163,1,1,1,"",0
GO:0010819,regulation of T cell chemotaxis,0/132,13/18842,0,0,-0.302942423276413,1,1,1,"",0
GO:0010820,positive regulation of T cell chemotaxis,0/132,12/18842,0,0,-0.291049937025784,1,1,1,"",0
GO:0010824,regulation of centrosome duplication,0/132,51/18842,0,0,-0.600637147477136,1,1,1,"",0
GO:0010826,negative regulation of centrosome duplication,0/132,11/18842,0,0,-0.278651700375158,1,1,1,"",0
GO:0010827,regulation of D-glucose transmembrane transport,0/132,65/18842,0,0,-0.678337180323899,1,1,1,"",0
GO:0010828,positive regulation of D-glucose transmembrane transport,0/132,39/18842,0,0,-0.525074318209442,1,1,1,"",0
GO:0010829,negative regulation of D-glucose transmembrane transport,0/132,20/18842,0,0,-0.375823696578768,1,1,1,"",0
GO:0010830,regulation of myotube differentiation,0/132,39/18842,0,0,-0.525074318209442,1,1,1,"",0
GO:0010831,positive regulation of myotube differentiation,0/132,14/18842,0,0,-0.314386558515355,1,1,1,"",0
GO:0010832,negative regulation of myotube differentiation,0/132,13/18842,0,0,-0.302942423276413,1,1,1,"",0
GO:0010833,telomere maintenance via telomere lengthening,0/132,73/18842,0,0,-0.719023209914105,1,1,1,"",0
GO:0010842,retina layer formation,0/132,19/18842,0,0,-0.366297897596641,1,1,1,"",0
GO:0010866,regulation of triglyceride biosynthetic process,0/132,22/18842,0,0,-0.39418816182791,1,1,1,"",0
GO:0010867,positive regulation of triglyceride biosynthetic process,0/132,14/18842,0,0,-0.314386558515355,1,1,1,"",0
GO:0010880,regulation of release of sequestered calcium ion into cytosol by sarcoplasmic reticulum,0/132,34/18842,0,0,-0.490196489878786,1,1,1,"",0
GO:0010881,regulation of cardiac muscle contraction by regulation of the release of sequestered calcium ion,0/132,23/18842,0,0,-0.403058137312115,1,1,1,"",0
GO:0010882,regulation of cardiac muscle contraction by calcium ion signaling,0/132,32/18842,0,0,-0.47553516526091,1,1,1,"",0
GO:0010884,positive regulation of lipid storage,0/132,22/18842,0,0,-0.39418816182791,1,1,1,"",0
GO:0010893,positive regulation of steroid biosynthetic process,0/132,32/18842,0,0,-0.47553516526091,1,1,1,"",0
GO:0010896,regulation of triglyceride catabolic process,0/132,15/18842,0,0,-0.325429646814657,1,1,1,"",0
GO:0010907,positive regulation of glucose metabolic process,0/132,44/18842,0,0,-0.557792360956695,1,1,1,"",0
GO:0010917,negative regulation of mitochondrial membrane potential,0/132,12/18842,0,0,-0.291049937025784,1,1,1,"",0
GO:0010919,regulation of inositol phosphate biosynthetic process,0/132,12/18842,0,0,-0.291049937025784,1,1,1,"",0
GO:0010934,macrophage cytokine production,0/132,14/18842,0,0,-0.314386558515355,1,1,1,"",0
GO:0010935,regulation of macrophage cytokine production,0/132,14/18842,0,0,-0.314386558515355,1,1,1,"",0
GO:0010952,positive regulation of peptidase activity,0/132,10/18842,0,0,-0.265676917587564,1,1,1,"",0
GO:0010954,positive regulation of protein processing,0/132,25/18842,0,0,-0.420239487852281,1,1,1,"",0
GO:0010955,negative regulation of protein processing,0/132,20/18842,0,0,-0.375823696578768,1,1,1,"",0
GO:0010958,regulation of amino acid import across plasma membrane,0/132,14/18842,0,0,-0.314386558515355,1,1,1,"",0
GO:0010960,magnesium ion homeostasis,0/132,10/18842,0,0,-0.265676917587564,1,1,1,"",0
GO:0010962,regulation of glucan biosynthetic process,0/132,31/18842,0,0,-0.468033513537355,1,1,1,"",0
GO:0010965,regulation of mitotic sister chromatid separation,0/132,69/18842,0,0,-0.69897195681039,1,1,1,"",0
GO:0010971,positive regulation of G2/M transition of mitotic cell cycle,0/132,23/18842,0,0,-0.403058137312115,1,1,1,"",0
GO:0010972,negative regulation of G2/M transition of mitotic cell cycle,0/132,72/18842,0,0,-0.714062388945711,1,1,1,"",0
GO:0010976,positive regulation of neuron projection development,0/132,146/18842,0,0,-1.01883563103372,1,1,1,"",0
GO:0010982,regulation of high-density lipoprotein particle clearance,0/132,11/18842,0,0,-0.278651700375158,1,1,1,"",0
GO:0010986,positive regulation of lipoprotein particle clearance,0/132,12/18842,0,0,-0.291049937025784,1,1,1,"",0
GO:0010996,response to auditory stimulus,0/132,28/18842,0,0,-0.444775127108293,1,1,1,"",0
GO:0014003,oligodendrocyte development,0/132,32/18842,0,0,-0.47553516526091,1,1,1,"",0
GO:0014020,primary neural tube formation,0/132,35/18842,0,0,-0.497366243942809,1,1,1,"",0
GO:0014029,neural crest formation,0/132,14/18842,0,0,-0.314386558515355,1,1,1,"",0
GO:0014032,neural crest cell development,0/132,58/18842,0,0,-0.640651730579912,1,1,1,"",0
GO:0014033,neural crest cell differentiation,0/132,70/18842,0,0,-0.70403750286045,1,1,1,"",0
GO:0014037,Schwann cell differentiation,0/132,30/18842,0,0,-0.460410467649609,1,1,1,"",0
GO:0014044,Schwann cell development,0/132,27/18842,0,0,-0.436748897537163,1,1,1,"",0
GO:0014046,dopamine secretion,0/132,23/18842,0,0,-0.403058137312115,1,1,1,"",0
GO:0014047,glutamate secretion,0/132,20/18842,0,0,-0.375823696578768,1,1,1,"",0
GO:0014048,regulation of glutamate secretion,0/132,15/18842,0,0,-0.325429646814657,1,1,1,"",0
GO:0014049,positive regulation of glutamate secretion,0/132,10/18842,0,0,-0.265676917587564,1,1,1,"",0
GO:0014059,regulation of dopamine secretion,0/132,22/18842,0,0,-0.39418816182791,1,1,1,"",0
GO:0014061,regulation of norepinephrine secretion,0/132,12/18842,0,0,-0.291049937025784,1,1,1,"",0
GO:0014072,response to isoquinoline alkaloid,0/132,14/18842,0,0,-0.314386558515355,1,1,1,"",0
GO:0014075,response to amine,0/132,36/18842,0,0,-0.504434847677225,1,1,1,"",0
GO:0014742,positive regulation of muscle hypertrophy,0/132,37/18842,0,0,-0.511406495482523,1,1,1,"",0
GO:0014744,positive regulation of muscle adaptation,0/132,13/18842,0,0,-0.302942423276413,1,1,1,"",0
GO:0014808,release of sequestered calcium ion into cytosol by sarcoplasmic reticulum,0/132,41/18842,0,0,-0.538398077299233,1,1,1,"",0
GO:0014816,skeletal muscle satellite cell differentiation,0/132,10/18842,0,0,-0.265676917587564,1,1,1,"",0
GO:0014819,regulation of skeletal muscle contraction,0/132,19/18842,0,0,-0.366297897596641,1,1,1,"",0
GO:0014821,phasic smooth muscle contraction,0/132,17/18842,0,0,-0.346464717820737,1,1,1,"",0
GO:0014823,response to activity,0/132,64/18842,0,0,-0.673081054207394,1,1,1,"",0
GO:0014829,vascular associated smooth muscle contraction,0/132,18/18842,0,0,-0.356518722862875,1,1,1,"",0
GO:0014831,gastro-intestinal system smooth muscle contraction,0/132,12/18842,0,0,-0.291049937025784,1,1,1,"",0
GO:0014841,skeletal muscle satellite cell proliferation,0/132,13/18842,0,0,-0.302942423276413,1,1,1,"",0
GO:0014842,regulation of skeletal muscle satellite cell proliferation,0/132,12/18842,0,0,-0.291049937025784,1,1,1,"",0
GO:0014850,response to muscle activity,0/132,24/18842,0,0,-0.411737985562741,1,1,1,"",0
GO:0014854,response to inactivity,0/132,11/18842,0,0,-0.278651700375158,1,1,1,"",0
GO:0014855,striated muscle cell proliferation,0/132,58/18842,0,0,-0.640651730579912,1,1,1,"",0
GO:0014856,skeletal muscle cell proliferation,0/132,15/18842,0,0,-0.325429646814657,1,1,1,"",0
GO:0014857,regulation of skeletal muscle cell proliferation,0/132,12/18842,0,0,-0.291049937025784,1,1,1,"",0
GO:0014889,muscle atrophy,0/132,10/18842,0,0,-0.265676917587564,1,1,1,"",0
GO:0014902,myotube differentiation,0/132,131/18842,0,0,-0.964693150757737,1,1,1,"",0
GO:0014904,myotube cell development,0/132,24/18842,0,0,-0.411737985562741,1,1,1,"",0
GO:0015669,gas transport,0/132,20/18842,0,0,-0.375823696578768,1,1,1,"",0
GO:0015670,carbon dioxide transport,0/132,14/18842,0,0,-0.314386558515355,1,1,1,"",0
GO:0015671,oxygen transport,0/132,14/18842,0,0,-0.314386558515355,1,1,1,"",0
GO:0015693,magnesium ion transport,0/132,20/18842,0,0,-0.375823696578768,1,1,1,"",0
GO:0015732,prostaglandin transport,0/132,22/18842,0,0,-0.39418816182791,1,1,1,"",0
GO:0015740,C4-dicarboxylate transport,0/132,27/18842,0,0,-0.436748897537163,1,1,1,"",0
GO:0015747,urate transport,0/132,12/18842,0,0,-0.291049937025784,1,1,1,"",0
GO:0015780,nucleotide-sugar transmembrane transport,0/132,13/18842,0,0,-0.302942423276413,1,1,1,"",0
GO:0015791,polyol transmembrane transport,0/132,11/18842,0,0,-0.278651700375158,1,1,1,"",0
GO:0015800,acidic amino acid transport,0/132,63/18842,0,0,-0.667784124821285,1,1,1,"",0
GO:0015801,aromatic amino acid transport,0/132,14/18842,0,0,-0.314386558515355,1,1,1,"",0
GO:0015802,basic amino acid transport,0/132,23/18842,0,0,-0.403058137312115,1,1,1,"",0
GO:0015803,branched-chain amino acid transport,0/132,14/18842,0,0,-0.314386558515355,1,1,1,"",0
GO:0015804,neutral amino acid transport,0/132,55/18842,0,0,-0.623813362930432,1,1,1,"",0
GO:0015807,L-amino acid transport,0/132,85/18842,0,0,-0.776121689298554,1,1,1,"",0
GO:0015808,L-alanine transport,0/132,11/18842,0,0,-0.278651700375158,1,1,1,"",0
GO:0015810,aspartate transmembrane transport,0/132,19/18842,0,0,-0.366297897596641,1,1,1,"",0
GO:0015812,gamma-aminobutyric acid transport,0/132,15/18842,0,0,-0.325429646814657,1,1,1,"",0
GO:0015813,L-glutamate transmembrane transport,0/132,28/18842,0,0,-0.444775127108293,1,1,1,"",0
GO:0015816,glycine transport,0/132,17/18842,0,0,-0.346464717820737,1,1,1,"",0
GO:0015820,L-leucine transport,0/132,10/18842,0,0,-0.265676917587564,1,1,1,"",0
GO:0015824,proline transport,0/132,11/18842,0,0,-0.278651700375158,1,1,1,"",0
GO:0015837,amine transport,0/132,89/18842,0,0,-0.794258137686323,1,1,1,"",0
GO:0015838,amino-acid betaine transport,0/132,13/18842,0,0,-0.302942423276413,1,1,1,"",0
GO:0015844,monoamine transport,0/132,65/18842,0,0,-0.678337180323899,1,1,1,"",0
GO:0015846,polyamine transport,0/132,17/18842,0,0,-0.346464717820737,1,1,1,"",0
GO:0015851,nucleobase transport,0/132,13/18842,0,0,-0.302942423276413,1,1,1,"",0
GO:0015858,nucleoside transport,0/132,10/18842,0,0,-0.265676917587564,1,1,1,"",0
GO:0015866,ADP transport,0/132,12/18842,0,0,-0.291049937025784,1,1,1,"",0
GO:0015872,dopamine transport,0/132,36/18842,0,0,-0.504434847677225,1,1,1,"",0
GO:0015874,norepinephrine transport,0/132,22/18842,0,0,-0.39418816182791,1,1,1,"",0
GO:0015914,phospholipid transport,0/132,112/18842,0,0,-0.891542743016415,1,1,1,"",0
GO:0015919,peroxisomal membrane transport,0/132,23/18842,0,0,-0.403058137312115,1,1,1,"",0
GO:0015936,coenzyme A metabolic process,0/132,18/18842,0,0,-0.356518722862875,1,1,1,"",0
GO:0015937,coenzyme A biosynthetic process,0/132,10/18842,0,0,-0.265676917587564,1,1,1,"",0
GO:0015986,proton motive force-driven ATP synthesis,0/132,76/18842,0,0,-0.73370754781504,1,1,1,"",0
GO:0016048,detection of temperature stimulus,0/132,18/18842,0,0,-0.356518722862875,1,1,1,"",0
GO:0016054,organic acid catabolic process,0/132,243/18842,0,0,-1.31783302324731,1,1,1,"",0
GO:0016056,G protein-coupled opsin signaling pathway,0/132,11/18842,0,0,-0.278651700375158,1,1,1,"",0
GO:0016072,rRNA metabolic process,0/132,288/18842,0,0,-1.43641361985092,1,1,1,"",0
GO:0016074,sno(s)RNA metabolic process,0/132,14/18842,0,0,-0.314386558515355,1,1,1,"",0
GO:0016075,rRNA catabolic process,0/132,20/18842,0,0,-0.375823696578768,1,1,1,"",0
GO:0016078,tRNA decay,0/132,17/18842,0,0,-0.346464717820737,1,1,1,"",0
GO:0016079,synaptic vesicle exocytosis,0/132,98/18842,0,0,-0.833650368902926,1,1,1,"",0
GO:0016081,synaptic vesicle docking,0/132,13/18842,0,0,-0.302942423276413,1,1,1,"",0
GO:0016082,synaptic vesicle priming,0/132,27/18842,0,0,-0.436748897537163,1,1,1,"",0
GO:0016101,diterpenoid metabolic process,0/132,93/18842,0,0,-0.811997077920726,1,1,1,"",0
GO:0016102,diterpenoid biosynthetic process,0/132,10/18842,0,0,-0.265676917587564,1,1,1,"",0
GO:0016114,terpenoid biosynthetic process,0/132,25/18842,0,0,-0.420239487852281,1,1,1,"",0
GO:0016126,sterol biosynthetic process,0/132,71/18842,0,0,-0.709067395734335,1,1,1,"",0
GO:0016137,glycoside metabolic process,0/132,17/18842,0,0,-0.346464717820737,1,1,1,"",0
GO:0016202,regulation of striated muscle tissue development,0/132,26/18842,0,0,-0.428573257866855,1,1,1,"",0
GO:0016226,iron-sulfur cluster assembly,0/132,28/18842,0,0,-0.444775127108293,1,1,1,"",0
GO:0016233,telomere capping,0/132,26/18842,0,0,-0.428573257866855,1,1,1,"",0
GO:0016237,microautophagy,0/132,22/18842,0,0,-0.39418816182791,1,1,1,"",0
GO:0016239,positive regulation of macroautophagy,0/132,90/18842,0,0,-0.798729094242601,1,1,1,"",0
GO:0016242,negative regulation of macroautophagy,0/132,32/18842,0,0,-0.47553516526091,1,1,1,"",0
GO:0016264,gap junction assembly,0/132,18/18842,0,0,-0.356518722862875,1,1,1,"",0
GO:0016311,dephosphorylation,0/132,146/18842,0,0,-1.01883563103372,1,1,1,"",0
GO:0016322,neuron remodeling,0/132,12/18842,0,0,-0.291049937025784,1,1,1,"",0
GO:0016331,morphogenesis of embryonic epithelium,0/132,61/18842,0,0,-0.65706390104955,1,1,1,"",0
GO:0016338,calcium-independent cell-cell adhesion,0/132,23/18842,0,0,-0.403058137312115,1,1,1,"",0
GO:0016339,calcium-dependent cell-cell adhesion,0/132,45/18842,0,0,-0.564110304289483,1,1,1,"",0
GO:0016444,somatic cell DNA recombination,0/132,52/18842,0,0,-0.60651329946757,1,1,1,"",0
GO:0016445,somatic diversification of immunoglobulins,0/132,54/18842,0,0,-0.618099867926707,1,1,1,"",0
GO:0016446,somatic hypermutation of immunoglobulin genes,0/132,10/18842,0,0,-0.265676917587564,1,1,1,"",0
GO:0016447,somatic recombination of immunoglobulin gene segments,0/132,47/18842,0,0,-0.576540486956794,1,1,1,"",0
GO:0016540,protein autoprocessing,0/132,25/18842,0,0,-0.420239487852281,1,1,1,"",0
GO:0016553,base conversion or substitution editing,0/132,18/18842,0,0,-0.356518722862875,1,1,1,"",0
GO:0016554,cytidine to uridine editing,0/132,12/18842,0,0,-0.291049937025784,1,1,1,"",0
GO:0016556,mRNA modification,0/132,26/18842,0,0,-0.428573257866855,1,1,1,"",0
GO:0016558,protein import into peroxisome matrix,0/132,16/18842,0,0,-0.336111220420459,1,1,1,"",0
GO:0016559,peroxisome fission,0/132,12/18842,0,0,-0.291049937025784,1,1,1,"",0
GO:0016579,protein deubiquitination,0/132,121/18842,0,0,-0.926894297258531,1,1,1,"",0
GO:0016973,poly(A)+ mRNA export from nucleus,0/132,25/18842,0,0,-0.420239487852281,1,1,1,"",0
GO:0017004,cytochrome complex assembly,0/132,47/18842,0,0,-0.576540486956794,1,1,1,"",0
GO:0017062,respiratory chain complex III assembly,0/132,14/18842,0,0,-0.314386558515355,1,1,1,"",0
GO:0017121,plasma membrane phospholipid scrambling,0/132,30/18842,0,0,-0.460410467649609,1,1,1,"",0
GO:0017157,regulation of exocytosis,0/132,174/18842,0,0,-1.11308357616758,1,1,1,"",0
GO:0017158,regulation of calcium ion-dependent exocytosis,0/132,37/18842,0,0,-0.511406495482523,1,1,1,"",0
GO:0018022,peptidyl-lysine methylation,0/132,17/18842,0,0,-0.346464717820737,1,1,1,"",0
GO:0018105,peptidyl-serine phosphorylation,0/132,65/18842,0,0,-0.678337180323899,1,1,1,"",0
GO:0018107,peptidyl-threonine phosphorylation,0/132,32/18842,0,0,-0.47553516526091,1,1,1,"",0
GO:0018108,peptidyl-tyrosine phosphorylation,0/132,122/18842,0,0,-0.930741416549774,1,1,1,"",0
GO:0018126,protein hydroxylation,0/132,15/18842,0,0,-0.325429646814657,1,1,1,"",0
GO:0018146,keratan sulfate proteoglycan biosynthetic process,0/132,16/18842,0,0,-0.336111220420459,1,1,1,"",0
GO:0018149,peptide cross-linking,0/132,18/18842,0,0,-0.356518722862875,1,1,1,"",0
GO:0018198,peptidyl-cysteine modification,0/132,20/18842,0,0,-0.375823696578768,1,1,1,"",0
GO:0018200,peptidyl-glutamic acid modification,0/132,18/18842,0,0,-0.356518722862875,1,1,1,"",0
GO:0018209,peptidyl-serine modification,0/132,67/18842,0,0,-0.688730752593991,1,1,1,"",0
GO:0018210,peptidyl-threonine modification,0/132,32/18842,0,0,-0.47553516526091,1,1,1,"",0
GO:0018212,peptidyl-tyrosine modification,0/132,124/18842,0,0,-0.938389560719263,1,1,1,"",0
GO:0018230,peptidyl-L-cysteine S-palmitoylation,0/132,15/18842,0,0,-0.325429646814657,1,1,1,"",0
GO:0018231,peptidyl-S-diacylglycerol-L-cysteine biosynthetic process from peptidyl-cysteine,0/132,15/18842,0,0,-0.325429646814657,1,1,1,"",0
GO:0018342,protein prenylation,0/132,11/18842,0,0,-0.278651700375158,1,1,1,"",0
GO:0018345,protein palmitoylation,0/132,22/18842,0,0,-0.39418816182791,1,1,1,"",0
GO:0018958,phenol-containing compound metabolic process,0/132,95/18842,0,0,-0.820725561219591,1,1,1,"",0
GO:0019062,virion attachment to host cell,0/132,10/18842,0,0,-0.265676917587564,1,1,1,"",0
GO:0019065,receptor-mediated endocytosis of virus by host cell,0/132,11/18842,0,0,-0.278651700375158,1,1,1,"",0
GO:0019068,virion assembly,0/132,36/18842,0,0,-0.504434847677225,1,1,1,"",0
GO:0019076,viral release from host cell,0/132,29/18842,0,0,-0.452659894469733,1,1,1,"",0
GO:0019081,viral translation,0/132,36/18842,0,0,-0.504434847677225,1,1,1,"",0
GO:0019083,viral transcription,0/132,25/18842,0,0,-0.420239487852281,1,1,1,"",0
GO:0019098,reproductive behavior,0/132,26/18842,0,0,-0.428573257866855,1,1,1,"",0
GO:0019184,nonribosomal peptide biosynthetic process,0/132,15/18842,0,0,-0.325429646814657,1,1,1,"",0
GO:0019226,transmission of nerve impulse,0/132,58/18842,0,0,-0.640651730579912,1,1,1,"",0
GO:0019228,neuronal action potential,0/132,32/18842,0,0,-0.47553516526091,1,1,1,"",0
GO:0019229,regulation of vasoconstriction,0/132,59/18842,0,0,-0.646168188121849,1,1,1,"",0
GO:0019233,sensory perception of pain,0/132,68/18842,0,0,-0.693869976647335,1,1,1,"",0
GO:0019317,fucose catabolic process,0/132,10/18842,0,0,-0.265676917587564,1,1,1,"",0
GO:0019320,hexose catabolic process,0/132,48/18842,0,0,-0.582657114924422,1,1,1,"",0
GO:0019321,pentose metabolic process,0/132,11/18842,0,0,-0.278651700375158,1,1,1,"",0
GO:0019336,phenol-containing compound catabolic process,0/132,12/18842,0,0,-0.291049937025784,1,1,1,"",0
GO:0019359,nicotinamide nucleotide biosynthetic process,0/132,22/18842,0,0,-0.39418816182791,1,1,1,"",0
GO:0019363,pyridine nucleotide biosynthetic process,0/132,22/18842,0,0,-0.39418816182791,1,1,1,"",0
GO:0019365,pyridine nucleotide salvage,0/132,10/18842,0,0,-0.265676917587564,1,1,1,"",0
GO:0019369,arachidonate metabolic process,0/132,60/18842,0,0,-0.651638527628289,1,1,1,"",0
GO:0019370,leukotriene biosynthetic process,0/132,21/18842,0,0,-0.385114922134588,1,1,1,"",0
GO:0019371,cyclooxygenase pathway,0/132,10/18842,0,0,-0.265676917587564,1,1,1,"",0
GO:0019372,lipoxygenase pathway,0/132,10/18842,0,0,-0.265676917587564,1,1,1,"",0
GO:0019373,epoxygenase P450 pathway,0/132,18/18842,0,0,-0.356518722862875,1,1,1,"",0
GO:0019377,glycolipid catabolic process,0/132,27/18842,0,0,-0.436748897537163,1,1,1,"",0
GO:0019395,fatty acid oxidation,0/132,96/18842,0,0,-0.825055866788168,1,1,1,"",0
GO:0019433,triglyceride catabolic process,0/132,40/18842,0,0,-0.531777573647406,1,1,1,"",0
GO:0019530,taurine metabolic process,0/132,10/18842,0,0,-0.265676917587564,1,1,1,"",0
GO:0019532,oxalate transport,0/132,11/18842,0,0,-0.278651700375158,1,1,1,"",0
GO:0019585,glucuronate metabolic process,0/132,10/18842,0,0,-0.265676917587564,1,1,1,"",0
GO:0019627,urea metabolic process,0/132,13/18842,0,0,-0.302942423276413,1,1,1,"",0
GO:0019646,aerobic electron transport chain,0/132,91/18842,0,0,-0.803175636057644,1,1,1,"",0
GO:0019673,GDP-mannose metabolic process,0/132,10/18842,0,0,-0.265676917587564,1,1,1,"",0
GO:0019674,NAD+ metabolic process,0/132,43/18842,0,0,-0.551402715420296,1,1,1,"",0
GO:0019682,glyceraldehyde-3-phosphate metabolic process,0/132,12/18842,0,0,-0.291049937025784,1,1,1,"",0
GO:0019694,alkanesulfonate metabolic process,0/132,10/18842,0,0,-0.265676917587564,1,1,1,"",0
GO:0019730,antimicrobial humoral response,0/132,189/18842,0,0,-1.16053596453734,1,1,1,"",0
GO:0019731,antibacterial humoral response,0/132,86/18842,0,0,-0.780694572729888,1,1,1,"",0
GO:0019732,antifungal humoral response,0/132,12/18842,0,0,-0.291049937025784,1,1,1,"",0
GO:0019748,secondary metabolic process,0/132,58/18842,0,0,-0.640651730579912,1,1,1,"",0
GO:0019755,one-carbon compound transport,0/132,23/18842,0,0,-0.403058137312115,1,1,1,"",0
GO:0019835,cytolysis,0/132,10/18842,0,0,-0.265676917587564,1,1,1,"",0
GO:0019856,pyrimidine nucleobase biosynthetic process,0/132,12/18842,0,0,-0.291049937025784,1,1,1,"",0
GO:0019896,axonal transport of mitochondrion,0/132,16/18842,0,0,-0.336111220420459,1,1,1,"",0
GO:0019985,translesion synthesis,0/132,26/18842,0,0,-0.428573257866855,1,1,1,"",0
GO:0020027,hemoglobin metabolic process,0/132,13/18842,0,0,-0.302942423276413,1,1,1,"",0
GO:0021515,cell differentiation in spinal cord,0/132,17/18842,0,0,-0.346464717820737,1,1,1,"",0
GO:0021517,ventral spinal cord development,0/132,18/18842,0,0,-0.356518722862875,1,1,1,"",0
GO:0021535,cell migration in hindbrain,0/132,10/18842,0,0,-0.265676917587564,1,1,1,"",0
GO:0021536,diencephalon development,0/132,42/18842,0,0,-0.544938845356922,1,1,1,"",0
GO:0021544,subpallium development,0/132,12/18842,0,0,-0.291049937025784,1,1,1,"",0
GO:0021545,cranial nerve development,0/132,40/18842,0,0,-0.531777573647406,1,1,1,"",0
GO:0021559,trigeminal nerve development,0/132,12/18842,0,0,-0.291049937025784,1,1,1,"",0
GO:0021591,ventricular system development,0/132,10/18842,0,0,-0.265676917587564,1,1,1,"",0
GO:0021602,cranial nerve morphogenesis,0/132,19/18842,0,0,-0.366297897596641,1,1,1,"",0
GO:0021603,cranial nerve formation,0/132,11/18842,0,0,-0.278651700375158,1,1,1,"",0
GO:0021675,nerve development,0/132,59/18842,0,0,-0.646168188121849,1,1,1,"",0
GO:0021680,cerebellar Purkinje cell layer development,0/132,15/18842,0,0,-0.325429646814657,1,1,1,"",0
GO:0021692,cerebellar Purkinje cell layer morphogenesis,0/132,10/18842,0,0,-0.265676917587564,1,1,1,"",0
GO:0021756,striatum development,0/132,12/18842,0,0,-0.291049937025784,1,1,1,"",0
GO:0021762,substantia nigra development,0/132,44/18842,0,0,-0.557792360956695,1,1,1,"",0
GO:0021772,olfactory bulb development,0/132,20/18842,0,0,-0.375823696578768,1,1,1,"",0
GO:0021783,preganglionic parasympathetic fiber development,0/132,11/18842,0,0,-0.278651700375158,1,1,1,"",0
GO:0021846,cell proliferation in forebrain,0/132,17/18842,0,0,-0.346464717820737,1,1,1,"",0
GO:0021854,hypothalamus development,0/132,21/18842,0,0,-0.385114922134588,1,1,1,"",0
GO:0021895,cerebral cortex neuron differentiation,0/132,12/18842,0,0,-0.291049937025784,1,1,1,"",0
GO:0021952,central nervous system projection neuron axonogenesis,0/132,15/18842,0,0,-0.325429646814657,1,1,1,"",0
GO:0021955,central nervous system neuron axonogenesis,0/132,22/18842,0,0,-0.39418816182791,1,1,1,"",0
GO:0021983,pituitary gland development,0/132,17/18842,0,0,-0.346464717820737,1,1,1,"",0
GO:0021988,olfactory lobe development,0/132,21/18842,0,0,-0.385114922134588,1,1,1,"",0
GO:0022010,central nervous system myelination,0/132,17/18842,0,0,-0.346464717820737,1,1,1,"",0
GO:0022011,myelination in peripheral nervous system,0/132,17/18842,0,0,-0.346464717820737,1,1,1,"",0
GO:0022038,corpus callosum development,0/132,13/18842,0,0,-0.302942423276413,1,1,1,"",0
GO:0022404,molting cycle process,0/132,45/18842,0,0,-0.564110304289483,1,1,1,"",0
GO:0022405,hair cycle process,0/132,45/18842,0,0,-0.564110304289483,1,1,1,"",0
GO:0022406,membrane docking,0/132,86/18842,0,0,-0.780694572729888,1,1,1,"",0
GO:0022410,circadian sleep/wake cycle process,0/132,23/18842,0,0,-0.403058137312115,1,1,1,"",0
GO:0022412,cellular process involved in reproduction in multicellular organism,0/132,331/18842,0,0,-1.54170436891057,1,1,1,"",0
GO:0022602,ovulation cycle process,0/132,32/18842,0,0,-0.47553516526091,1,1,1,"",0
GO:0022612,gland morphogenesis,0/132,22/18842,0,0,-0.39418816182791,1,1,1,"",0
GO:0022616,DNA strand elongation,0/132,37/18842,0,0,-0.511406495482523,1,1,1,"",0
GO:0022617,extracellular matrix disassembly,0/132,73/18842,0,0,-0.719023209914105,1,1,1,"",0
GO:0022900,electron transport chain,0/132,123/18842,0,0,-0.934573108019088,1,1,1,"",0
GO:0022904,respiratory electron transport chain,0/132,114/18842,0,0,-0.899515749934523,1,1,1,"",0
GO:0023035,CD40 signaling pathway,0/132,14/18842,0,0,-0.314386558515355,1,1,1,"",0
GO:0030007,intracellular potassium ion homeostasis,0/132,22/18842,0,0,-0.39418816182791,1,1,1,"",0
GO:0030010,establishment of cell polarity,0/132,122/18842,0,0,-0.930741416549774,1,1,1,"",0
GO:0030032,lamellipodium assembly,0/132,60/18842,0,0,-0.651638527628289,1,1,1,"",0
GO:0030033,microvillus assembly,0/132,13/18842,0,0,-0.302942423276413,1,1,1,"",0
GO:0030042,actin filament depolymerization,0/132,59/18842,0,0,-0.646168188121849,1,1,1,"",0
GO:0030049,muscle filament sliding,0/132,17/18842,0,0,-0.346464717820737,1,1,1,"",0
GO:0030071,regulation of mitotic metaphase/anaphase transition,0/132,100/18842,0,0,-0.842158972135376,1,1,1,"",0
GO:0030148,sphingolipid biosynthetic process,0/132,108/18842,0,0,-0.875384124940929,1,1,1,"",0
GO:0030149,sphingolipid catabolic process,0/132,47/18842,0,0,-0.576540486956794,1,1,1,"",0
GO:0030150,protein import into mitochondrial matrix,0/132,25/18842,0,0,-0.420239487852281,1,1,1,"",0
GO:0030167,proteoglycan catabolic process,0/132,22/18842,0,0,-0.39418816182791,1,1,1,"",0
GO:0030168,platelet activation,0/132,125/18842,0,0,-0.942190959894432,1,1,1,"",0
GO:0030174,regulation of DNA-templated DNA replication initiation,0/132,19/18842,0,0,-0.366297897596641,1,1,1,"",0
GO:0030193,regulation of blood coagulation,0/132,66/18842,0,0,-0.683553444519687,1,1,1,"",0
GO:0030194,positive regulation of blood coagulation,0/132,26/18842,0,0,-0.428573257866855,1,1,1,"",0
GO:0030195,negative regulation of blood coagulation,0/132,48/18842,0,0,-0.582657114924422,1,1,1,"",0
GO:0030200,heparan sulfate proteoglycan catabolic process,0/132,12/18842,0,0,-0.291049937025784,1,1,1,"",0
GO:0030202,heparin proteoglycan metabolic process,0/132,15/18842,0,0,-0.325429646814657,1,1,1,"",0
GO:0030203,glycosaminoglycan metabolic process,0/132,64/18842,0,0,-0.673081054207394,1,1,1,"",0
GO:0030210,heparin proteoglycan biosynthetic process,0/132,12/18842,0,0,-0.291049937025784,1,1,1,"",0
GO:0030212,hyaluronan metabolic process,0/132,34/18842,0,0,-0.490196489878786,1,1,1,"",0
GO:0030213,hyaluronan biosynthetic process,0/132,11/18842,0,0,-0.278651700375158,1,1,1,"",0
GO:0030214,hyaluronan catabolic process,0/132,17/18842,0,0,-0.346464717820737,1,1,1,"",0
GO:0030220,platelet formation,0/132,18/18842,0,0,-0.356518722862875,1,1,1,"",0
GO:0030242,autophagy of peroxisome,0/132,16/18842,0,0,-0.336111220420459,1,1,1,"",0
GO:0030252,growth hormone secretion,0/132,12/18842,0,0,-0.291049937025784,1,1,1,"",0
GO:0030258,lipid modification,0/132,166/18842,0,0,-1.08696149076345,1,1,1,"",0
GO:0030262,apoptotic nuclear changes,0/132,24/18842,0,0,-0.411737985562741,1,1,1,"",0
GO:0030277,maintenance of gastrointestinal epithelium,0/132,25/18842,0,0,-0.420239487852281,1,1,1,"",0
GO:0030279,negative regulation of ossification,0/132,40/18842,0,0,-0.531777573647406,1,1,1,"",0
GO:0030299,intestinal cholesterol absorption,0/132,13/18842,0,0,-0.302942423276413,1,1,1,"",0
GO:0030317,flagellated sperm motility,0/132,217/18842,0,0,-1.24446811211083,1,1,1,"",0
GO:0030318,melanocyte differentiation,0/132,14/18842,0,0,-0.314386558515355,1,1,1,"",0
GO:0030325,adrenal gland development,0/132,16/18842,0,0,-0.336111220420459,1,1,1,"",0
GO:0030330,"DNA damage response, signal transduction by p53 class mediator",0/132,72/18842,0,0,-0.714062388945711,1,1,1,"",0
GO:0030397,membrane disassembly,0/132,13/18842,0,0,-0.302942423276413,1,1,1,"",0
GO:0030431,sleep,0/132,24/18842,0,0,-0.411737985562741,1,1,1,"",0
GO:0030449,regulation of complement activation,0/132,29/18842,0,0,-0.452659894469733,1,1,1,"",0
GO:0030490,maturation of SSU-rRNA,0/132,69/18842,0,0,-0.69897195681039,1,1,1,"",0
GO:0030497,fatty acid elongation,0/132,14/18842,0,0,-0.314386558515355,1,1,1,"",0
GO:0030501,positive regulation of bone mineralization,0/132,41/18842,0,0,-0.538398077299233,1,1,1,"",0
GO:0030502,negative regulation of bone mineralization,0/132,17/18842,0,0,-0.346464717820737,1,1,1,"",0
GO:0030513,positive regulation of BMP signaling pathway,0/132,31/18842,0,0,-0.468033513537355,1,1,1,"",0
GO:0030517,negative regulation of axon extension,0/132,19/18842,0,0,-0.366297897596641,1,1,1,"",0
GO:0030520,estrogen receptor signaling pathway,0/132,52/18842,0,0,-0.60651329946757,1,1,1,"",0
GO:0030534,adult behavior,0/132,68/18842,0,0,-0.693869976647335,1,1,1,"",0
GO:0030574,collagen catabolic process,0/132,43/18842,0,0,-0.551402715420296,1,1,1,"",0
GO:0030575,nuclear body organization,0/132,16/18842,0,0,-0.336111220420459,1,1,1,"",0
GO:0030593,neutrophil chemotaxis,0/132,75/18842,0,0,-0.72884512173782,1,1,1,"",0
GO:0030638,polyketide metabolic process,0/132,10/18842,0,0,-0.265676917587564,1,1,1,"",0
GO:0030641,regulation of cellular pH,0/132,95/18842,0,0,-0.820725561219591,1,1,1,"",0
GO:0030808,regulation of nucleotide biosynthetic process,0/132,25/18842,0,0,-0.420239487852281,1,1,1,"",0
GO:0030810,positive regulation of nucleotide biosynthetic process,0/132,16/18842,0,0,-0.336111220420459,1,1,1,"",0
GO:0030813,positive regulation of nucleotide catabolic process,0/132,21/18842,0,0,-0.385114922134588,1,1,1,"",0
GO:0030832,regulation of actin filament length,0/132,137/18842,0,0,-0.986696241607728,1,1,1,"",0
GO:0030833,regulation of actin filament polymerization,0/132,116/18842,0,0,-0.907420385745053,1,1,1,"",0
GO:0030834,regulation of actin filament depolymerization,0/132,54/18842,0,0,-0.618099867926707,1,1,1,"",0
GO:0030835,negative regulation of actin filament depolymerization,0/132,46/18842,0,0,-0.570358928294299,1,1,1,"",0
GO:0030836,positive regulation of actin filament depolymerization,0/132,12/18842,0,0,-0.291049937025784,1,1,1,"",0
GO:0030837,negative regulation of actin filament polymerization,0/132,57/18842,0,0,-0.635087953146595,1,1,1,"",0
GO:0030838,positive regulation of actin filament polymerization,0/132,43/18842,0,0,-0.551402715420296,1,1,1,"",0
GO:0030850,prostate gland development,0/132,20/18842,0,0,-0.375823696578768,1,1,1,"",0
GO:0030851,granulocyte differentiation,0/132,30/18842,0,0,-0.460410467649609,1,1,1,"",0
GO:0030852,regulation of granulocyte differentiation,0/132,15/18842,0,0,-0.325429646814657,1,1,1,"",0
GO:0030858,positive regulation of epithelial cell differentiation,0/132,65/18842,0,0,-0.678337180323899,1,1,1,"",0
GO:0030859,polarized epithelial cell differentiation,0/132,14/18842,0,0,-0.314386558515355,1,1,1,"",0
GO:0030865,cortical cytoskeleton organization,0/132,53/18842,0,0,-0.61233368108521,1,1,1,"",0
GO:0030866,cortical actin cytoskeleton organization,0/132,36/18842,0,0,-0.504434847677225,1,1,1,"",0
GO:0030878,thyroid gland development,0/132,12/18842,0,0,-0.291049937025784,1,1,1,"",0
GO:0030888,regulation of B cell proliferation,0/132,58/18842,0,0,-0.640651730579912,1,1,1,"",0
GO:0030889,negative regulation of B cell proliferation,0/132,13/18842,0,0,-0.302942423276413,1,1,1,"",0
GO:0030890,positive regulation of B cell proliferation,0/132,35/18842,0,0,-0.497366243942809,1,1,1,"",0
GO:0030901,midbrain development,0/132,76/18842,0,0,-0.73370754781504,1,1,1,"",0
GO:0030949,positive regulation of vascular endothelial growth factor receptor signaling pathway,0/132,16/18842,0,0,-0.336111220420459,1,1,1,"",0
GO:0030953,astral microtubule organization,0/132,15/18842,0,0,-0.325429646814657,1,1,1,"",0
GO:0030970,"retrograde protein transport, ER to cytosol",0/132,30/18842,0,0,-0.460410467649609,1,1,1,"",0
GO:0031000,response to caffeine,0/132,12/18842,0,0,-0.291049937025784,1,1,1,"",0
GO:0031048,regulatory ncRNA-mediated heterochromatin formation,0/132,29/18842,0,0,-0.452659894469733,1,1,1,"",0
GO:0031053,primary miRNA processing,0/132,19/18842,0,0,-0.366297897596641,1,1,1,"",0
GO:0031054,pre-miRNA processing,0/132,17/18842,0,0,-0.346464717820737,1,1,1,"",0
GO:0031069,hair follicle morphogenesis,0/132,17/18842,0,0,-0.346464717820737,1,1,1,"",0
GO:0031099,regeneration,0/132,145/18842,0,0,-1.01531331991034,1,1,1,"",0
GO:0031100,animal organ regeneration,0/132,49/18842,0,0,-0.588710836167025,1,1,1,"",0
GO:0031102,neuron projection regeneration,0/132,41/18842,0,0,-0.538398077299233,1,1,1,"",0
GO:0031103,axon regeneration,0/132,38/18842,0,0,-0.518285100061389,1,1,1,"",0
GO:0031114,regulation of microtubule depolymerization,0/132,30/18842,0,0,-0.460410467649609,1,1,1,"",0
GO:0031118,rRNA pseudouridine synthesis,0/132,10/18842,0,0,-0.265676917587564,1,1,1,"",0
GO:0031122,cytoplasmic microtubule organization,0/132,65/18842,0,0,-0.678337180323899,1,1,1,"",0
GO:0031123,RNA 3'-end processing,0/132,103/18842,0,0,-0.854766422117202,1,1,1,"",0
GO:0031124,mRNA 3'-end processing,0/132,50/18842,0,0,-0.594703571845774,1,1,1,"",0
GO:0031125,rRNA 3'-end processing,0/132,13/18842,0,0,-0.302942423276413,1,1,1,"",0
GO:0031126,sno(s)RNA 3'-end processing,0/132,12/18842,0,0,-0.291049937025784,1,1,1,"",0
GO:0031145,anaphase-promoting complex-dependent catabolic process,0/132,25/18842,0,0,-0.420239487852281,1,1,1,"",0
GO:0031146,SCF-dependent proteasomal ubiquitin-dependent protein catabolic process,0/132,83/18842,0,0,-0.7668956089656,1,1,1,"",0
GO:0031163,metallo-sulfur cluster assembly,0/132,28/18842,0,0,-0.444775127108293,1,1,1,"",0
GO:0031167,rRNA methylation,0/132,30/18842,0,0,-0.460410467649609,1,1,1,"",0
GO:0031223,auditory behavior,0/132,10/18842,0,0,-0.265676917587564,1,1,1,"",0
GO:0031268,pseudopodium organization,0/132,16/18842,0,0,-0.336111220420459,1,1,1,"",0
GO:0031269,pseudopodium assembly,0/132,15/18842,0,0,-0.325429646814657,1,1,1,"",0
GO:0031272,regulation of pseudopodium assembly,0/132,13/18842,0,0,-0.302942423276413,1,1,1,"",0
GO:0031274,positive regulation of pseudopodium assembly,0/132,13/18842,0,0,-0.302942423276413,1,1,1,"",0
GO:0031290,retinal ganglion cell axon guidance,0/132,10/18842,0,0,-0.265676917587564,1,1,1,"",0
GO:0031293,membrane protein intracellular domain proteolysis,0/132,13/18842,0,0,-0.302942423276413,1,1,1,"",0
GO:0031294,lymphocyte costimulation,0/132,42/18842,0,0,-0.544938845356922,1,1,1,"",0
GO:0031295,T cell costimulation,0/132,41/18842,0,0,-0.538398077299233,1,1,1,"",0
GO:0031297,replication fork processing,0/132,61/18842,0,0,-0.65706390104955,1,1,1,"",0
GO:0031338,regulation of vesicle fusion,0/132,33/18842,0,0,-0.482921080155088,1,1,1,"",0
GO:0031340,positive regulation of vesicle fusion,0/132,25/18842,0,0,-0.420239487852281,1,1,1,"",0
GO:0031365,N-terminal protein amino acid modification,0/132,13/18842,0,0,-0.302942423276413,1,1,1,"",0
GO:0031392,regulation of prostaglandin biosynthetic process,0/132,15/18842,0,0,-0.325429646814657,1,1,1,"",0
GO:0031440,regulation of mRNA 3'-end processing,0/132,15/18842,0,0,-0.325429646814657,1,1,1,"",0
GO:0031445,regulation of heterochromatin formation,0/132,13/18842,0,0,-0.302942423276413,1,1,1,"",0
GO:0031452,negative regulation of heterochromatin formation,0/132,10/18842,0,0,-0.265676917587564,1,1,1,"",0
GO:0031468,nuclear membrane reassembly,0/132,26/18842,0,0,-0.428573257866855,1,1,1,"",0
GO:0031503,protein-containing complex localization,0/132,81/18842,0,0,-0.757559178371426,1,1,1,"",0
GO:0031509,subtelomeric heterochromatin formation,0/132,10/18842,0,0,-0.265676917587564,1,1,1,"",0
GO:0031570,DNA integrity checkpoint signaling,0/132,122/18842,0,0,-0.930741416549774,1,1,1,"",0
GO:0031571,mitotic G1 DNA damage checkpoint signaling,0/132,14/18842,0,0,-0.314386558515355,1,1,1,"",0
GO:0031573,mitotic intra-S DNA damage checkpoint signaling,0/132,18/18842,0,0,-0.356518722862875,1,1,1,"",0
GO:0031577,spindle checkpoint signaling,0/132,57/18842,0,0,-0.635087953146595,1,1,1,"",0
GO:0031579,membrane raft organization,0/132,27/18842,0,0,-0.436748897537163,1,1,1,"",0
GO:0031629,synaptic vesicle fusion to presynaptic active zone membrane,0/132,29/18842,0,0,-0.452659894469733,1,1,1,"",0
GO:0031630,regulation of synaptic vesicle fusion to presynaptic active zone membrane,0/132,21/18842,0,0,-0.385114922134588,1,1,1,"",0
GO:0031632,positive regulation of synaptic vesicle fusion to presynaptic active zone membrane,0/132,15/18842,0,0,-0.325429646814657,1,1,1,"",0
GO:0031638,zymogen activation,0/132,56/18842,0,0,-0.629475600981219,1,1,1,"",0
GO:0031639,plasminogen activation,0/132,26/18842,0,0,-0.428573257866855,1,1,1,"",0
GO:0031641,regulation of myelination,0/132,37/18842,0,0,-0.511406495482523,1,1,1,"",0
GO:0031643,positive regulation of myelination,0/132,21/18842,0,0,-0.385114922134588,1,1,1,"",0
GO:0031644,regulation of nervous system process,0/132,124/18842,0,0,-0.938389560719263,1,1,1,"",0
GO:0031645,negative regulation of nervous system process,0/132,16/18842,0,0,-0.336111220420459,1,1,1,"",0
GO:0031646,positive regulation of nervous system process,0/132,39/18842,0,0,-0.525074318209442,1,1,1,"",0
GO:0031648,protein destabilization,0/132,50/18842,0,0,-0.594703571845774,1,1,1,"",0
GO:0031649,heat generation,0/132,12/18842,0,0,-0.291049937025784,1,1,1,"",0
GO:0031650,regulation of heat generation,0/132,11/18842,0,0,-0.278651700375158,1,1,1,"",0
GO:0031666,positive regulation of lipopolysaccharide-mediated signaling pathway,0/132,11/18842,0,0,-0.278651700375158,1,1,1,"",0
GO:0031915,positive regulation of synaptic plasticity,0/132,10/18842,0,0,-0.265676917587564,1,1,1,"",0
GO:0031929,TOR signaling,0/132,179/18842,0,0,-1.12911410866979,1,1,1,"",0
GO:0031943,regulation of glucocorticoid metabolic process,0/132,12/18842,0,0,-0.291049937025784,1,1,1,"",0
GO:0031946,regulation of glucocorticoid biosynthetic process,0/132,10/18842,0,0,-0.265676917587564,1,1,1,"",0
GO:0031958,nuclear receptor-mediated corticosteroid signaling pathway,0/132,13/18842,0,0,-0.302942423276413,1,1,1,"",0
GO:0031998,regulation of fatty acid beta-oxidation,0/132,18/18842,0,0,-0.356518722862875,1,1,1,"",0
GO:0032000,positive regulation of fatty acid beta-oxidation,0/132,10/18842,0,0,-0.265676917587564,1,1,1,"",0
GO:0032006,regulation of TOR signaling,0/132,155/18842,0,0,-1.05002128542429,1,1,1,"",0
GO:0032007,negative regulation of TOR signaling,0/132,75/18842,0,0,-0.72884512173782,1,1,1,"",0
GO:0032008,positive regulation of TOR signaling,0/132,77/18842,0,0,-0.738538474231316,1,1,1,"",0
GO:0032011,ARF protein signal transduction,0/132,21/18842,0,0,-0.385114922134588,1,1,1,"",0
GO:0032012,regulation of ARF protein signal transduction,0/132,21/18842,0,0,-0.385114922134588,1,1,1,"",0
GO:0032026,response to magnesium ion,0/132,17/18842,0,0,-0.346464717820737,1,1,1,"",0
GO:0032042,mitochondrial DNA metabolic process,0/132,18/18842,0,0,-0.356518722862875,1,1,1,"",0
GO:0032048,cardiolipin metabolic process,0/132,12/18842,0,0,-0.291049937025784,1,1,1,"",0
GO:0032091,negative regulation of protein binding,0/132,20/18842,0,0,-0.375823696578768,1,1,1,"",0
GO:0032094,response to food,0/132,39/18842,0,0,-0.525074318209442,1,1,1,"",0
GO:0032095,regulation of response to food,0/132,23/18842,0,0,-0.403058137312115,1,1,1,"",0
GO:0032096,negative regulation of response to food,0/132,17/18842,0,0,-0.346464717820737,1,1,1,"",0
GO:0032098,regulation of appetite,0/132,30/18842,0,0,-0.460410467649609,1,1,1,"",0
GO:0032099,negative regulation of appetite,0/132,17/18842,0,0,-0.346464717820737,1,1,1,"",0
GO:0032107,regulation of response to nutrient levels,0/132,32/18842,0,0,-0.47553516526091,1,1,1,"",0
GO:0032108,negative regulation of response to nutrient levels,0/132,17/18842,0,0,-0.346464717820737,1,1,1,"",0
GO:0032196,transposition,0/132,46/18842,0,0,-0.570358928294299,1,1,1,"",0
GO:0032197,retrotransposition,0/132,44/18842,0,0,-0.557792360956695,1,1,1,"",0
GO:0032201,telomere maintenance via semi-conservative replication,0/132,10/18842,0,0,-0.265676917587564,1,1,1,"",0
GO:0032205,negative regulation of telomere maintenance,0/132,39/18842,0,0,-0.525074318209442,1,1,1,"",0
GO:0032210,regulation of telomere maintenance via telomerase,0/132,45/18842,0,0,-0.564110304289483,1,1,1,"",0
GO:0032211,negative regulation of telomere maintenance via telomerase,0/132,22/18842,0,0,-0.39418816182791,1,1,1,"",0
GO:0032212,positive regulation of telomere maintenance via telomerase,0/132,23/18842,0,0,-0.403058137312115,1,1,1,"",0
GO:0032222,"regulation of synaptic transmission, cholinergic",0/132,11/18842,0,0,-0.278651700375158,1,1,1,"",0
GO:0032228,"regulation of synaptic transmission, GABAergic",0/132,34/18842,0,0,-0.490196489878786,1,1,1,"",0
GO:0032230,"positive regulation of synaptic transmission, GABAergic",0/132,12/18842,0,0,-0.291049937025784,1,1,1,"",0
GO:0032233,positive regulation of actin filament bundle assembly,0/132,61/18842,0,0,-0.65706390104955,1,1,1,"",0
GO:0032252,secretory granule localization,0/132,21/18842,0,0,-0.385114922134588,1,1,1,"",0
GO:0032253,dense core granule localization,0/132,21/18842,0,0,-0.385114922134588,1,1,1,"",0
GO:0032261,purine nucleotide salvage,0/132,20/18842,0,0,-0.375823696578768,1,1,1,"",0
GO:0032274,gonadotropin secretion,0/132,17/18842,0,0,-0.346464717820737,1,1,1,"",0
GO:0032276,regulation of gonadotropin secretion,0/132,13/18842,0,0,-0.302942423276413,1,1,1,"",0
GO:0032288,myelin assembly,0/132,18/18842,0,0,-0.356518722862875,1,1,1,"",0
GO:0032291,axon ensheathment in central nervous system,0/132,17/18842,0,0,-0.346464717820737,1,1,1,"",0
GO:0032292,peripheral nervous system axon ensheathment,0/132,17/18842,0,0,-0.346464717820737,1,1,1,"",0
GO:0032303,regulation of icosanoid secretion,0/132,15/18842,0,0,-0.325429646814657,1,1,1,"",0
GO:0032305,positive regulation of icosanoid secretion,0/132,13/18842,0,0,-0.302942423276413,1,1,1,"",0
GO:0032309,icosanoid secretion,0/132,39/18842,0,0,-0.525074318209442,1,1,1,"",0
GO:0032310,prostaglandin secretion,0/132,11/18842,0,0,-0.278651700375158,1,1,1,"",0
GO:0032328,alanine transport,0/132,18/18842,0,0,-0.356518722862875,1,1,1,"",0
GO:0032330,regulation of chondrocyte differentiation,0/132,39/18842,0,0,-0.525074318209442,1,1,1,"",0
GO:0032331,negative regulation of chondrocyte differentiation,0/132,19/18842,0,0,-0.366297897596641,1,1,1,"",0
GO:0032332,positive regulation of chondrocyte differentiation,0/132,17/18842,0,0,-0.346464717820737,1,1,1,"",0
GO:0032341,aldosterone metabolic process,0/132,12/18842,0,0,-0.291049937025784,1,1,1,"",0
GO:0032342,aldosterone biosynthetic process,0/132,11/18842,0,0,-0.278651700375158,1,1,1,"",0
GO:0032352,positive regulation of hormone metabolic process,0/132,16/18842,0,0,-0.336111220420459,1,1,1,"",0
GO:0032354,response to follicle-stimulating hormone,0/132,14/18842,0,0,-0.314386558515355,1,1,1,"",0
GO:0032355,response to estradiol,0/132,108/18842,0,0,-0.875384124940929,1,1,1,"",0
GO:0032364,intracellular oxygen homeostasis,0/132,10/18842,0,0,-0.265676917587564,1,1,1,"",0
GO:0032365,intracellular lipid transport,0/132,56/18842,0,0,-0.629475600981219,1,1,1,"",0
GO:0032366,intracellular sterol transport,0/132,40/18842,0,0,-0.531777573647406,1,1,1,"",0
GO:0032367,intracellular cholesterol transport,0/132,40/18842,0,0,-0.531777573647406,1,1,1,"",0
GO:0032369,negative regulation of lipid transport,0/132,51/18842,0,0,-0.600637147477136,1,1,1,"",0
GO:0032372,negative regulation of sterol transport,0/132,34/18842,0,0,-0.490196489878786,1,1,1,"",0
GO:0032375,negative regulation of cholesterol transport,0/132,34/18842,0,0,-0.490196489878786,1,1,1,"",0
GO:0032377,regulation of intracellular lipid transport,0/132,12/18842,0,0,-0.291049937025784,1,1,1,"",0
GO:0032380,regulation of intracellular sterol transport,0/132,11/18842,0,0,-0.278651700375158,1,1,1,"",0
GO:0032383,regulation of intracellular cholesterol transport,0/132,11/18842,0,0,-0.278651700375158,1,1,1,"",0
GO:0032387,negative regulation of intracellular transport,0/132,53/18842,0,0,-0.61233368108521,1,1,1,"",0
GO:0032388,positive regulation of intracellular transport,0/132,143/18842,0,0,-1.00823292232371,1,1,1,"",0
GO:0032400,melanosome localization,0/132,23/18842,0,0,-0.403058137312115,1,1,1,"",0
GO:0032401,establishment of melanosome localization,0/132,20/18842,0,0,-0.375823696578768,1,1,1,"",0
GO:0032402,melanosome transport,0/132,19/18842,0,0,-0.366297897596641,1,1,1,"",0
GO:0032411,positive regulation of transporter activity,0/132,33/18842,0,0,-0.482921080155088,1,1,1,"",0
GO:0032414,positive regulation of ion transmembrane transporter activity,0/132,30/18842,0,0,-0.460410467649609,1,1,1,"",0
GO:0032418,lysosome localization,0/132,81/18842,0,0,-0.757559178371426,1,1,1,"",0
GO:0032465,regulation of cytokinesis,0/132,97/18842,0,0,-0.829364021520063,1,1,1,"",0
GO:0032467,positive regulation of cytokinesis,0/132,50/18842,0,0,-0.594703571845774,1,1,1,"",0
GO:0032480,negative regulation of type I interferon production,0/132,50/18842,0,0,-0.594703571845774,1,1,1,"",0
GO:0032481,positive regulation of type I interferon production,0/132,80/18842,0,0,-0.752848300446955,1,1,1,"",0
GO:0032482,Rab protein signal transduction,0/132,23/18842,0,0,-0.403058137312115,1,1,1,"",0
GO:0032486,Rap protein signal transduction,0/132,18/18842,0,0,-0.356518722862875,1,1,1,"",0
GO:0032488,Cdc42 protein signal transduction,0/132,15/18842,0,0,-0.325429646814657,1,1,1,"",0
GO:0032489,regulation of Cdc42 protein signal transduction,0/132,12/18842,0,0,-0.291049937025784,1,1,1,"",0
GO:0032490,detection of molecule of bacterial origin,0/132,13/18842,0,0,-0.302942423276413,1,1,1,"",0
GO:0032493,response to bacterial lipoprotein,0/132,11/18842,0,0,-0.278651700375158,1,1,1,"",0
GO:0032495,response to muramyl dipeptide,0/132,17/18842,0,0,-0.346464717820737,1,1,1,"",0
GO:0032506,cytokinetic process,0/132,53/18842,0,0,-0.61233368108521,1,1,1,"",0
GO:0032507,maintenance of protein location in cell,0/132,47/18842,0,0,-0.576540486956794,1,1,1,"",0
GO:0032509,endosome transport via multivesicular body sorting pathway,0/132,44/18842,0,0,-0.557792360956695,1,1,1,"",0
GO:0032510,endosome to lysosome transport via multivesicular body sorting pathway,0/132,19/18842,0,0,-0.366297897596641,1,1,1,"",0
GO:0032511,late endosome to vacuole transport via multivesicular body sorting pathway,0/132,28/18842,0,0,-0.444775127108293,1,1,1,"",0
GO:0032527,protein exit from endoplasmic reticulum,0/132,48/18842,0,0,-0.582657114924422,1,1,1,"",0
GO:0032528,microvillus organization,0/132,21/18842,0,0,-0.385114922134588,1,1,1,"",0
GO:0032530,regulation of microvillus organization,0/132,16/18842,0,0,-0.336111220420459,1,1,1,"",0
GO:0032543,mitochondrial translation,0/132,130/18842,0,0,-0.960978382938057,1,1,1,"",0
GO:0032570,response to progesterone,0/132,31/18842,0,0,-0.468033513537355,1,1,1,"",0
GO:0032604,granulocyte macrophage colony-stimulating factor production,0/132,16/18842,0,0,-0.336111220420459,1,1,1,"",0
GO:0032607,interferon-alpha production,0/132,30/18842,0,0,-0.460410467649609,1,1,1,"",0
GO:0032608,interferon-beta production,0/132,58/18842,0,0,-0.640651730579912,1,1,1,"",0
GO:0032610,interleukin-1 alpha production,0/132,12/18842,0,0,-0.291049937025784,1,1,1,"",0
GO:0032616,interleukin-13 production,0/132,26/18842,0,0,-0.428573257866855,1,1,1,"",0
GO:0032620,interleukin-17 production,0/132,47/18842,0,0,-0.576540486956794,1,1,1,"",0
GO:0032621,interleukin-18 production,0/132,13/18842,0,0,-0.302942423276413,1,1,1,"",0
GO:0032623,interleukin-2 production,0/132,64/18842,0,0,-0.673081054207394,1,1,1,"",0
GO:0032627,interleukin-23 production,0/132,10/18842,0,0,-0.265676917587564,1,1,1,"",0
GO:0032634,interleukin-5 production,0/132,19/18842,0,0,-0.366297897596641,1,1,1,"",0
GO:0032645,regulation of granulocyte macrophage colony-stimulating factor production,0/132,16/18842,0,0,-0.336111220420459,1,1,1,"",0
GO:0032647,regulation of interferon-alpha production,0/132,30/18842,0,0,-0.460410467649609,1,1,1,"",0
GO:0032648,regulation of interferon-beta production,0/132,58/18842,0,0,-0.640651730579912,1,1,1,"",0
GO:0032650,regulation of interleukin-1 alpha production,0/132,12/18842,0,0,-0.291049937025784,1,1,1,"",0
GO:0032656,regulation of interleukin-13 production,0/132,26/18842,0,0,-0.428573257866855,1,1,1,"",0
GO:0032660,regulation of interleukin-17 production,0/132,47/18842,0,0,-0.576540486956794,1,1,1,"",0
GO:0032661,regulation of interleukin-18 production,0/132,13/18842,0,0,-0.302942423276413,1,1,1,"",0
GO:0032663,regulation of interleukin-2 production,0/132,64/18842,0,0,-0.673081054207394,1,1,1,"",0
GO:0032667,regulation of interleukin-23 production,0/132,10/18842,0,0,-0.265676917587564,1,1,1,"",0
GO:0032674,regulation of interleukin-5 production,0/132,19/18842,0,0,-0.366297897596641,1,1,1,"",0
GO:0032682,negative regulation of chemokine production,0/132,31/18842,0,0,-0.468033513537355,1,1,1,"",0
GO:0032688,negative regulation of interferon-beta production,0/132,13/18842,0,0,-0.302942423276413,1,1,1,"",0
GO:0032691,negative regulation of interleukin-1 beta production,0/132,47/18842,0,0,-0.576540486956794,1,1,1,"",0
GO:0032692,negative regulation of interleukin-1 production,0/132,56/18842,0,0,-0.629475600981219,1,1,1,"",0
GO:0032695,negative regulation of interleukin-12 production,0/132,15/18842,0,0,-0.325429646814657,1,1,1,"",0
GO:0032700,negative regulation of interleukin-17 production,0/132,22/18842,0,0,-0.39418816182791,1,1,1,"",0
GO:0032703,negative regulation of interleukin-2 production,0/132,24/18842,0,0,-0.411737985562741,1,1,1,"",0
GO:0032715,negative regulation of interleukin-6 production,0/132,60/18842,0,0,-0.651638527628289,1,1,1,"",0
GO:0032717,negative regulation of interleukin-8 production,0/132,37/18842,0,0,-0.511406495482523,1,1,1,"",0
GO:0032725,positive regulation of granulocyte macrophage colony-stimulating factor production,0/132,14/18842,0,0,-0.314386558515355,1,1,1,"",0
GO:0032727,positive regulation of interferon-alpha production,0/132,25/18842,0,0,-0.420239487852281,1,1,1,"",0
GO:0032728,positive regulation of interferon-beta production,0/132,42/18842,0,0,-0.544938845356922,1,1,1,"",0
GO:0032729,positive regulation of type II interferon production,0/132,76/18842,0,0,-0.73370754781504,1,1,1,"",0
GO:0032733,positive regulation of interleukin-10 production,0/132,39/18842,0,0,-0.525074318209442,1,1,1,"",0
GO:0032736,positive regulation of interleukin-13 production,0/132,20/18842,0,0,-0.375823696578768,1,1,1,"",0
GO:0032740,positive regulation of interleukin-17 production,0/132,27/18842,0,0,-0.436748897537163,1,1,1,"",0
GO:0032743,positive regulation of interleukin-2 production,0/132,40/18842,0,0,-0.531777573647406,1,1,1,"",0
GO:0032753,positive regulation of interleukin-4 production,0/132,24/18842,0,0,-0.411737985562741,1,1,1,"",0
GO:0032754,positive regulation of interleukin-5 production,0/132,14/18842,0,0,-0.314386558515355,1,1,1,"",0
GO:0032780,negative regulation of ATP-dependent activity,0/132,13/18842,0,0,-0.302942423276413,1,1,1,"",0
GO:0032781,positive regulation of ATP-dependent activity,0/132,19/18842,0,0,-0.366297897596641,1,1,1,"",0
GO:0032782,bile acid secretion,0/132,11/18842,0,0,-0.278651700375158,1,1,1,"",0
GO:0032786,"positive regulation of DNA-templated transcription, elongation",0/132,62/18842,0,0,-0.66244541328332,1,1,1,"",0
GO:0032790,ribosome disassembly,0/132,46/18842,0,0,-0.570358928294299,1,1,1,"",0
GO:0032801,receptor catabolic process,0/132,30/18842,0,0,-0.460410467649609,1,1,1,"",0
GO:0032817,regulation of natural killer cell proliferation,0/132,12/18842,0,0,-0.291049937025784,1,1,1,"",0
GO:0032819,positive regulation of natural killer cell proliferation,0/132,10/18842,0,0,-0.265676917587564,1,1,1,"",0
GO:0032872,regulation of stress-activated MAPK cascade,0/132,32/18842,0,0,-0.47553516526091,1,1,1,"",0
GO:0032874,positive regulation of stress-activated MAPK cascade,0/132,18/18842,0,0,-0.356518722862875,1,1,1,"",0
GO:0032878,regulation of establishment or maintenance of cell polarity,0/132,24/18842,0,0,-0.411737985562741,1,1,1,"",0
GO:0032881,regulation of polysaccharide metabolic process,0/132,42/18842,0,0,-0.544938845356922,1,1,1,"",0
GO:0032885,regulation of polysaccharide biosynthetic process,0/132,38/18842,0,0,-0.518285100061389,1,1,1,"",0
GO:0032890,regulation of organic acid transport,0/132,62/18842,0,0,-0.66244541328332,1,1,1,"",0
GO:0032891,negative regulation of organic acid transport,0/132,21/18842,0,0,-0.385114922134588,1,1,1,"",0
GO:0032892,positive regulation of organic acid transport,0/132,35/18842,0,0,-0.497366243942809,1,1,1,"",0
GO:0032897,negative regulation of viral transcription,0/132,16/18842,0,0,-0.336111220420459,1,1,1,"",0
GO:0032905,transforming growth factor beta1 production,0/132,16/18842,0,0,-0.336111220420459,1,1,1,"",0
GO:0032908,regulation of transforming growth factor beta1 production,0/132,12/18842,0,0,-0.291049937025784,1,1,1,"",0
GO:0032922,circadian regulation of gene expression,0/132,65/18842,0,0,-0.678337180323899,1,1,1,"",0
GO:0032926,negative regulation of activin receptor signaling pathway,0/132,19/18842,0,0,-0.366297897596641,1,1,1,"",0
GO:0032928,regulation of superoxide anion generation,0/132,21/18842,0,0,-0.385114922134588,1,1,1,"",0
GO:0032930,positive regulation of superoxide anion generation,0/132,20/18842,0,0,-0.375823696578768,1,1,1,"",0
GO:0032933,SREBP signaling pathway,0/132,14/18842,0,0,-0.314386558515355,1,1,1,"",0
GO:0032941,secretion by tissue,0/132,30/18842,0,0,-0.460410467649609,1,1,1,"",0
GO:0032957,inositol trisphosphate metabolic process,0/132,10/18842,0,0,-0.265676917587564,1,1,1,"",0
GO:0032964,collagen biosynthetic process,0/132,55/18842,0,0,-0.623813362930432,1,1,1,"",0
GO:0032965,regulation of collagen biosynthetic process,0/132,42/18842,0,0,-0.544938845356922,1,1,1,"",0
GO:0032966,negative regulation of collagen biosynthetic process,0/132,17/18842,0,0,-0.346464717820737,1,1,1,"",0
GO:0032967,positive regulation of collagen biosynthetic process,0/132,24/18842,0,0,-0.411737985562741,1,1,1,"",0
GO:0032968,positive regulation of transcription elongation by RNA polymerase II,0/132,55/18842,0,0,-0.623813362930432,1,1,1,"",0
GO:0032981,mitochondrial respiratory chain complex I assembly,0/132,40/18842,0,0,-0.531777573647406,1,1,1,"",0
GO:0032984,protein-containing complex disassembly,0/132,248/18842,0,0,-1.33150092885587,1,1,1,"",0
GO:0032986,protein-DNA complex disassembly,0/132,20/18842,0,0,-0.375823696578768,1,1,1,"",0
GO:0033003,regulation of mast cell activation,0/132,18/18842,0,0,-0.356518722862875,1,1,1,"",0
GO:0033013,tetrapyrrole metabolic process,0/132,61/18842,0,0,-0.65706390104955,1,1,1,"",0
GO:0033014,tetrapyrrole biosynthetic process,0/132,32/18842,0,0,-0.47553516526091,1,1,1,"",0
GO:0033015,tetrapyrrole catabolic process,0/132,16/18842,0,0,-0.336111220420459,1,1,1,"",0
GO:0033028,myeloid cell apoptotic process,0/132,26/18842,0,0,-0.428573257866855,1,1,1,"",0
GO:0033032,regulation of myeloid cell apoptotic process,0/132,21/18842,0,0,-0.385114922134588,1,1,1,"",0
GO:0033033,negative regulation of myeloid cell apoptotic process,0/132,11/18842,0,0,-0.278651700375158,1,1,1,"",0
GO:0033045,regulation of sister chromatid segregation,0/132,115/18842,0,0,-0.90347650167041,1,1,1,"",0
GO:0033046,negative regulation of sister chromatid segregation,0/132,58/18842,0,0,-0.640651730579912,1,1,1,"",0
GO:0033047,regulation of mitotic sister chromatid segregation,0/132,65/18842,0,0,-0.678337180323899,1,1,1,"",0
GO:0033048,negative regulation of mitotic sister chromatid segregation,0/132,58/18842,0,0,-0.640651730579912,1,1,1,"",0
GO:0033079,immature T cell proliferation,0/132,11/18842,0,0,-0.278651700375158,1,1,1,"",0
GO:0033108,mitochondrial respiratory chain complex assembly,0/132,98/18842,0,0,-0.833650368902926,1,1,1,"",0
GO:0033119,negative regulation of RNA splicing,0/132,33/18842,0,0,-0.482921080155088,1,1,1,"",0
GO:0033123,positive regulation of purine nucleotide catabolic process,0/132,21/18842,0,0,-0.385114922134588,1,1,1,"",0
GO:0033135,regulation of peptidyl-serine phosphorylation,0/132,30/18842,0,0,-0.460410467649609,1,1,1,"",0
GO:0033138,positive regulation of peptidyl-serine phosphorylation,0/132,22/18842,0,0,-0.39418816182791,1,1,1,"",0
GO:0033145,positive regulation of intracellular steroid hormone receptor signaling pathway,0/132,13/18842,0,0,-0.302942423276413,1,1,1,"",0
GO:0033146,regulation of intracellular estrogen receptor signaling pathway,0/132,31/18842,0,0,-0.468033513537355,1,1,1,"",0
GO:0033147,negative regulation of intracellular estrogen receptor signaling pathway,0/132,13/18842,0,0,-0.302942423276413,1,1,1,"",0
GO:0033148,positive regulation of intracellular estrogen receptor signaling pathway,0/132,10/18842,0,0,-0.265676917587564,1,1,1,"",0
GO:0033151,V(D)J recombination,0/132,15/18842,0,0,-0.325429646814657,1,1,1,"",0
GO:0033152,immunoglobulin V(D)J recombination,0/132,10/18842,0,0,-0.265676917587564,1,1,1,"",0
GO:0033157,regulation of intracellular protein transport,0/132,134/18842,0,0,-0.975754954648704,1,1,1,"",0
GO:0033189,response to vitamin A,0/132,13/18842,0,0,-0.302942423276413,1,1,1,"",0
GO:0033194,response to hydroperoxide,0/132,15/18842,0,0,-0.325429646814657,1,1,1,"",0
GO:0033233,regulation of protein sumoylation,0/132,22/18842,0,0,-0.39418816182791,1,1,1,"",0
GO:0033235,positive regulation of protein sumoylation,0/132,13/18842,0,0,-0.302942423276413,1,1,1,"",0
GO:0033238,regulation of amine metabolic process,0/132,18/18842,0,0,-0.356518722862875,1,1,1,"",0
GO:0033260,nuclear DNA replication,0/132,36/18842,0,0,-0.504434847677225,1,1,1,"",0
GO:0033262,regulation of nuclear cell cycle DNA replication,0/132,12/18842,0,0,-0.291049937025784,1,1,1,"",0
GO:0033273,response to vitamin,0/132,85/18842,0,0,-0.776121689298554,1,1,1,"",0
GO:0033275,actin-myosin filament sliding,0/132,19/18842,0,0,-0.366297897596641,1,1,1,"",0
GO:0033280,response to vitamin D,0/132,36/18842,0,0,-0.504434847677225,1,1,1,"",0
GO:0033313,meiotic cell cycle checkpoint signaling,0/132,11/18842,0,0,-0.278651700375158,1,1,1,"",0
GO:0033314,mitotic DNA replication checkpoint signaling,0/132,13/18842,0,0,-0.302942423276413,1,1,1,"",0
GO:0033489,cholesterol biosynthetic process via desmosterol,0/132,20/18842,0,0,-0.375823696578768,1,1,1,"",0
GO:0033490,cholesterol biosynthetic process via lathosterol,0/132,19/18842,0,0,-0.366297897596641,1,1,1,"",0
GO:0033539,fatty acid beta-oxidation using acyl-CoA dehydrogenase,0/132,12/18842,0,0,-0.291049937025784,1,1,1,"",0
GO:0033540,fatty acid beta-oxidation using acyl-CoA oxidase,0/132,14/18842,0,0,-0.314386558515355,1,1,1,"",0
GO:0033555,multicellular organismal response to stress,0/132,48/18842,0,0,-0.582657114924422,1,1,1,"",0
GO:0033559,unsaturated fatty acid metabolic process,0/132,114/18842,0,0,-0.899515749934523,1,1,1,"",0
GO:0033572,transferrin transport,0/132,11/18842,0,0,-0.278651700375158,1,1,1,"",0
GO:0033574,response to testosterone,0/132,39/18842,0,0,-0.525074318209442,1,1,1,"",0
GO:0033604,negative regulation of catecholamine secretion,0/132,12/18842,0,0,-0.291049937025784,1,1,1,"",0
GO:0033605,positive regulation of catecholamine secretion,0/132,11/18842,0,0,-0.278651700375158,1,1,1,"",0
GO:0033617,mitochondrial respiratory chain complex IV assembly,0/132,29/18842,0,0,-0.452659894469733,1,1,1,"",0
GO:0033619,membrane protein proteolysis,0/132,58/18842,0,0,-0.640651730579912,1,1,1,"",0
GO:0033622,integrin activation,0/132,26/18842,0,0,-0.428573257866855,1,1,1,"",0
GO:0033623,regulation of integrin activation,0/132,17/18842,0,0,-0.346464717820737,1,1,1,"",0
GO:0033625,positive regulation of integrin activation,0/132,11/18842,0,0,-0.278651700375158,1,1,1,"",0
GO:0033627,cell adhesion mediated by integrin,0/132,80/18842,0,0,-0.752848300446955,1,1,1,"",0
GO:0033628,regulation of cell adhesion mediated by integrin,0/132,45/18842,0,0,-0.564110304289483,1,1,1,"",0
GO:0033629,negative regulation of cell adhesion mediated by integrin,0/132,15/18842,0,0,-0.325429646814657,1,1,1,"",0
GO:0033630,positive regulation of cell adhesion mediated by integrin,0/132,21/18842,0,0,-0.385114922134588,1,1,1,"",0
GO:0033631,cell-cell adhesion mediated by integrin,0/132,29/18842,0,0,-0.452659894469733,1,1,1,"",0
GO:0033632,regulation of cell-cell adhesion mediated by integrin,0/132,12/18842,0,0,-0.291049937025784,1,1,1,"",0
GO:0033687,osteoblast proliferation,0/132,26/18842,0,0,-0.428573257866855,1,1,1,"",0
GO:0033688,regulation of osteoblast proliferation,0/132,23/18842,0,0,-0.403058137312115,1,1,1,"",0
GO:0033689,negative regulation of osteoblast proliferation,0/132,11/18842,0,0,-0.278651700375158,1,1,1,"",0
GO:0033700,phospholipid efflux,0/132,14/18842,0,0,-0.314386558515355,1,1,1,"",0
GO:0033750,ribosome localization,0/132,13/18842,0,0,-0.302942423276413,1,1,1,"",0
GO:0033865,nucleoside bisphosphate metabolic process,0/132,17/18842,0,0,-0.346464717820737,1,1,1,"",0
GO:0033875,ribonucleoside bisphosphate metabolic process,0/132,17/18842,0,0,-0.346464717820737,1,1,1,"",0
GO:0033962,P-body assembly,0/132,21/18842,0,0,-0.385114922134588,1,1,1,"",0
GO:0034032,purine nucleoside bisphosphate metabolic process,0/132,17/18842,0,0,-0.346464717820737,1,1,1,"",0
GO:0034035,purine ribonucleoside bisphosphate metabolic process,0/132,17/18842,0,0,-0.346464717820737,1,1,1,"",0
GO:0034058,endosomal vesicle fusion,0/132,15/18842,0,0,-0.325429646814657,1,1,1,"",0
GO:0034063,stress granule assembly,0/132,35/18842,0,0,-0.497366243942809,1,1,1,"",0
GO:0034067,protein localization to Golgi apparatus,0/132,28/18842,0,0,-0.444775127108293,1,1,1,"",0
GO:0034080,CENP-A containing chromatin assembly,0/132,11/18842,0,0,-0.278651700375158,1,1,1,"",0
GO:0034085,establishment of sister chromatid cohesion,0/132,14/18842,0,0,-0.314386558515355,1,1,1,"",0
GO:0034086,maintenance of sister chromatid cohesion,0/132,13/18842,0,0,-0.302942423276413,1,1,1,"",0
GO:0034088,maintenance of mitotic sister chromatid cohesion,0/132,13/18842,0,0,-0.302942423276413,1,1,1,"",0
GO:0034105,positive regulation of tissue remodeling,0/132,23/18842,0,0,-0.403058137312115,1,1,1,"",0
GO:0034109,homotypic cell-cell adhesion,0/132,92/18842,0,0,-0.807598166481001,1,1,1,"",0
GO:0034110,regulation of homotypic cell-cell adhesion,0/132,39/18842,0,0,-0.525074318209442,1,1,1,"",0
GO:0034111,negative regulation of homotypic cell-cell adhesion,0/132,12/18842,0,0,-0.291049937025784,1,1,1,"",0
GO:0034112,positive regulation of homotypic cell-cell adhesion,0/132,19/18842,0,0,-0.366297897596641,1,1,1,"",0
GO:0034115,negative regulation of heterotypic cell-cell adhesion,0/132,10/18842,0,0,-0.265676917587564,1,1,1,"",0
GO:0034134,toll-like receptor 2 signaling pathway,0/132,17/18842,0,0,-0.346464717820737,1,1,1,"",0
GO:0034135,regulation of toll-like receptor 2 signaling pathway,0/132,12/18842,0,0,-0.291049937025784,1,1,1,"",0
GO:0034138,toll-like receptor 3 signaling pathway,0/132,23/18842,0,0,-0.403058137312115,1,1,1,"",0
GO:0034142,toll-like receptor 4 signaling pathway,0/132,63/18842,0,0,-0.667784124821285,1,1,1,"",0
GO:0034143,regulation of toll-like receptor 4 signaling pathway,0/132,37/18842,0,0,-0.511406495482523,1,1,1,"",0
GO:0034144,negative regulation of toll-like receptor 4 signaling pathway,0/132,21/18842,0,0,-0.385114922134588,1,1,1,"",0
GO:0034145,positive regulation of toll-like receptor 4 signaling pathway,0/132,15/18842,0,0,-0.325429646814657,1,1,1,"",0
GO:0034154,toll-like receptor 7 signaling pathway,0/132,11/18842,0,0,-0.278651700375158,1,1,1,"",0
GO:0034162,toll-like receptor 9 signaling pathway,0/132,29/18842,0,0,-0.452659894469733,1,1,1,"",0
GO:0034163,regulation of toll-like receptor 9 signaling pathway,0/132,18/18842,0,0,-0.356518722862875,1,1,1,"",0
GO:0034165,positive regulation of toll-like receptor 9 signaling pathway,0/132,11/18842,0,0,-0.278651700375158,1,1,1,"",0
GO:0034198,cellular response to amino acid starvation,0/132,53/18842,0,0,-0.61233368108521,1,1,1,"",0
GO:0034204,lipid translocation,0/132,60/18842,0,0,-0.651638527628289,1,1,1,"",0
GO:0034205,amyloid-beta formation,0/132,59/18842,0,0,-0.646168188121849,1,1,1,"",0
GO:0034214,protein hexamerization,0/132,12/18842,0,0,-0.291049937025784,1,1,1,"",0
GO:0034242,negative regulation of syncytium formation by plasma membrane fusion,0/132,49/18842,0,0,-0.588710836167025,1,1,1,"",0
GO:0034243,regulation of transcription elongation by RNA polymerase II,0/132,92/18842,0,0,-0.807598166481001,1,1,1,"",0
GO:0034244,negative regulation of transcription elongation by RNA polymerase II,0/132,18/18842,0,0,-0.356518722862875,1,1,1,"",0
GO:0034260,negative regulation of GTPase activity,0/132,16/18842,0,0,-0.336111220420459,1,1,1,"",0
GO:0034310,primary alcohol catabolic process,0/132,17/18842,0,0,-0.346464717820737,1,1,1,"",0
GO:0034311,diol metabolic process,0/132,33/18842,0,0,-0.482921080155088,1,1,1,"",0
GO:0034312,diol biosynthetic process,0/132,24/18842,0,0,-0.411737985562741,1,1,1,"",0
GO:0034314,Arp2/3 complex-mediated actin nucleation,0/132,46/18842,0,0,-0.570358928294299,1,1,1,"",0
GO:0034315,regulation of Arp2/3 complex-mediated actin nucleation,0/132,31/18842,0,0,-0.468033513537355,1,1,1,"",0
GO:0034331,cell junction maintenance,0/132,57/18842,0,0,-0.635087953146595,1,1,1,"",0
GO:0034332,adherens junction organization,0/132,55/18842,0,0,-0.623813362930432,1,1,1,"",0
GO:0034333,adherens junction assembly,0/132,14/18842,0,0,-0.314386558515355,1,1,1,"",0
GO:0034340,response to type I interferon,0/132,122/18842,0,0,-0.930741416549774,1,1,1,"",0
GO:0034342,response to type III interferon,0/132,10/18842,0,0,-0.265676917587564,1,1,1,"",0
GO:0034349,glial cell apoptotic process,0/132,15/18842,0,0,-0.325429646814657,1,1,1,"",0
GO:0034350,regulation of glial cell apoptotic process,0/132,11/18842,0,0,-0.278651700375158,1,1,1,"",0
GO:0034351,negative regulation of glial cell apoptotic process,0/132,10/18842,0,0,-0.265676917587564,1,1,1,"",0
GO:0034354,'de novo' NAD+ biosynthetic process from L-tryptophan,0/132,10/18842,0,0,-0.265676917587564,1,1,1,"",0
GO:0034355,NAD+ biosynthetic process via the salvage pathway,0/132,10/18842,0,0,-0.265676917587564,1,1,1,"",0
GO:0034367,protein-containing complex remodeling,0/132,40/18842,0,0,-0.531777573647406,1,1,1,"",0
GO:0034368,protein-lipid complex remodeling,0/132,39/18842,0,0,-0.525074318209442,1,1,1,"",0
GO:0034369,plasma lipoprotein particle remodeling,0/132,39/18842,0,0,-0.525074318209442,1,1,1,"",0
GO:0034370,triglyceride-rich lipoprotein particle remodeling,0/132,16/18842,0,0,-0.336111220420459,1,1,1,"",0
GO:0034372,very-low-density lipoprotein particle remodeling,0/132,15/18842,0,0,-0.325429646814657,1,1,1,"",0
GO:0034374,low-density lipoprotein particle remodeling,0/132,14/18842,0,0,-0.314386558515355,1,1,1,"",0
GO:0034375,high-density lipoprotein particle remodeling,0/132,21/18842,0,0,-0.385114922134588,1,1,1,"",0
GO:0034377,plasma lipoprotein particle assembly,0/132,25/18842,0,0,-0.420239487852281,1,1,1,"",0
GO:0034379,very-low-density lipoprotein particle assembly,0/132,11/18842,0,0,-0.278651700375158,1,1,1,"",0
GO:0034380,high-density lipoprotein particle assembly,0/132,13/18842,0,0,-0.302942423276413,1,1,1,"",0
GO:0034384,high-density lipoprotein particle clearance,0/132,18/18842,0,0,-0.356518722862875,1,1,1,"",0
GO:0034389,lipid droplet organization,0/132,39/18842,0,0,-0.525074318209442,1,1,1,"",0
GO:0034392,negative regulation of smooth muscle cell apoptotic process,0/132,18/18842,0,0,-0.356518722862875,1,1,1,"",0
GO:0034440,lipid oxidation,0/132,104/18842,0,0,-0.858928669549718,1,1,1,"",0
GO:0034453,microtubule anchoring,0/132,25/18842,0,0,-0.420239487852281,1,1,1,"",0
GO:0034454,microtubule anchoring at centrosome,0/132,12/18842,0,0,-0.291049937025784,1,1,1,"",0
GO:0034472,snRNA 3'-end processing,0/132,24/18842,0,0,-0.411737985562741,1,1,1,"",0
GO:0034497,protein localization to phagophore assembly site,0/132,16/18842,0,0,-0.336111220420459,1,1,1,"",0
GO:0034498,early endosome to Golgi transport,0/132,12/18842,0,0,-0.291049937025784,1,1,1,"",0
GO:0034501,protein localization to kinetochore,0/132,15/18842,0,0,-0.325429646814657,1,1,1,"",0
GO:0034502,protein localization to chromosome,0/132,112/18842,0,0,-0.891542743016415,1,1,1,"",0
GO:0034505,tooth mineralization,0/132,24/18842,0,0,-0.411737985562741,1,1,1,"",0
GO:0034551,mitochondrial respiratory chain complex III assembly,0/132,14/18842,0,0,-0.314386558515355,1,1,1,"",0
GO:0034587,piRNA processing,0/132,20/18842,0,0,-0.375823696578768,1,1,1,"",0
GO:0034638,phosphatidylcholine catabolic process,0/132,16/18842,0,0,-0.336111220420459,1,1,1,"",0
GO:0034643,"establishment of mitochondrion localization, microtubule-mediated",0/132,26/18842,0,0,-0.428573257866855,1,1,1,"",0
GO:0034644,cellular response to UV,0/132,79/18842,0,0,-0.748108265347505,1,1,1,"",0
GO:0034656,nucleobase-containing small molecule catabolic process,0/132,16/18842,0,0,-0.336111220420459,1,1,1,"",0
GO:0034694,response to prostaglandin,0/132,31/18842,0,0,-0.468033513537355,1,1,1,"",0
GO:0034695,response to prostaglandin E,0/132,22/18842,0,0,-0.39418816182791,1,1,1,"",0
GO:0034698,response to gonadotropin,0/132,24/18842,0,0,-0.411737985562741,1,1,1,"",0
GO:0034727,piecemeal microautophagy of the nucleus,0/132,18/18842,0,0,-0.356518722862875,1,1,1,"",0
GO:0034728,nucleosome organization,0/132,130/18842,0,0,-0.960978382938057,1,1,1,"",0
GO:0034755,iron ion transmembrane transport,0/132,22/18842,0,0,-0.39418816182791,1,1,1,"",0
GO:0034776,response to histamine,0/132,10/18842,0,0,-0.265676917587564,1,1,1,"",0
GO:0034975,protein folding in endoplasmic reticulum,0/132,12/18842,0,0,-0.291049937025784,1,1,1,"",0
GO:0035020,regulation of Rac protein signal transduction,0/132,37/18842,0,0,-0.511406495482523,1,1,1,"",0
GO:0035022,positive regulation of Rac protein signal transduction,0/132,24/18842,0,0,-0.411737985562741,1,1,1,"",0
GO:0035023,regulation of Rho protein signal transduction,0/132,90/18842,0,0,-0.798729094242601,1,1,1,"",0
GO:0035024,negative regulation of Rho protein signal transduction,0/132,21/18842,0,0,-0.385114922134588,1,1,1,"",0
GO:0035025,positive regulation of Rho protein signal transduction,0/132,30/18842,0,0,-0.460410467649609,1,1,1,"",0
GO:0035036,sperm-egg recognition,0/132,35/18842,0,0,-0.497366243942809,1,1,1,"",0
GO:0035089,establishment of apical/basal cell polarity,0/132,13/18842,0,0,-0.302942423276413,1,1,1,"",0
GO:0035092,sperm DNA condensation,0/132,17/18842,0,0,-0.346464717820737,1,1,1,"",0
GO:0035094,response to nicotine,0/132,47/18842,0,0,-0.576540486956794,1,1,1,"",0
GO:0035115,embryonic forelimb morphogenesis,0/132,10/18842,0,0,-0.265676917587564,1,1,1,"",0
GO:0035136,forelimb morphogenesis,0/132,12/18842,0,0,-0.291049937025784,1,1,1,"",0
GO:0035137,hindlimb morphogenesis,0/132,10/18842,0,0,-0.265676917587564,1,1,1,"",0
GO:0035150,regulation of tube size,0/132,129/18842,0,0,-0.957249598782907,1,1,1,"",0
GO:0035162,embryonic hemopoiesis,0/132,17/18842,0,0,-0.346464717820737,1,1,1,"",0
GO:0035196,miRNA processing,0/132,45/18842,0,0,-0.564110304289483,1,1,1,"",0
GO:0035235,ionotropic glutamate receptor signaling pathway,0/132,30/18842,0,0,-0.460410467649609,1,1,1,"",0
GO:0035249,"synaptic transmission, glutamatergic",0/132,92/18842,0,0,-0.807598166481001,1,1,1,"",0
GO:0035269,protein O-linked glycosylation via mannose,0/132,17/18842,0,0,-0.346464717820737,1,1,1,"",0
GO:0035272,exocrine system development,0/132,16/18842,0,0,-0.336111220420459,1,1,1,"",0
GO:0035278,miRNA-mediated gene silencing by inhibition of translation,0/132,99/18842,0,0,-0.837915243675314,1,1,1,"",0
GO:0035279,miRNA-mediated gene silencing by mRNA destabilization,0/132,103/18842,0,0,-0.854766422117202,1,1,1,"",0
GO:0035282,segmentation,0/132,52/18842,0,0,-0.60651329946757,1,1,1,"",0
GO:0035296,regulation of tube diameter,0/132,129/18842,0,0,-0.957249598782907,1,1,1,"",0
GO:0035303,regulation of dephosphorylation,0/132,20/18842,0,0,-0.375823696578768,1,1,1,"",0
GO:0035329,hippo signaling,0/132,62/18842,0,0,-0.66244541328332,1,1,1,"",0
GO:0035330,regulation of hippo signaling,0/132,46/18842,0,0,-0.570358928294299,1,1,1,"",0
GO:0035331,negative regulation of hippo signaling,0/132,25/18842,0,0,-0.420239487852281,1,1,1,"",0
GO:0035332,positive regulation of hippo signaling,0/132,17/18842,0,0,-0.346464717820737,1,1,1,"",0
GO:0035335,peptidyl-tyrosine dephosphorylation,0/132,20/18842,0,0,-0.375823696578768,1,1,1,"",0
GO:0035336,long-chain fatty-acyl-CoA metabolic process,0/132,25/18842,0,0,-0.420239487852281,1,1,1,"",0
GO:0035338,long-chain fatty-acyl-CoA biosynthetic process,0/132,19/18842,0,0,-0.366297897596641,1,1,1,"",0
GO:0035356,intracellular triglyceride homeostasis,0/132,10/18842,0,0,-0.265676917587564,1,1,1,"",0
GO:0035358,regulation of peroxisome proliferator activated receptor signaling pathway,0/132,20/18842,0,0,-0.375823696578768,1,1,1,"",0
GO:0035360,positive regulation of peroxisome proliferator activated receptor signaling pathway,0/132,10/18842,0,0,-0.265676917587564,1,1,1,"",0
GO:0035372,protein localization to microtubule,0/132,18/18842,0,0,-0.356518722862875,1,1,1,"",0
GO:0035418,protein localization to synapse,0/132,85/18842,0,0,-0.776121689298554,1,1,1,"",0
GO:0035425,autocrine signaling,0/132,10/18842,0,0,-0.265676917587564,1,1,1,"",0
GO:0035437,maintenance of protein localization in endoplasmic reticulum,0/132,11/18842,0,0,-0.278651700375158,1,1,1,"",0
GO:0035455,response to interferon-alpha,0/132,20/18842,0,0,-0.375823696578768,1,1,1,"",0
GO:0035456,response to interferon-beta,0/132,34/18842,0,0,-0.490196489878786,1,1,1,"",0
GO:0035457,cellular response to interferon-alpha,0/132,10/18842,0,0,-0.265676917587564,1,1,1,"",0
GO:0035458,cellular response to interferon-beta,0/132,27/18842,0,0,-0.436748897537163,1,1,1,"",0
GO:0035493,SNARE complex assembly,0/132,24/18842,0,0,-0.411737985562741,1,1,1,"",0
GO:0035524,proline transmembrane transport,0/132,11/18842,0,0,-0.278651700375158,1,1,1,"",0
GO:0035542,regulation of SNARE complex assembly,0/132,15/18842,0,0,-0.325429646814657,1,1,1,"",0
GO:0035567,non-canonical Wnt signaling pathway,0/132,63/18842,0,0,-0.667784124821285,1,1,1,"",0
GO:0035588,G protein-coupled purinergic receptor signaling pathway,0/132,10/18842,0,0,-0.265676917587564,1,1,1,"",0
GO:0035589,G protein-coupled purinergic nucleotide receptor signaling pathway,0/132,14/18842,0,0,-0.314386558515355,1,1,1,"",0
GO:0035590,purinergic nucleotide receptor signaling pathway,0/132,30/18842,0,0,-0.460410467649609,1,1,1,"",0
GO:0035601,protein deacylation,0/132,35/18842,0,0,-0.497366243942809,1,1,1,"",0
GO:0035627,ceramide transport,0/132,17/18842,0,0,-0.346464717820737,1,1,1,"",0
GO:0035630,bone mineralization involved in bone maturation,0/132,12/18842,0,0,-0.291049937025784,1,1,1,"",0
GO:0035634,response to stilbenoid,0/132,10/18842,0,0,-0.265676917587564,1,1,1,"",0
GO:0035640,exploration behavior,0/132,17/18842,0,0,-0.346464717820737,1,1,1,"",0
GO:0035646,endosome to melanosome transport,0/132,11/18842,0,0,-0.278651700375158,1,1,1,"",0
GO:0035655,interleukin-18-mediated signaling pathway,0/132,10/18842,0,0,-0.265676917587564,1,1,1,"",0
GO:0035666,TRIF-dependent toll-like receptor signaling pathway,0/132,11/18842,0,0,-0.278651700375158,1,1,1,"",0
GO:0035672,oligopeptide transmembrane transport,0/132,16/18842,0,0,-0.336111220420459,1,1,1,"",0
GO:0035694,mitochondrial protein catabolic process,0/132,10/18842,0,0,-0.265676917587564,1,1,1,"",0
GO:0035720,intraciliary anterograde transport,0/132,23/18842,0,0,-0.403058137312115,1,1,1,"",0
GO:0035721,intraciliary retrograde transport,0/132,22/18842,0,0,-0.39418816182791,1,1,1,"",0
GO:0035723,interleukin-15-mediated signaling pathway,0/132,10/18842,0,0,-0.265676917587564,1,1,1,"",0
GO:0035725,sodium ion transmembrane transport,0/132,191/18842,0,0,-1.16672275787803,1,1,1,"",0
GO:0035739,"CD4-positive, alpha-beta T cell proliferation",0/132,12/18842,0,0,-0.291049937025784,1,1,1,"",0
GO:0035743,"CD4-positive, alpha-beta T cell cytokine production",0/132,18/18842,0,0,-0.356518722862875,1,1,1,"",0
GO:0035745,T-helper 2 cell cytokine production,0/132,12/18842,0,0,-0.291049937025784,1,1,1,"",0
GO:0035747,natural killer cell chemotaxis,0/132,10/18842,0,0,-0.265676917587564,1,1,1,"",0
GO:0035751,regulation of lysosomal lumen pH,0/132,31/18842,0,0,-0.468033513537355,1,1,1,"",0
GO:0035766,cell chemotaxis to fibroblast growth factor,0/132,10/18842,0,0,-0.265676917587564,1,1,1,"",0
GO:0035767,endothelial cell chemotaxis,0/132,33/18842,0,0,-0.482921080155088,1,1,1,"",0
GO:0035771,interleukin-4-mediated signaling pathway,0/132,13/18842,0,0,-0.302942423276413,1,1,1,"",0
GO:0035791,platelet-derived growth factor receptor-beta signaling pathway,0/132,14/18842,0,0,-0.314386558515355,1,1,1,"",0
GO:0035809,regulation of urine volume,0/132,16/18842,0,0,-0.336111220420459,1,1,1,"",0
GO:0035855,megakaryocyte development,0/132,13/18842,0,0,-0.302942423276413,1,1,1,"",0
GO:0035860,glial cell-derived neurotrophic factor receptor signaling pathway,0/132,14/18842,0,0,-0.314386558515355,1,1,1,"",0
GO:0035864,response to potassium ion,0/132,18/18842,0,0,-0.356518722862875,1,1,1,"",0
GO:0035865,cellular response to potassium ion,0/132,12/18842,0,0,-0.291049937025784,1,1,1,"",0
GO:0035871,protein K11-linked deubiquitination,0/132,11/18842,0,0,-0.278651700375158,1,1,1,"",0
GO:0035883,enteroendocrine cell differentiation,0/132,27/18842,0,0,-0.436748897537163,1,1,1,"",0
GO:0035886,vascular associated smooth muscle cell differentiation,0/132,31/18842,0,0,-0.468033513537355,1,1,1,"",0
GO:0035891,exit from host cell,0/132,29/18842,0,0,-0.452659894469733,1,1,1,"",0
GO:0035902,response to immobilization stress,0/132,23/18842,0,0,-0.403058137312115,1,1,1,"",0
GO:0035914,skeletal muscle cell differentiation,0/132,33/18842,0,0,-0.482921080155088,1,1,1,"",0
GO:0035973,aggrephagy,0/132,18/18842,0,0,-0.356518722862875,1,1,1,"",0
GO:0035994,response to muscle stretch,0/132,18/18842,0,0,-0.356518722862875,1,1,1,"",0
GO:0035999,tetrahydrofolate interconversion,0/132,10/18842,0,0,-0.265676917587564,1,1,1,"",0
GO:0036010,protein localization to endosome,0/132,27/18842,0,0,-0.436748897537163,1,1,1,"",0
GO:0036017,response to erythropoietin,0/132,10/18842,0,0,-0.265676917587564,1,1,1,"",0
GO:0036037,"CD8-positive, alpha-beta T cell activation",0/132,38/18842,0,0,-0.518285100061389,1,1,1,"",0
GO:0036075,replacement ossification,0/132,11/18842,0,0,-0.278651700375158,1,1,1,"",0
GO:0036092,phosphatidylinositol-3-phosphate biosynthetic process,0/132,23/18842,0,0,-0.403058137312115,1,1,1,"",0
GO:0036109,alpha-linolenic acid metabolic process,0/132,10/18842,0,0,-0.265676917587564,1,1,1,"",0
GO:0036119,response to platelet-derived growth factor,0/132,26/18842,0,0,-0.428573257866855,1,1,1,"",0
GO:0036120,cellular response to platelet-derived growth factor stimulus,0/132,23/18842,0,0,-0.403058137312115,1,1,1,"",0
GO:0036151,phosphatidylcholine acyl-chain remodeling,0/132,15/18842,0,0,-0.325429646814657,1,1,1,"",0
GO:0036152,phosphatidylethanolamine acyl-chain remodeling,0/132,12/18842,0,0,-0.291049937025784,1,1,1,"",0
GO:0036158,outer dynein arm assembly,0/132,21/18842,0,0,-0.385114922134588,1,1,1,"",0
GO:0036166,phenotypic switching,0/132,11/18842,0,0,-0.278651700375158,1,1,1,"",0
GO:0036196,zymosterol metabolic process,0/132,15/18842,0,0,-0.325429646814657,1,1,1,"",0
GO:0036197,zymosterol biosynthetic process,0/132,15/18842,0,0,-0.325429646814657,1,1,1,"",0
GO:0036230,granulocyte activation,0/132,50/18842,0,0,-0.594703571845774,1,1,1,"",0
GO:0036257,multivesicular body organization,0/132,33/18842,0,0,-0.482921080155088,1,1,1,"",0
GO:0036258,multivesicular body assembly,0/132,32/18842,0,0,-0.47553516526091,1,1,1,"",0
GO:0036260,RNA capping,0/132,18/18842,0,0,-0.356518722862875,1,1,1,"",0
GO:0036261,7-methylguanosine cap hypermethylation,0/132,10/18842,0,0,-0.265676917587564,1,1,1,"",0
GO:0036295,cellular response to increased oxygen levels,0/132,12/18842,0,0,-0.291049937025784,1,1,1,"",0
GO:0036296,response to increased oxygen levels,0/132,26/18842,0,0,-0.428573257866855,1,1,1,"",0
GO:0036297,interstrand cross-link repair,0/132,41/18842,0,0,-0.538398077299233,1,1,1,"",0
GO:0036302,atrioventricular canal development,0/132,12/18842,0,0,-0.291049937025784,1,1,1,"",0
GO:0036314,response to sterol,0/132,32/18842,0,0,-0.47553516526091,1,1,1,"",0
GO:0036315,cellular response to sterol,0/132,22/18842,0,0,-0.39418816182791,1,1,1,"",0
GO:0036336,dendritic cell migration,0/132,29/18842,0,0,-0.452659894469733,1,1,1,"",0
GO:0036337,Fas signaling pathway,0/132,12/18842,0,0,-0.291049937025784,1,1,1,"",0
GO:0036344,platelet morphogenesis,0/132,19/18842,0,0,-0.366297897596641,1,1,1,"",0
GO:0036376,sodium ion export across plasma membrane,0/132,21/18842,0,0,-0.385114922134588,1,1,1,"",0
GO:0036444,calcium import into the mitochondrion,0/132,16/18842,0,0,-0.336111220420459,1,1,1,"",0
GO:0036446,myofibroblast differentiation,0/132,13/18842,0,0,-0.302942423276413,1,1,1,"",0
GO:0036462,TRAIL-activated apoptotic signaling pathway,0/132,12/18842,0,0,-0.291049937025784,1,1,1,"",0
GO:0036480,neuron intrinsic apoptotic signaling pathway in response to oxidative stress,0/132,24/18842,0,0,-0.411737985562741,1,1,1,"",0
GO:0036481,intrinsic apoptotic signaling pathway in response to hydrogen peroxide,0/132,11/18842,0,0,-0.278651700375158,1,1,1,"",0
GO:0036490,regulation of translation in response to endoplasmic reticulum stress,0/132,10/18842,0,0,-0.265676917587564,1,1,1,"",0
GO:0036498,IRE1-mediated unfolded protein response,0/132,24/18842,0,0,-0.411737985562741,1,1,1,"",0
GO:0036499,PERK-mediated unfolded protein response,0/132,23/18842,0,0,-0.403058137312115,1,1,1,"",0
GO:0038003,G protein-coupled opioid receptor signaling pathway,0/132,13/18842,0,0,-0.302942423276413,1,1,1,"",0
GO:0038060,nitric oxide-cGMP-mediated signaling,0/132,11/18842,0,0,-0.278651700375158,1,1,1,"",0
GO:0038065,collagen-activated signaling pathway,0/132,10/18842,0,0,-0.265676917587564,1,1,1,"",0
GO:0038083,peptidyl-tyrosine autophosphorylation,0/132,11/18842,0,0,-0.278651700375158,1,1,1,"",0
GO:0038092,nodal signaling pathway,0/132,18/18842,0,0,-0.356518722862875,1,1,1,"",0
GO:0038094,Fc-gamma receptor signaling pathway,0/132,36/18842,0,0,-0.504434847677225,1,1,1,"",0
GO:0038096,Fc-gamma receptor signaling pathway involved in phagocytosis,0/132,25/18842,0,0,-0.420239487852281,1,1,1,"",0
GO:0038110,interleukin-2-mediated signaling pathway,0/132,10/18842,0,0,-0.265676917587564,1,1,1,"",0
GO:0038128,ERBB2 signaling pathway,0/132,23/18842,0,0,-0.403058137312115,1,1,1,"",0
GO:0038129,ERBB3 signaling pathway,0/132,10/18842,0,0,-0.265676917587564,1,1,1,"",0
GO:0038130,ERBB4 signaling pathway,0/132,10/18842,0,0,-0.265676917587564,1,1,1,"",0
GO:0038166,angiotensin-activated signaling pathway,0/132,20/18842,0,0,-0.375823696578768,1,1,1,"",0
GO:0038180,nerve growth factor signaling pathway,0/132,12/18842,0,0,-0.291049937025784,1,1,1,"",0
GO:0038202,TORC1 signaling,0/132,113/18842,0,0,-0.895537906664216,1,1,1,"",0
GO:0038203,TORC2 signaling,0/132,23/18842,0,0,-0.403058137312115,1,1,1,"",0
GO:0039529,RIG-I signaling pathway,0/132,27/18842,0,0,-0.436748897537163,1,1,1,"",0
GO:0039530,MDA-5 signaling pathway,0/132,11/18842,0,0,-0.278651700375158,1,1,1,"",0
GO:0039532,negative regulation of cytoplasmic pattern recognition receptor signaling pathway,0/132,64/18842,0,0,-0.673081054207394,1,1,1,"",0
GO:0039535,regulation of RIG-I signaling pathway,0/132,21/18842,0,0,-0.385114922134588,1,1,1,"",0
GO:0039702,viral budding via host ESCRT complex,0/132,22/18842,0,0,-0.39418816182791,1,1,1,"",0
GO:0040001,establishment of mitotic spindle localization,0/132,34/18842,0,0,-0.490196489878786,1,1,1,"",0
GO:0040018,positive regulation of multicellular organism growth,0/132,11/18842,0,0,-0.278651700375158,1,1,1,"",0
GO:0040019,positive regulation of embryonic development,0/132,25/18842,0,0,-0.420239487852281,1,1,1,"",0
GO:0040020,regulation of meiotic nuclear division,0/132,21/18842,0,0,-0.385114922134588,1,1,1,"",0
GO:0040036,regulation of fibroblast growth factor receptor signaling pathway,0/132,29/18842,0,0,-0.452659894469733,1,1,1,"",0
GO:0040037,negative regulation of fibroblast growth factor receptor signaling pathway,0/132,18/18842,0,0,-0.356518722862875,1,1,1,"",0
GO:0042044,fluid transport,0/132,34/18842,0,0,-0.490196489878786,1,1,1,"",0
GO:0042045,epithelial fluid transport,0/132,12/18842,0,0,-0.291049937025784,1,1,1,"",0
GO:0042053,regulation of dopamine metabolic process,0/132,15/18842,0,0,-0.325429646814657,1,1,1,"",0
GO:0042058,regulation of epidermal growth factor receptor signaling pathway,0/132,74/18842,0,0,-0.723950561212253,1,1,1,"",0
GO:0042059,negative regulation of epidermal growth factor receptor signaling pathway,0/132,33/18842,0,0,-0.482921080155088,1,1,1,"",0
GO:0042069,regulation of catecholamine metabolic process,0/132,15/18842,0,0,-0.325429646814657,1,1,1,"",0
GO:0042073,intraciliary transport,0/132,54/18842,0,0,-0.618099867926707,1,1,1,"",0
GO:0042092,type 2 immune response,0/132,36/18842,0,0,-0.504434847677225,1,1,1,"",0
GO:0042117,monocyte activation,0/132,14/18842,0,0,-0.314386558515355,1,1,1,"",0
GO:0042118,endothelial cell activation,0/132,11/18842,0,0,-0.278651700375158,1,1,1,"",0
GO:0042119,neutrophil activation,0/132,42/18842,0,0,-0.544938845356922,1,1,1,"",0
GO:0042149,cellular response to glucose starvation,0/132,47/18842,0,0,-0.576540486956794,1,1,1,"",0
GO:0042157,lipoprotein metabolic process,0/132,81/18842,0,0,-0.757559178371426,1,1,1,"",0
GO:0042158,lipoprotein biosynthetic process,0/132,46/18842,0,0,-0.570358928294299,1,1,1,"",0
GO:0042167,heme catabolic process,0/132,15/18842,0,0,-0.325429646814657,1,1,1,"",0
GO:0042168,heme metabolic process,0/132,48/18842,0,0,-0.582657114924422,1,1,1,"",0
GO:0042178,xenobiotic catabolic process,0/132,30/18842,0,0,-0.460410467649609,1,1,1,"",0
GO:0042182,ketone catabolic process,0/132,15/18842,0,0,-0.325429646814657,1,1,1,"",0
GO:0042220,response to cocaine,0/132,42/18842,0,0,-0.544938845356922,1,1,1,"",0
GO:0042246,tissue regeneration,0/132,59/18842,0,0,-0.646168188121849,1,1,1,"",0
GO:0042254,ribosome biogenesis,0/132,329/18842,0,0,-1.53695656749861,1,1,1,"",0
GO:0042255,ribosome assembly,0/132,67/18842,0,0,-0.688730752593991,1,1,1,"",0
GO:0042273,ribosomal large subunit biogenesis,0/132,78/18842,0,0,-0.743338515213413,1,1,1,"",0
GO:0042274,ribosomal small subunit biogenesis,0/132,109/18842,0,0,-0.879450963513604,1,1,1,"",0
GO:0042276,error-prone translesion synthesis,0/132,12/18842,0,0,-0.291049937025784,1,1,1,"",0
GO:0042303,molting cycle,0/132,66/18842,0,0,-0.683553444519687,1,1,1,"",0
GO:0042304,regulation of fatty acid biosynthetic process,0/132,59/18842,0,0,-0.646168188121849,1,1,1,"",0
GO:0042306,regulation of protein import into nucleus,0/132,52/18842,0,0,-0.60651329946757,1,1,1,"",0
GO:0042307,positive regulation of protein import into nucleus,0/132,36/18842,0,0,-0.504434847677225,1,1,1,"",0
GO:0042308,negative regulation of protein import into nucleus,0/132,14/18842,0,0,-0.314386558515355,1,1,1,"",0
GO:0042310,vasoconstriction,0/132,71/18842,0,0,-0.709067395734335,1,1,1,"",0
GO:0042311,vasodilation,0/132,45/18842,0,0,-0.564110304289483,1,1,1,"",0
GO:0042339,keratan sulfate proteoglycan metabolic process,0/132,18/18842,0,0,-0.356518722862875,1,1,1,"",0
GO:0042354,L-fucose metabolic process,0/132,10/18842,0,0,-0.265676917587564,1,1,1,"",0
GO:0042355,L-fucose catabolic process,0/132,10/18842,0,0,-0.265676917587564,1,1,1,"",0
GO:0042359,vitamin D metabolic process,0/132,22/18842,0,0,-0.39418816182791,1,1,1,"",0
GO:0042362,fat-soluble vitamin biosynthetic process,0/132,13/18842,0,0,-0.302942423276413,1,1,1,"",0
GO:0042363,fat-soluble vitamin catabolic process,0/132,14/18842,0,0,-0.314386558515355,1,1,1,"",0
GO:0042368,vitamin D biosynthetic process,0/132,11/18842,0,0,-0.278651700375158,1,1,1,"",0
GO:0042398,modified amino acid biosynthetic process,0/132,46/18842,0,0,-0.570358928294299,1,1,1,"",0
GO:0042401,biogenic amine biosynthetic process,0/132,33/18842,0,0,-0.482921080155088,1,1,1,"",0
GO:0042402,biogenic amine catabolic process,0/132,16/18842,0,0,-0.336111220420459,1,1,1,"",0
GO:0042403,thyroid hormone metabolic process,0/132,27/18842,0,0,-0.436748897537163,1,1,1,"",0
GO:0042407,cristae formation,0/132,18/18842,0,0,-0.356518722862875,1,1,1,"",0
GO:0042415,norepinephrine metabolic process,0/132,10/18842,0,0,-0.265676917587564,1,1,1,"",0
GO:0042416,dopamine biosynthetic process,0/132,10/18842,0,0,-0.265676917587564,1,1,1,"",0
GO:0042417,dopamine metabolic process,0/132,34/18842,0,0,-0.490196489878786,1,1,1,"",0
GO:0042423,catecholamine biosynthetic process,0/132,17/18842,0,0,-0.346464717820737,1,1,1,"",0
GO:0042428,serotonin metabolic process,0/132,12/18842,0,0,-0.291049937025784,1,1,1,"",0
GO:0042430,indole-containing compound metabolic process,0/132,28/18842,0,0,-0.444775127108293,1,1,1,"",0
GO:0042436,indole-containing compound catabolic process,0/132,11/18842,0,0,-0.278651700375158,1,1,1,"",0
GO:0042438,melanin biosynthetic process,0/132,24/18842,0,0,-0.411737985562741,1,1,1,"",0
GO:0042440,pigment metabolic process,0/132,82/18842,0,0,-0.762241439800607,1,1,1,"",0
GO:0042448,progesterone metabolic process,0/132,15/18842,0,0,-0.325429646814657,1,1,1,"",0
GO:0042461,photoreceptor cell development,0/132,32/18842,0,0,-0.47553516526091,1,1,1,"",0
GO:0042462,eye photoreceptor cell development,0/132,22/18842,0,0,-0.39418816182791,1,1,1,"",0
GO:0042475,odontogenesis of dentin-containing tooth,0/132,42/18842,0,0,-0.544938845356922,1,1,1,"",0
GO:0042476,odontogenesis,0/132,81/18842,0,0,-0.757559178371426,1,1,1,"",0
GO:0042509,regulation of tyrosine phosphorylation of STAT protein,0/132,35/18842,0,0,-0.497366243942809,1,1,1,"",0
GO:0042531,positive regulation of tyrosine phosphorylation of STAT protein,0/132,31/18842,0,0,-0.468033513537355,1,1,1,"",0
GO:0042537,benzene-containing compound metabolic process,0/132,17/18842,0,0,-0.346464717820737,1,1,1,"",0
GO:0042541,hemoglobin biosynthetic process,0/132,11/18842,0,0,-0.278651700375158,1,1,1,"",0
GO:0042542,response to hydrogen peroxide,0/132,83/18842,0,0,-0.7668956089656,1,1,1,"",0
GO:0042551,neuron maturation,0/132,35/18842,0,0,-0.497366243942809,1,1,1,"",0
GO:0042552,myelination,0/132,109/18842,0,0,-0.879450963513604,1,1,1,"",0
GO:0042554,superoxide anion generation,0/132,43/18842,0,0,-0.551402715420296,1,1,1,"",0
GO:0042558,pteridine-containing compound metabolic process,0/132,34/18842,0,0,-0.490196489878786,1,1,1,"",0
GO:0042559,pteridine-containing compound biosynthetic process,0/132,16/18842,0,0,-0.336111220420459,1,1,1,"",0
GO:0042572,retinol metabolic process,0/132,54/18842,0,0,-0.618099867926707,1,1,1,"",0
GO:0042573,retinoic acid metabolic process,0/132,33/18842,0,0,-0.482921080155088,1,1,1,"",0
GO:0042574,retinal metabolic process,0/132,17/18842,0,0,-0.346464717820737,1,1,1,"",0
GO:0042594,response to starvation,0/132,206/18842,0,0,-1.21215820611253,1,1,1,"",0
GO:0042596,fear response,0/132,20/18842,0,0,-0.375823696578768,1,1,1,"",0
GO:0042632,cholesterol homeostasis,0/132,110/18842,0,0,-0.883499513425758,1,1,1,"",0
GO:0042633,hair cycle,0/132,66/18842,0,0,-0.683553444519687,1,1,1,"",0
GO:0042634,regulation of hair cycle,0/132,21/18842,0,0,-0.385114922134588,1,1,1,"",0
GO:0042693,muscle cell fate commitment,0/132,14/18842,0,0,-0.314386558515355,1,1,1,"",0
GO:0042698,ovulation cycle,0/132,48/18842,0,0,-0.582657114924422,1,1,1,"",0
GO:0042730,fibrinolysis,0/132,26/18842,0,0,-0.428573257866855,1,1,1,"",0
GO:0042733,embryonic digit morphogenesis,0/132,23/18842,0,0,-0.403058137312115,1,1,1,"",0
GO:0042743,hydrogen peroxide metabolic process,0/132,45/18842,0,0,-0.564110304289483,1,1,1,"",0
GO:0042744,hydrogen peroxide catabolic process,0/132,25/18842,0,0,-0.420239487852281,1,1,1,"",0
GO:0042745,circadian sleep/wake cycle,0/132,25/18842,0,0,-0.420239487852281,1,1,1,"",0
GO:0042749,regulation of circadian sleep/wake cycle,0/132,23/18842,0,0,-0.403058137312115,1,1,1,"",0
GO:0042753,positive regulation of circadian rhythm,0/132,18/18842,0,0,-0.356518722862875,1,1,1,"",0
GO:0042754,negative regulation of circadian rhythm,0/132,12/18842,0,0,-0.291049937025784,1,1,1,"",0
GO:0042755,eating behavior,0/132,34/18842,0,0,-0.490196489878786,1,1,1,"",0
GO:0042756,drinking behavior,0/132,16/18842,0,0,-0.336111220420459,1,1,1,"",0
GO:0042759,long-chain fatty acid biosynthetic process,0/132,26/18842,0,0,-0.428573257866855,1,1,1,"",0
GO:0042761,very long-chain fatty acid biosynthetic process,0/132,13/18842,0,0,-0.302942423276413,1,1,1,"",0
GO:0042762,regulation of sulfur metabolic process,0/132,14/18842,0,0,-0.314386558515355,1,1,1,"",0
GO:0042770,signal transduction in response to DNA damage,0/132,185/18842,0,0,-1.14806639541382,1,1,1,"",0
GO:0042773,ATP synthesis coupled electron transport,0/132,96/18842,0,0,-0.825055866788168,1,1,1,"",0
GO:0042775,mitochondrial ATP synthesis coupled electron transport,0/132,96/18842,0,0,-0.825055866788168,1,1,1,"",0
GO:0042776,proton motive force-driven mitochondrial ATP synthesis,0/132,68/18842,0,0,-0.693869976647335,1,1,1,"",0
GO:0042790,nucleolar large rRNA transcription by RNA polymerase I,0/132,30/18842,0,0,-0.460410467649609,1,1,1,"",0
GO:0042795,snRNA transcription by RNA polymerase II,0/132,16/18842,0,0,-0.336111220420459,1,1,1,"",0
GO:0042796,snRNA transcription by RNA polymerase III,0/132,10/18842,0,0,-0.265676917587564,1,1,1,"",0
GO:0042797,tRNA transcription by RNA polymerase III,0/132,11/18842,0,0,-0.278651700375158,1,1,1,"",0
GO:0042832,defense response to protozoan,0/132,18/18842,0,0,-0.356518722862875,1,1,1,"",0
GO:0042908,xenobiotic transport,0/132,63/18842,0,0,-0.667784124821285,1,1,1,"",0
GO:0042921,nuclear receptor-mediated glucocorticoid signaling pathway,0/132,12/18842,0,0,-0.291049937025784,1,1,1,"",0
GO:0042939,tripeptide transport,0/132,11/18842,0,0,-0.278651700375158,1,1,1,"",0
GO:0042983,amyloid precursor protein biosynthetic process,0/132,27/18842,0,0,-0.436748897537163,1,1,1,"",0
GO:0042984,regulation of amyloid precursor protein biosynthetic process,0/132,27/18842,0,0,-0.436748897537163,1,1,1,"",0
GO:0042985,negative regulation of amyloid precursor protein biosynthetic process,0/132,21/18842,0,0,-0.385114922134588,1,1,1,"",0
GO:0042996,regulation of Golgi to plasma membrane protein transport,0/132,13/18842,0,0,-0.302942423276413,1,1,1,"",0
GO:0043011,myeloid dendritic cell differentiation,0/132,10/18842,0,0,-0.265676917587564,1,1,1,"",0
GO:0043029,T cell homeostasis,0/132,36/18842,0,0,-0.504434847677225,1,1,1,"",0
GO:0043030,regulation of macrophage activation,0/132,57/18842,0,0,-0.635087953146595,1,1,1,"",0
GO:0043031,negative regulation of macrophage activation,0/132,18/18842,0,0,-0.356518722862875,1,1,1,"",0
GO:0043032,positive regulation of macrophage activation,0/132,29/18842,0,0,-0.452659894469733,1,1,1,"",0
GO:0043038,amino acid activation,0/132,47/18842,0,0,-0.576540486956794,1,1,1,"",0
GO:0043039,tRNA aminoacylation,0/132,47/18842,0,0,-0.576540486956794,1,1,1,"",0
GO:0043043,peptide biosynthetic process,0/132,23/18842,0,0,-0.403058137312115,1,1,1,"",0
GO:0043045,epigenetic programming of gene expression,0/132,22/18842,0,0,-0.39418816182791,1,1,1,"",0
GO:0043113,receptor clustering,0/132,53/18842,0,0,-0.61233368108521,1,1,1,"",0
GO:0043117,positive regulation of vascular permeability,0/132,17/18842,0,0,-0.346464717820737,1,1,1,"",0
GO:0043129,surfactant homeostasis,0/132,12/18842,0,0,-0.291049937025784,1,1,1,"",0
GO:0043144,sno(s)RNA processing,0/132,12/18842,0,0,-0.291049937025784,1,1,1,"",0
GO:0043153,entrainment of circadian clock by photoperiod,0/132,24/18842,0,0,-0.411737985562741,1,1,1,"",0
GO:0043162,ubiquitin-dependent protein catabolic process via the multivesicular body sorting pathway,0/132,36/18842,0,0,-0.504434847677225,1,1,1,"",0
GO:0043173,nucleotide salvage,0/132,28/18842,0,0,-0.444775127108293,1,1,1,"",0
GO:0043200,response to amino acid,0/132,102/18842,0,0,-0.850584254864905,1,1,1,"",0
GO:0043201,response to L-leucine,0/132,15/18842,0,0,-0.325429646814657,1,1,1,"",0
GO:0043217,myelin maintenance,0/132,14/18842,0,0,-0.314386558515355,1,1,1,"",0
GO:0043242,negative regulation of protein-containing complex disassembly,0/132,80/18842,0,0,-0.752848300446955,1,1,1,"",0
GO:0043243,positive regulation of protein-containing complex disassembly,0/132,36/18842,0,0,-0.504434847677225,1,1,1,"",0
GO:0043244,regulation of protein-containing complex disassembly,0/132,124/18842,0,0,-0.938389560719263,1,1,1,"",0
GO:0043247,telomere maintenance in response to DNA damage,0/132,30/18842,0,0,-0.460410467649609,1,1,1,"",0
GO:0043248,proteasome assembly,0/132,15/18842,0,0,-0.325429646814657,1,1,1,"",0
GO:0043249,erythrocyte maturation,0/132,15/18842,0,0,-0.325429646814657,1,1,1,"",0
GO:0043278,response to morphine,0/132,14/18842,0,0,-0.314386558515355,1,1,1,"",0
GO:0043279,response to alkaloid,0/132,79/18842,0,0,-0.748108265347505,1,1,1,"",0
GO:0043297,apical junction assembly,0/132,62/18842,0,0,-0.66244541328332,1,1,1,"",0
GO:0043299,leukocyte degranulation,0/132,74/18842,0,0,-0.723950561212253,1,1,1,"",0
GO:0043300,regulation of leukocyte degranulation,0/132,39/18842,0,0,-0.525074318209442,1,1,1,"",0
GO:0043302,positive regulation of leukocyte degranulation,0/132,22/18842,0,0,-0.39418816182791,1,1,1,"",0
GO:0043303,mast cell degranulation,0/132,49/18842,0,0,-0.588710836167025,1,1,1,"",0
GO:0043304,regulation of mast cell degranulation,0/132,23/18842,0,0,-0.403058137312115,1,1,1,"",0
GO:0043306,positive regulation of mast cell degranulation,0/132,12/18842,0,0,-0.291049937025784,1,1,1,"",0
GO:0043320,natural killer cell degranulation,0/132,10/18842,0,0,-0.265676917587564,1,1,1,"",0
GO:0043328,protein transport to vacuole involved in ubiquitin-dependent protein catabolic process via the multivesicular body sorting pathway,0/132,16/18842,0,0,-0.336111220420459,1,1,1,"",0
GO:0043330,response to exogenous dsRNA,0/132,35/18842,0,0,-0.497366243942809,1,1,1,"",0
GO:0043331,response to dsRNA,0/132,39/18842,0,0,-0.525074318209442,1,1,1,"",0
GO:0043335,protein unfolding,0/132,12/18842,0,0,-0.291049937025784,1,1,1,"",0
GO:0043368,positive T cell selection,0/132,40/18842,0,0,-0.531777573647406,1,1,1,"",0
GO:0043369,"CD4-positive or CD8-positive, alpha-beta T cell lineage commitment",0/132,32/18842,0,0,-0.47553516526091,1,1,1,"",0
GO:0043371,"negative regulation of CD4-positive, alpha-beta T cell differentiation",0/132,21/18842,0,0,-0.385114922134588,1,1,1,"",0
GO:0043373,"CD4-positive, alpha-beta T cell lineage commitment",0/132,31/18842,0,0,-0.468033513537355,1,1,1,"",0
GO:0043374,"CD8-positive, alpha-beta T cell differentiation",0/132,25/18842,0,0,-0.420239487852281,1,1,1,"",0
GO:0043388,positive regulation of DNA binding,0/132,21/18842,0,0,-0.385114922134588,1,1,1,"",0
GO:0043403,skeletal muscle tissue regeneration,0/132,27/18842,0,0,-0.436748897537163,1,1,1,"",0
GO:0043407,negative regulation of MAP kinase activity,0/132,19/18842,0,0,-0.366297897596641,1,1,1,"",0
GO:0043455,regulation of secondary metabolic process,0/132,17/18842,0,0,-0.346464717820737,1,1,1,"",0
GO:0043462,regulation of ATP-dependent activity,0/132,34/18842,0,0,-0.490196489878786,1,1,1,"",0
GO:0043476,pigment accumulation,0/132,13/18842,0,0,-0.302942423276413,1,1,1,"",0
GO:0043482,cellular pigment accumulation,0/132,13/18842,0,0,-0.302942423276413,1,1,1,"",0
GO:0043485,endosome to pigment granule transport,0/132,11/18842,0,0,-0.278651700375158,1,1,1,"",0
GO:0043501,skeletal muscle adaptation,0/132,14/18842,0,0,-0.314386558515355,1,1,1,"",0
GO:0043506,regulation of JUN kinase activity,0/132,13/18842,0,0,-0.302942423276413,1,1,1,"",0
GO:0043516,"regulation of DNA damage response, signal transduction by p53 class mediator",0/132,36/18842,0,0,-0.504434847677225,1,1,1,"",0
GO:0043517,"positive regulation of DNA damage response, signal transduction by p53 class mediator",0/132,17/18842,0,0,-0.346464717820737,1,1,1,"",0
GO:0043518,"negative regulation of DNA damage response, signal transduction by p53 class mediator",0/132,15/18842,0,0,-0.325429646814657,1,1,1,"",0
GO:0043525,positive regulation of neuron apoptotic process,0/132,62/18842,0,0,-0.66244541328332,1,1,1,"",0
GO:0043536,positive regulation of blood vessel endothelial cell migration,0/132,80/18842,0,0,-0.752848300446955,1,1,1,"",0
GO:0043555,regulation of translation in response to stress,0/132,21/18842,0,0,-0.385114922134588,1,1,1,"",0
GO:0043562,cellular response to nitrogen levels,0/132,12/18842,0,0,-0.291049937025784,1,1,1,"",0
GO:0043567,regulation of insulin-like growth factor receptor signaling pathway,0/132,22/18842,0,0,-0.39418816182791,1,1,1,"",0
GO:0043574,peroxisomal transport,0/132,23/18842,0,0,-0.403058137312115,1,1,1,"",0
GO:0043586,tongue development,0/132,11/18842,0,0,-0.278651700375158,1,1,1,"",0
GO:0043627,response to estrogen,0/132,62/18842,0,0,-0.66244541328332,1,1,1,"",0
GO:0043648,dicarboxylic acid metabolic process,0/132,88/18842,0,0,-0.789762351666056,1,1,1,"",0
GO:0043649,dicarboxylic acid catabolic process,0/132,17/18842,0,0,-0.346464717820737,1,1,1,"",0
GO:0043650,dicarboxylic acid biosynthetic process,0/132,15/18842,0,0,-0.325429646814657,1,1,1,"",0
GO:0043651,linoleic acid metabolic process,0/132,19/18842,0,0,-0.366297897596641,1,1,1,"",0
GO:0043652,engulfment of apoptotic cell,0/132,12/18842,0,0,-0.291049937025784,1,1,1,"",0
GO:0043653,mitochondrial fragmentation involved in apoptotic process,0/132,12/18842,0,0,-0.291049937025784,1,1,1,"",0
GO:0043691,reverse cholesterol transport,0/132,21/18842,0,0,-0.385114922134588,1,1,1,"",0
GO:0043696,dedifferentiation,0/132,12/18842,0,0,-0.291049937025784,1,1,1,"",0
GO:0043697,cell dedifferentiation,0/132,12/18842,0,0,-0.291049937025784,1,1,1,"",0
GO:0043903,regulation of biological process involved in symbiotic interaction,0/132,35/18842,0,0,-0.497366243942809,1,1,1,"",0
GO:0043923,host-mediated activation of viral transcription,0/132,17/18842,0,0,-0.346464717820737,1,1,1,"",0
GO:0043931,ossification involved in bone maturation,0/132,21/18842,0,0,-0.385114922134588,1,1,1,"",0
GO:0043954,cellular component maintenance,0/132,81/18842,0,0,-0.757559178371426,1,1,1,"",0
GO:0044027,negative regulation of gene expression via chromosomal CpG island methylation,0/132,13/18842,0,0,-0.302942423276413,1,1,1,"",0
GO:0044029,positive regulation of gene expression via chromosomal CpG island demethylation,0/132,12/18842,0,0,-0.291049937025784,1,1,1,"",0
GO:0044042,glucan metabolic process,0/132,77/18842,0,0,-0.738538474231316,1,1,1,"",0
GO:0044060,regulation of endocrine process,0/132,40/18842,0,0,-0.531777573647406,1,1,1,"",0
GO:0044070,regulation of monoatomic anion transport,0/132,11/18842,0,0,-0.278651700375158,1,1,1,"",0
GO:0044088,regulation of vacuole organization,0/132,55/18842,0,0,-0.623813362930432,1,1,1,"",0
GO:0044090,positive regulation of vacuole organization,0/132,26/18842,0,0,-0.428573257866855,1,1,1,"",0
GO:0044091,membrane biogenesis,0/132,66/18842,0,0,-0.683553444519687,1,1,1,"",0
GO:0044241,lipid digestion,0/132,15/18842,0,0,-0.325429646814657,1,1,1,"",0
GO:0044273,sulfur compound catabolic process,0/132,39/18842,0,0,-0.525074318209442,1,1,1,"",0
GO:0044314,protein K27-linked ubiquitination,0/132,14/18842,0,0,-0.314386558515355,1,1,1,"",0
GO:0044320,cellular response to leptin stimulus,0/132,17/18842,0,0,-0.346464717820737,1,1,1,"",0
GO:0044321,response to leptin,0/132,21/18842,0,0,-0.385114922134588,1,1,1,"",0
GO:0044341,sodium-dependent phosphate transport,0/132,11/18842,0,0,-0.278651700375158,1,1,1,"",0
GO:0044342,type B pancreatic cell proliferation,0/132,14/18842,0,0,-0.314386558515355,1,1,1,"",0
GO:0044346,fibroblast apoptotic process,0/132,12/18842,0,0,-0.291049937025784,1,1,1,"",0
GO:0044351,macropinocytosis,0/132,10/18842,0,0,-0.265676917587564,1,1,1,"",0
GO:0044406,adhesion of symbiont to host,0/132,15/18842,0,0,-0.325429646814657,1,1,1,"",0
GO:0044458,motile cilium assembly,0/132,69/18842,0,0,-0.69897195681039,1,1,1,"",0
GO:0044539,long-chain fatty acid import into cell,0/132,18/18842,0,0,-0.356518722862875,1,1,1,"",0
GO:0044546,NLRP3 inflammasome complex assembly,0/132,52/18842,0,0,-0.60651329946757,1,1,1,"",0
GO:0044550,secondary metabolite biosynthetic process,0/132,26/18842,0,0,-0.428573257866855,1,1,1,"",0
GO:0044571,[2Fe-2S] cluster assembly,0/132,11/18842,0,0,-0.278651700375158,1,1,1,"",0
GO:0044598,doxorubicin metabolic process,0/132,10/18842,0,0,-0.265676917587564,1,1,1,"",0
GO:0044650,adhesion of symbiont to host cell,0/132,11/18842,0,0,-0.278651700375158,1,1,1,"",0
GO:0044725,epigenetic programming in the zygotic pronuclei,0/132,11/18842,0,0,-0.278651700375158,1,1,1,"",0
GO:0044743,protein transmembrane import into intracellular organelle,0/132,16/18842,0,0,-0.336111220420459,1,1,1,"",0
GO:0044771,meiotic cell cycle phase transition,0/132,15/18842,0,0,-0.325429646814657,1,1,1,"",0
GO:0044773,mitotic DNA damage checkpoint signaling,0/132,66/18842,0,0,-0.683553444519687,1,1,1,"",0
GO:0044774,mitotic DNA integrity checkpoint signaling,0/132,71/18842,0,0,-0.709067395734335,1,1,1,"",0
GO:0044784,metaphase/anaphase transition of cell cycle,0/132,107/18842,0,0,-0.871298741547531,1,1,1,"",0
GO:0044786,cell cycle DNA replication,0/132,40/18842,0,0,-0.531777573647406,1,1,1,"",0
GO:0044790,suppression of viral release by host,0/132,17/18842,0,0,-0.346464717820737,1,1,1,"",0
GO:0044794,host-mediated activation of viral process,0/132,37/18842,0,0,-0.511406495482523,1,1,1,"",0
GO:0044804,nucleophagy,0/132,23/18842,0,0,-0.403058137312115,1,1,1,"",0
GO:0044818,mitotic G2/M transition checkpoint,0/132,53/18842,0,0,-0.61233368108521,1,1,1,"",0
GO:0044819,mitotic G1/S transition checkpoint signaling,0/132,15/18842,0,0,-0.325429646814657,1,1,1,"",0
GO:0044827,host-mediated perturbation of viral genome replication,0/132,11/18842,0,0,-0.278651700375158,1,1,1,"",0
GO:0044828,host-mediated suppression of viral genome replication,0/132,14/18842,0,0,-0.314386558515355,1,1,1,"",0
GO:0044829,host-mediated activation of viral genome replication,0/132,10/18842,0,0,-0.265676917587564,1,1,1,"",0
GO:0044837,actomyosin contractile ring organization,0/132,10/18842,0,0,-0.265676917587564,1,1,1,"",0
GO:0044839,cell cycle G2/M phase transition,0/132,146/18842,0,0,-1.01883563103372,1,1,1,"",0
GO:0044849,estrous cycle,0/132,12/18842,0,0,-0.291049937025784,1,1,1,"",0
GO:0044857,plasma membrane raft organization,0/132,13/18842,0,0,-0.302942423276413,1,1,1,"",0
GO:0045003,double-strand break repair via synthesis-dependent strand annealing,0/132,10/18842,0,0,-0.265676917587564,1,1,1,"",0
GO:0045005,DNA-templated DNA replication maintenance of fidelity,0/132,69/18842,0,0,-0.69897195681039,1,1,1,"",0
GO:0045006,DNA deamination,0/132,13/18842,0,0,-0.302942423276413,1,1,1,"",0
GO:0045019,negative regulation of nitric oxide biosynthetic process,0/132,14/18842,0,0,-0.314386558515355,1,1,1,"",0
GO:0045022,early endosome to late endosome transport,0/132,42/18842,0,0,-0.544938845356922,1,1,1,"",0
GO:0045026,plasma membrane fusion,0/132,30/18842,0,0,-0.460410467649609,1,1,1,"",0
GO:0045039,protein insertion into mitochondrial inner membrane,0/132,18/18842,0,0,-0.356518722862875,1,1,1,"",0
GO:0045040,protein insertion into mitochondrial outer membrane,0/132,13/18842,0,0,-0.302942423276413,1,1,1,"",0
GO:0045050,protein insertion into ER membrane by stop-transfer membrane-anchor sequence,0/132,11/18842,0,0,-0.278651700375158,1,1,1,"",0
GO:0045058,T cell selection,0/132,64/18842,0,0,-0.673081054207394,1,1,1,"",0
GO:0045061,thymic T cell selection,0/132,27/18842,0,0,-0.436748897537163,1,1,1,"",0
GO:0045063,T-helper 1 cell differentiation,0/132,36/18842,0,0,-0.504434847677225,1,1,1,"",0
GO:0045064,T-helper 2 cell differentiation,0/132,14/18842,0,0,-0.314386558515355,1,1,1,"",0
GO:0045070,positive regulation of viral genome replication,0/132,30/18842,0,0,-0.460410467649609,1,1,1,"",0
GO:0045109,intermediate filament organization,0/132,74/18842,0,0,-0.723950561212253,1,1,1,"",0
GO:0045116,protein neddylation,0/132,25/18842,0,0,-0.420239487852281,1,1,1,"",0
GO:0045161,neuronal ion channel clustering,0/132,12/18842,0,0,-0.291049937025784,1,1,1,"",0
GO:0045176,apical protein localization,0/132,10/18842,0,0,-0.265676917587564,1,1,1,"",0
GO:0045185,maintenance of protein location,0/132,47/18842,0,0,-0.576540486956794,1,1,1,"",0
GO:0045187,"regulation of circadian sleep/wake cycle, sleep",0/132,19/18842,0,0,-0.366297897596641,1,1,1,"",0
GO:0045190,isotype switching,0/132,37/18842,0,0,-0.511406495482523,1,1,1,"",0
GO:0045191,regulation of isotype switching,0/132,23/18842,0,0,-0.403058137312115,1,1,1,"",0
GO:0045217,cell-cell junction maintenance,0/132,22/18842,0,0,-0.39418816182791,1,1,1,"",0
GO:0045292,"mRNA cis splicing, via spliceosome",0/132,48/18842,0,0,-0.582657114924422,1,1,1,"",0
GO:0045324,late endosome to vacuole transport,0/132,38/18842,0,0,-0.518285100061389,1,1,1,"",0
GO:0045332,phospholipid translocation,0/132,55/18842,0,0,-0.623813362930432,1,1,1,"",0
GO:0045337,farnesyl diphosphate biosynthetic process,0/132,10/18842,0,0,-0.265676917587564,1,1,1,"",0
GO:0045338,farnesyl diphosphate metabolic process,0/132,12/18842,0,0,-0.291049937025784,1,1,1,"",0
GO:0045342,MHC class II biosynthetic process,0/132,16/18842,0,0,-0.336111220420459,1,1,1,"",0
GO:0045346,regulation of MHC class II biosynthetic process,0/132,15/18842,0,0,-0.325429646814657,1,1,1,"",0
GO:0045348,positive regulation of MHC class II biosynthetic process,0/132,11/18842,0,0,-0.278651700375158,1,1,1,"",0
GO:0045428,regulation of nitric oxide biosynthetic process,0/132,56/18842,0,0,-0.629475600981219,1,1,1,"",0
GO:0045429,positive regulation of nitric oxide biosynthetic process,0/132,35/18842,0,0,-0.497366243942809,1,1,1,"",0
GO:0045471,response to ethanol,0/132,130/18842,0,0,-0.960978382938057,1,1,1,"",0
GO:0045472,response to ether,0/132,20/18842,0,0,-0.375823696578768,1,1,1,"",0
GO:0045475,locomotor rhythm,0/132,13/18842,0,0,-0.302942423276413,1,1,1,"",0
GO:0045540,regulation of cholesterol biosynthetic process,0/132,33/18842,0,0,-0.482921080155088,1,1,1,"",0
GO:0045541,negative regulation of cholesterol biosynthetic process,0/132,12/18842,0,0,-0.291049937025784,1,1,1,"",0
GO:0045542,positive regulation of cholesterol biosynthetic process,0/132,17/18842,0,0,-0.346464717820737,1,1,1,"",0
GO:0045576,mast cell activation,0/132,64/18842,0,0,-0.673081054207394,1,1,1,"",0
GO:0045579,positive regulation of B cell differentiation,0/132,13/18842,0,0,-0.302942423276413,1,1,1,"",0
GO:0045581,negative regulation of T cell differentiation,0/132,57/18842,0,0,-0.635087953146595,1,1,1,"",0
GO:0045590,negative regulation of regulatory T cell differentiation,0/132,21/18842,0,0,-0.385114922134588,1,1,1,"",0
GO:0045603,positive regulation of endothelial cell differentiation,0/132,17/18842,0,0,-0.346464717820737,1,1,1,"",0
GO:0045604,regulation of epidermal cell differentiation,0/132,46/18842,0,0,-0.570358928294299,1,1,1,"",0
GO:0045606,positive regulation of epidermal cell differentiation,0/132,23/18842,0,0,-0.403058137312115,1,1,1,"",0
GO:0045616,regulation of keratinocyte differentiation,0/132,35/18842,0,0,-0.497366243942809,1,1,1,"",0
GO:0045618,positive regulation of keratinocyte differentiation,0/132,18/18842,0,0,-0.356518722862875,1,1,1,"",0
GO:0045620,negative regulation of lymphocyte differentiation,0/132,62/18842,0,0,-0.66244541328332,1,1,1,"",0
GO:0045623,negative regulation of T-helper cell differentiation,0/132,17/18842,0,0,-0.346464717820737,1,1,1,"",0
GO:0045624,positive regulation of T-helper cell differentiation,0/132,23/18842,0,0,-0.403058137312115,1,1,1,"",0
GO:0045638,negative regulation of myeloid cell differentiation,0/132,82/18842,0,0,-0.762241439800607,1,1,1,"",0
GO:0045649,regulation of macrophage differentiation,0/132,23/18842,0,0,-0.403058137312115,1,1,1,"",0
GO:0045651,positive regulation of macrophage differentiation,0/132,15/18842,0,0,-0.325429646814657,1,1,1,"",0
GO:0045652,regulation of megakaryocyte differentiation,0/132,35/18842,0,0,-0.497366243942809,1,1,1,"",0
GO:0045653,negative regulation of megakaryocyte differentiation,0/132,19/18842,0,0,-0.366297897596641,1,1,1,"",0
GO:0045654,positive regulation of megakaryocyte differentiation,0/132,10/18842,0,0,-0.265676917587564,1,1,1,"",0
GO:0045661,regulation of myoblast differentiation,0/132,66/18842,0,0,-0.683553444519687,1,1,1,"",0
GO:0045662,negative regulation of myoblast differentiation,0/132,20/18842,0,0,-0.375823696578768,1,1,1,"",0
GO:0045663,positive regulation of myoblast differentiation,0/132,44/18842,0,0,-0.557792360956695,1,1,1,"",0
GO:0045665,negative regulation of neuron differentiation,0/132,36/18842,0,0,-0.504434847677225,1,1,1,"",0
GO:0045669,positive regulation of osteoblast differentiation,0/132,61/18842,0,0,-0.65706390104955,1,1,1,"",0
GO:0045671,negative regulation of osteoclast differentiation,0/132,27/18842,0,0,-0.436748897537163,1,1,1,"",0
GO:0045682,regulation of epidermis development,0/132,51/18842,0,0,-0.600637147477136,1,1,1,"",0
GO:0045684,positive regulation of epidermis development,0/132,28/18842,0,0,-0.444775127108293,1,1,1,"",0
GO:0045685,regulation of glial cell differentiation,0/132,51/18842,0,0,-0.600637147477136,1,1,1,"",0
GO:0045686,negative regulation of glial cell differentiation,0/132,16/18842,0,0,-0.336111220420459,1,1,1,"",0
GO:0045687,positive regulation of glial cell differentiation,0/132,29/18842,0,0,-0.452659894469733,1,1,1,"",0
GO:0045717,negative regulation of fatty acid biosynthetic process,0/132,27/18842,0,0,-0.436748897537163,1,1,1,"",0
GO:0045719,negative regulation of glycogen biosynthetic process,0/132,10/18842,0,0,-0.265676917587564,1,1,1,"",0
GO:0045721,negative regulation of gluconeogenesis,0/132,17/18842,0,0,-0.346464717820737,1,1,1,"",0
GO:0045722,positive regulation of gluconeogenesis,0/132,20/18842,0,0,-0.375823696578768,1,1,1,"",0
GO:0045723,positive regulation of fatty acid biosynthetic process,0/132,26/18842,0,0,-0.428573257866855,1,1,1,"",0
GO:0045724,positive regulation of cilium assembly,0/132,27/18842,0,0,-0.436748897537163,1,1,1,"",0
GO:0045725,positive regulation of glycogen biosynthetic process,0/132,16/18842,0,0,-0.336111220420459,1,1,1,"",0
GO:0045727,positive regulation of translation,0/132,132/18842,0,0,-0.9683940636056,1,1,1,"",0
GO:0045730,respiratory burst,0/132,36/18842,0,0,-0.504434847677225,1,1,1,"",0
GO:0045742,positive regulation of epidermal growth factor receptor signaling pathway,0/132,32/18842,0,0,-0.47553516526091,1,1,1,"",0
GO:0045745,positive regulation of G protein-coupled receptor signaling pathway,0/132,38/18842,0,0,-0.518285100061389,1,1,1,"",0
GO:0045746,negative regulation of Notch signaling pathway,0/132,34/18842,0,0,-0.490196489878786,1,1,1,"",0
GO:0045776,negative regulation of blood pressure,0/132,41/18842,0,0,-0.538398077299233,1,1,1,"",0
GO:0045777,positive regulation of blood pressure,0/132,30/18842,0,0,-0.460410467649609,1,1,1,"",0
GO:0045778,positive regulation of ossification,0/132,51/18842,0,0,-0.600637147477136,1,1,1,"",0
GO:0045779,negative regulation of bone resorption,0/132,15/18842,0,0,-0.325429646814657,1,1,1,"",0
GO:0045780,positive regulation of bone resorption,0/132,14/18842,0,0,-0.314386558515355,1,1,1,"",0
GO:0045806,negative regulation of endocytosis,0/132,65/18842,0,0,-0.678337180323899,1,1,1,"",0
GO:0045815,transcription initiation-coupled chromatin remodeling,0/132,59/18842,0,0,-0.646168188121849,1,1,1,"",0
GO:0045821,positive regulation of glycolytic process,0/132,21/18842,0,0,-0.385114922134588,1,1,1,"",0
GO:0045822,negative regulation of heart contraction,0/132,22/18842,0,0,-0.39418816182791,1,1,1,"",0
GO:0045830,positive regulation of isotype switching,0/132,19/18842,0,0,-0.366297897596641,1,1,1,"",0
GO:0045835,negative regulation of meiotic nuclear division,0/132,10/18842,0,0,-0.265676917587564,1,1,1,"",0
GO:0045837,negative regulation of membrane potential,0/132,12/18842,0,0,-0.291049937025784,1,1,1,"",0
GO:0045838,positive regulation of membrane potential,0/132,12/18842,0,0,-0.291049937025784,1,1,1,"",0
GO:0045839,negative regulation of mitotic nuclear division,0/132,64/18842,0,0,-0.673081054207394,1,1,1,"",0
GO:0045840,positive regulation of mitotic nuclear division,0/132,43/18842,0,0,-0.551402715420296,1,1,1,"",0
GO:0045841,negative regulation of mitotic metaphase/anaphase transition,0/132,58/18842,0,0,-0.640651730579912,1,1,1,"",0
GO:0045842,positive regulation of mitotic metaphase/anaphase transition,0/132,18/18842,0,0,-0.356518722862875,1,1,1,"",0
GO:0045844,positive regulation of striated muscle tissue development,0/132,14/18842,0,0,-0.314386558515355,1,1,1,"",0
GO:0045862,positive regulation of proteolysis,0/132,69/18842,0,0,-0.69897195681039,1,1,1,"",0
GO:0045879,negative regulation of smoothened signaling pathway,0/132,28/18842,0,0,-0.444775127108293,1,1,1,"",0
GO:0045880,positive regulation of smoothened signaling pathway,0/132,34/18842,0,0,-0.490196489878786,1,1,1,"",0
GO:0045906,negative regulation of vasoconstriction,0/132,12/18842,0,0,-0.291049937025784,1,1,1,"",0
GO:0045907,positive regulation of vasoconstriction,0/132,27/18842,0,0,-0.436748897537163,1,1,1,"",0
GO:0045910,negative regulation of DNA recombination,0/132,46/18842,0,0,-0.570358928294299,1,1,1,"",0
GO:0045911,positive regulation of DNA recombination,0/132,65/18842,0,0,-0.678337180323899,1,1,1,"",0
GO:0045913,positive regulation of carbohydrate metabolic process,0/132,76/18842,0,0,-0.73370754781504,1,1,1,"",0
GO:0045916,negative regulation of complement activation,0/132,14/18842,0,0,-0.314386558515355,1,1,1,"",0
GO:0045917,positive regulation of complement activation,0/132,12/18842,0,0,-0.291049937025784,1,1,1,"",0
GO:0045920,negative regulation of exocytosis,0/132,32/18842,0,0,-0.47553516526091,1,1,1,"",0
GO:0045921,positive regulation of exocytosis,0/132,81/18842,0,0,-0.757559178371426,1,1,1,"",0
GO:0045922,negative regulation of fatty acid metabolic process,0/132,47/18842,0,0,-0.576540486956794,1,1,1,"",0
GO:0045932,negative regulation of muscle contraction,0/132,19/18842,0,0,-0.366297897596641,1,1,1,"",0
GO:0045940,positive regulation of steroid metabolic process,0/132,39/18842,0,0,-0.525074318209442,1,1,1,"",0
GO:0045943,positive regulation of transcription by RNA polymerase I,0/132,36/18842,0,0,-0.504434847677225,1,1,1,"",0
GO:0045945,positive regulation of transcription by RNA polymerase III,0/132,20/18842,0,0,-0.375823696578768,1,1,1,"",0
GO:0045948,positive regulation of translational initiation,0/132,33/18842,0,0,-0.482921080155088,1,1,1,"",0
GO:0045956,positive regulation of calcium ion-dependent exocytosis,0/132,15/18842,0,0,-0.325429646814657,1,1,1,"",0
GO:0045986,negative regulation of smooth muscle contraction,0/132,10/18842,0,0,-0.265676917587564,1,1,1,"",0
GO:0045987,positive regulation of smooth muscle contraction,0/132,26/18842,0,0,-0.428573257866855,1,1,1,"",0
GO:0046007,negative regulation of activated T cell proliferation,0/132,14/18842,0,0,-0.314386558515355,1,1,1,"",0
GO:0046033,AMP metabolic process,0/132,23/18842,0,0,-0.403058137312115,1,1,1,"",0
GO:0046035,CMP metabolic process,0/132,10/18842,0,0,-0.265676917587564,1,1,1,"",0
GO:0046036,CTP metabolic process,0/132,15/18842,0,0,-0.325429646814657,1,1,1,"",0
GO:0046037,GMP metabolic process,0/132,28/18842,0,0,-0.444775127108293,1,1,1,"",0
GO:0046039,GTP metabolic process,0/132,24/18842,0,0,-0.411737985562741,1,1,1,"",0
GO:0046040,IMP metabolic process,0/132,18/18842,0,0,-0.356518722862875,1,1,1,"",0
GO:0046049,UMP metabolic process,0/132,16/18842,0,0,-0.336111220420459,1,1,1,"",0
GO:0046051,UTP metabolic process,0/132,11/18842,0,0,-0.278651700375158,1,1,1,"",0
GO:0046068,cGMP metabolic process,0/132,21/18842,0,0,-0.385114922134588,1,1,1,"",0
GO:0046073,dTMP metabolic process,0/132,11/18842,0,0,-0.278651700375158,1,1,1,"",0
GO:0046112,nucleobase biosynthetic process,0/132,21/18842,0,0,-0.385114922134588,1,1,1,"",0
GO:0046146,tetrahydrobiopterin metabolic process,0/132,10/18842,0,0,-0.265676917587564,1,1,1,"",0
GO:0046148,pigment biosynthetic process,0/132,55/18842,0,0,-0.623813362930432,1,1,1,"",0
GO:0046149,pigment catabolic process,0/132,15/18842,0,0,-0.325429646814657,1,1,1,"",0
GO:0046174,polyol catabolic process,0/132,10/18842,0,0,-0.265676917587564,1,1,1,"",0
GO:0046184,aldehyde biosynthetic process,0/132,18/18842,0,0,-0.356518722862875,1,1,1,"",0
GO:0046185,aldehyde catabolic process,0/132,14/18842,0,0,-0.314386558515355,1,1,1,"",0
GO:0046189,phenol-containing compound biosynthetic process,0/132,43/18842,0,0,-0.551402715420296,1,1,1,"",0
GO:0046320,regulation of fatty acid oxidation,0/132,31/18842,0,0,-0.468033513537355,1,1,1,"",0
GO:0046321,positive regulation of fatty acid oxidation,0/132,15/18842,0,0,-0.325429646814657,1,1,1,"",0
GO:0046322,negative regulation of fatty acid oxidation,0/132,11/18842,0,0,-0.278651700375158,1,1,1,"",0
GO:0046324,regulation of D-glucose import across plasma membrane,0/132,50/18842,0,0,-0.594703571845774,1,1,1,"",0
GO:0046325,negative regulation of D-glucose import across plasma membrane,0/132,15/18842,0,0,-0.325429646814657,1,1,1,"",0
GO:0046326,positive regulation of D-glucose import across plasma membrane,0/132,31/18842,0,0,-0.468033513537355,1,1,1,"",0
GO:0046329,negative regulation of JNK cascade,0/132,36/18842,0,0,-0.504434847677225,1,1,1,"",0
GO:0046337,phosphatidylethanolamine metabolic process,0/132,28/18842,0,0,-0.444775127108293,1,1,1,"",0
GO:0046339,diacylglycerol metabolic process,0/132,25/18842,0,0,-0.420239487852281,1,1,1,"",0
GO:0046348,amino sugar catabolic process,0/132,13/18842,0,0,-0.302942423276413,1,1,1,"",0
GO:0046349,amino sugar biosynthetic process,0/132,13/18842,0,0,-0.302942423276413,1,1,1,"",0
GO:0046365,monosaccharide catabolic process,0/132,52/18842,0,0,-0.60651329946757,1,1,1,"",0
GO:0046385,deoxyribose phosphate biosynthetic process,0/132,16/18842,0,0,-0.336111220420459,1,1,1,"",0
GO:0046386,deoxyribose phosphate catabolic process,0/132,31/18842,0,0,-0.468033513537355,1,1,1,"",0
GO:0046395,carboxylic acid catabolic process,0/132,243/18842,0,0,-1.31783302324731,1,1,1,"",0
GO:0046427,positive regulation of receptor signaling pathway via JAK-STAT,0/132,47/18842,0,0,-0.576540486956794,1,1,1,"",0
GO:0046456,icosanoid biosynthetic process,0/132,62/18842,0,0,-0.66244541328332,1,1,1,"",0
GO:0046457,prostanoid biosynthetic process,0/132,33/18842,0,0,-0.482921080155088,1,1,1,"",0
GO:0046459,short-chain fatty acid metabolic process,0/132,14/18842,0,0,-0.314386558515355,1,1,1,"",0
GO:0046469,platelet activating factor metabolic process,0/132,10/18842,0,0,-0.265676917587564,1,1,1,"",0
GO:0046471,phosphatidylglycerol metabolic process,0/132,35/18842,0,0,-0.497366243942809,1,1,1,"",0
GO:0046477,glycosylceramide catabolic process,0/132,11/18842,0,0,-0.278651700375158,1,1,1,"",0
GO:0046479,glycosphingolipid catabolic process,0/132,24/18842,0,0,-0.411737985562741,1,1,1,"",0
GO:0046485,ether lipid metabolic process,0/132,23/18842,0,0,-0.403058137312115,1,1,1,"",0
GO:0046500,S-adenosylmethionine metabolic process,0/132,11/18842,0,0,-0.278651700375158,1,1,1,"",0
GO:0046504,glycerol ether biosynthetic process,0/132,12/18842,0,0,-0.291049937025784,1,1,1,"",0
GO:0046512,sphingosine biosynthetic process,0/132,16/18842,0,0,-0.336111220420459,1,1,1,"",0
GO:0046513,ceramide biosynthetic process,0/132,66/18842,0,0,-0.683553444519687,1,1,1,"",0
GO:0046514,ceramide catabolic process,0/132,26/18842,0,0,-0.428573257866855,1,1,1,"",0
GO:0046519,sphingoid metabolic process,0/132,23/18842,0,0,-0.403058137312115,1,1,1,"",0
GO:0046520,sphingoid biosynthetic process,0/132,16/18842,0,0,-0.336111220420459,1,1,1,"",0
GO:0046530,photoreceptor cell differentiation,0/132,43/18842,0,0,-0.551402715420296,1,1,1,"",0
GO:0046541,saliva secretion,0/132,11/18842,0,0,-0.278651700375158,1,1,1,"",0
GO:0046545,development of primary female sexual characteristics,0/132,60/18842,0,0,-0.651638527628289,1,1,1,"",0
GO:0046580,negative regulation of Ras protein signal transduction,0/132,22/18842,0,0,-0.39418816182791,1,1,1,"",0
GO:0046596,regulation of viral entry into host cell,0/132,18/18842,0,0,-0.356518722862875,1,1,1,"",0
GO:0046597,host-mediated suppression of symbiont invasion,0/132,24/18842,0,0,-0.411737985562741,1,1,1,"",0
GO:0046598,positive regulation of viral entry into host cell,0/132,12/18842,0,0,-0.291049937025784,1,1,1,"",0
GO:0046599,regulation of centriole replication,0/132,25/18842,0,0,-0.420239487852281,1,1,1,"",0
GO:0046601,positive regulation of centriole replication,0/132,11/18842,0,0,-0.278651700375158,1,1,1,"",0
GO:0046605,regulation of centrosome cycle,0/132,59/18842,0,0,-0.646168188121849,1,1,1,"",0
GO:0046606,negative regulation of centrosome cycle,0/132,11/18842,0,0,-0.278651700375158,1,1,1,"",0
GO:0046618,xenobiotic export from cell,0/132,30/18842,0,0,-0.460410467649609,1,1,1,"",0
GO:0046621,negative regulation of organ growth,0/132,28/18842,0,0,-0.444775127108293,1,1,1,"",0
GO:0046626,regulation of insulin receptor signaling pathway,0/132,66/18842,0,0,-0.683553444519687,1,1,1,"",0
GO:0046627,negative regulation of insulin receptor signaling pathway,0/132,40/18842,0,0,-0.531777573647406,1,1,1,"",0
GO:0046628,positive regulation of insulin receptor signaling pathway,0/132,21/18842,0,0,-0.385114922134588,1,1,1,"",0
GO:0046633,alpha-beta T cell proliferation,0/132,33/18842,0,0,-0.482921080155088,1,1,1,"",0
GO:0046636,negative regulation of alpha-beta T cell activation,0/132,41/18842,0,0,-0.538398077299233,1,1,1,"",0
GO:0046639,negative regulation of alpha-beta T cell differentiation,0/132,26/18842,0,0,-0.428573257866855,1,1,1,"",0
GO:0046640,regulation of alpha-beta T cell proliferation,0/132,31/18842,0,0,-0.468033513537355,1,1,1,"",0
GO:0046641,positive regulation of alpha-beta T cell proliferation,0/132,18/18842,0,0,-0.356518722862875,1,1,1,"",0
GO:0046642,negative regulation of alpha-beta T cell proliferation,0/132,12/18842,0,0,-0.291049937025784,1,1,1,"",0
GO:0046653,tetrahydrofolate metabolic process,0/132,20/18842,0,0,-0.375823696578768,1,1,1,"",0
GO:0046655,folic acid metabolic process,0/132,15/18842,0,0,-0.325429646814657,1,1,1,"",0
GO:0046660,female sex differentiation,0/132,69/18842,0,0,-0.69897195681039,1,1,1,"",0
GO:0046677,response to antibiotic,0/132,27/18842,0,0,-0.436748897537163,1,1,1,"",0
GO:0046685,response to arsenic-containing substance,0/132,27/18842,0,0,-0.436748897537163,1,1,1,"",0
GO:0046686,response to cadmium ion,0/132,40/18842,0,0,-0.531777573647406,1,1,1,"",0
GO:0046688,response to copper ion,0/132,39/18842,0,0,-0.525074318209442,1,1,1,"",0
GO:0046689,response to mercury ion,0/132,11/18842,0,0,-0.278651700375158,1,1,1,"",0
GO:0046697,decidualization,0/132,16/18842,0,0,-0.336111220420459,1,1,1,"",0
GO:0046710,GDP metabolic process,0/132,11/18842,0,0,-0.278651700375158,1,1,1,"",0
GO:0046716,muscle cell cellular homeostasis,0/132,13/18842,0,0,-0.302942423276413,1,1,1,"",0
GO:0046753,non-lytic viral release,0/132,15/18842,0,0,-0.325429646814657,1,1,1,"",0
GO:0046755,viral budding,0/132,25/18842,0,0,-0.420239487852281,1,1,1,"",0
GO:0046761,viral budding from plasma membrane,0/132,14/18842,0,0,-0.314386558515355,1,1,1,"",0
GO:0046782,regulation of viral transcription,0/132,20/18842,0,0,-0.375823696578768,1,1,1,"",0
GO:0046794,transport of virus,0/132,11/18842,0,0,-0.278651700375158,1,1,1,"",0
GO:0046823,negative regulation of nucleocytoplasmic transport,0/132,24/18842,0,0,-0.411737985562741,1,1,1,"",0
GO:0046824,positive regulation of nucleocytoplasmic transport,0/132,57/18842,0,0,-0.635087953146595,1,1,1,"",0
GO:0046825,regulation of protein export from nucleus,0/132,30/18842,0,0,-0.460410467649609,1,1,1,"",0
GO:0046827,positive regulation of protein export from nucleus,0/132,18/18842,0,0,-0.356518722862875,1,1,1,"",0
GO:0046835,carbohydrate phosphorylation,0/132,24/18842,0,0,-0.411737985562741,1,1,1,"",0
GO:0046839,phospholipid dephosphorylation,0/132,39/18842,0,0,-0.525074318209442,1,1,1,"",0
GO:0046851,negative regulation of bone remodeling,0/132,17/18842,0,0,-0.346464717820737,1,1,1,"",0
GO:0046856,phosphatidylinositol dephosphorylation,0/132,26/18842,0,0,-0.428573257866855,1,1,1,"",0
GO:0046885,regulation of hormone biosynthetic process,0/132,20/18842,0,0,-0.375823696578768,1,1,1,"",0
GO:0046886,positive regulation of hormone biosynthetic process,0/132,11/18842,0,0,-0.278651700375158,1,1,1,"",0
GO:0046889,positive regulation of lipid biosynthetic process,0/132,102/18842,0,0,-0.850584254864905,1,1,1,"",0
GO:0046928,regulation of neurotransmitter secretion,0/132,80/18842,0,0,-0.752848300446955,1,1,1,"",0
GO:0046931,pore complex assembly,0/132,19/18842,0,0,-0.366297897596641,1,1,1,"",0
GO:0046940,nucleoside monophosphate phosphorylation,0/132,10/18842,0,0,-0.265676917587564,1,1,1,"",0
GO:0047484,regulation of response to osmotic stress,0/132,11/18842,0,0,-0.278651700375158,1,1,1,"",0
GO:0047497,mitochondrion transport along microtubule,0/132,26/18842,0,0,-0.428573257866855,1,1,1,"",0
GO:0048009,insulin-like growth factor receptor signaling pathway,0/132,47/18842,0,0,-0.576540486956794,1,1,1,"",0
GO:0048013,ephrin receptor signaling pathway,0/132,51/18842,0,0,-0.600637147477136,1,1,1,"",0
GO:0048015,phosphatidylinositol-mediated signaling,0/132,24/18842,0,0,-0.411737985562741,1,1,1,"",0
GO:0048021,regulation of melanin biosynthetic process,0/132,17/18842,0,0,-0.346464717820737,1,1,1,"",0
GO:0048023,positive regulation of melanin biosynthetic process,0/132,12/18842,0,0,-0.291049937025784,1,1,1,"",0
GO:0048025,"negative regulation of mRNA splicing, via spliceosome",0/132,27/18842,0,0,-0.436748897537163,1,1,1,"",0
GO:0048026,"positive regulation of mRNA splicing, via spliceosome",0/132,14/18842,0,0,-0.314386558515355,1,1,1,"",0
GO:0048066,developmental pigmentation,0/132,35/18842,0,0,-0.497366243942809,1,1,1,"",0
GO:0048146,positive regulation of fibroblast proliferation,0/132,39/18842,0,0,-0.525074318209442,1,1,1,"",0
GO:0048148,behavioral response to cocaine,0/132,11/18842,0,0,-0.278651700375158,1,1,1,"",0
GO:0048149,behavioral response to ethanol,0/132,11/18842,0,0,-0.278651700375158,1,1,1,"",0
GO:0048168,regulation of neuronal synaptic plasticity,0/132,49/18842,0,0,-0.588710836167025,1,1,1,"",0
GO:0048169,regulation of long-term neuronal synaptic plasticity,0/132,18/18842,0,0,-0.356518722862875,1,1,1,"",0
GO:0048172,regulation of short-term neuronal synaptic plasticity,0/132,14/18842,0,0,-0.314386558515355,1,1,1,"",0
GO:0048194,Golgi vesicle budding,0/132,10/18842,0,0,-0.265676917587564,1,1,1,"",0
GO:0048199,"vesicle targeting, to, from or within Golgi",0/132,33/18842,0,0,-0.482921080155088,1,1,1,"",0
GO:0048207,"vesicle targeting, rough ER to cis-Golgi",0/132,26/18842,0,0,-0.428573257866855,1,1,1,"",0
GO:0048208,COPII vesicle coating,0/132,25/18842,0,0,-0.420239487852281,1,1,1,"",0
GO:0048227,plasma membrane to endosome transport,0/132,11/18842,0,0,-0.278651700375158,1,1,1,"",0
GO:0048240,sperm capacitation,0/132,37/18842,0,0,-0.511406495482523,1,1,1,"",0
GO:0048241,epinephrine transport,0/132,11/18842,0,0,-0.278651700375158,1,1,1,"",0
GO:0048243,norepinephrine secretion,0/132,12/18842,0,0,-0.291049937025784,1,1,1,"",0
GO:0048245,eosinophil chemotaxis,0/132,21/18842,0,0,-0.385114922134588,1,1,1,"",0
GO:0048246,macrophage chemotaxis,0/132,38/18842,0,0,-0.518285100061389,1,1,1,"",0
GO:0048247,lymphocyte chemotaxis,0/132,47/18842,0,0,-0.576540486956794,1,1,1,"",0
GO:0048260,positive regulation of receptor-mediated endocytosis,0/132,54/18842,0,0,-0.618099867926707,1,1,1,"",0
GO:0048261,negative regulation of receptor-mediated endocytosis,0/132,31/18842,0,0,-0.468033513537355,1,1,1,"",0
GO:0048262,determination of dorsal/ventral asymmetry,0/132,10/18842,0,0,-0.265676917587564,1,1,1,"",0
GO:0048265,response to pain,0/132,23/18842,0,0,-0.403058137312115,1,1,1,"",0
GO:0048266,behavioral response to pain,0/132,13/18842,0,0,-0.302942423276413,1,1,1,"",0
GO:0048268,clathrin coat assembly,0/132,22/18842,0,0,-0.39418816182791,1,1,1,"",0
GO:0048278,vesicle docking,0/132,58/18842,0,0,-0.640651730579912,1,1,1,"",0
GO:0048286,lung alveolus development,0/132,18/18842,0,0,-0.356518722862875,1,1,1,"",0
GO:0048308,organelle inheritance,0/132,16/18842,0,0,-0.336111220420459,1,1,1,"",0
GO:0048311,mitochondrion distribution,0/132,14/18842,0,0,-0.314386558515355,1,1,1,"",0
GO:0048313,Golgi inheritance,0/132,16/18842,0,0,-0.336111220420459,1,1,1,"",0
GO:0048368,lateral mesoderm development,0/132,13/18842,0,0,-0.302942423276413,1,1,1,"",0
GO:0048385,regulation of retinoic acid receptor signaling pathway,0/132,15/18842,0,0,-0.325429646814657,1,1,1,"",0
GO:0048388,endosomal lumen acidification,0/132,13/18842,0,0,-0.302942423276413,1,1,1,"",0
GO:0048477,oogenesis,0/132,74/18842,0,0,-0.723950561212253,1,1,1,"",0
GO:0048483,autonomic nervous system development,0/132,33/18842,0,0,-0.482921080155088,1,1,1,"",0
GO:0048484,enteric nervous system development,0/132,11/18842,0,0,-0.278651700375158,1,1,1,"",0
GO:0048485,sympathetic nervous system development,0/132,17/18842,0,0,-0.346464717820737,1,1,1,"",0
GO:0048486,parasympathetic nervous system development,0/132,13/18842,0,0,-0.302942423276413,1,1,1,"",0
GO:0048499,synaptic vesicle membrane organization,0/132,34/18842,0,0,-0.490196489878786,1,1,1,"",0
GO:0048512,circadian behavior,0/132,44/18842,0,0,-0.557792360956695,1,1,1,"",0
GO:0048515,spermatid differentiation,0/132,203/18842,0,0,-1.20320259920318,1,1,1,"",0
GO:0048520,positive regulation of behavior,0/132,29/18842,0,0,-0.452659894469733,1,1,1,"",0
GO:0048521,negative regulation of behavior,0/132,15/18842,0,0,-0.325429646814657,1,1,1,"",0
GO:0048524,positive regulation of viral process,0/132,61/18842,0,0,-0.65706390104955,1,1,1,"",0
GO:0048532,anatomical structure arrangement,0/132,12/18842,0,0,-0.291049937025784,1,1,1,"",0
GO:0048534,hematopoietic or lymphoid organ development,0/132,38/18842,0,0,-0.518285100061389,1,1,1,"",0
GO:0048536,spleen development,0/132,11/18842,0,0,-0.278651700375158,1,1,1,"",0
GO:0048538,thymus development,0/132,16/18842,0,0,-0.336111220420459,1,1,1,"",0
GO:0048546,digestive tract morphogenesis,0/132,24/18842,0,0,-0.411737985562741,1,1,1,"",0
GO:0048548,regulation of pinocytosis,0/132,12/18842,0,0,-0.291049937025784,1,1,1,"",0
GO:0048566,embryonic digestive tract development,0/132,21/18842,0,0,-0.385114922134588,1,1,1,"",0
GO:0048599,oocyte development,0/132,41/18842,0,0,-0.538398077299233,1,1,1,"",0
GO:0048634,regulation of muscle organ development,0/132,31/18842,0,0,-0.468033513537355,1,1,1,"",0
GO:0048636,positive regulation of muscle organ development,0/132,14/18842,0,0,-0.314386558515355,1,1,1,"",0
GO:0048640,negative regulation of developmental growth,0/132,66/18842,0,0,-0.683553444519687,1,1,1,"",0
GO:0048641,regulation of skeletal muscle tissue development,0/132,16/18842,0,0,-0.336111220420459,1,1,1,"",0
GO:0048643,positive regulation of skeletal muscle tissue development,0/132,13/18842,0,0,-0.302942423276413,1,1,1,"",0
GO:0048663,neuron fate commitment,0/132,25/18842,0,0,-0.420239487852281,1,1,1,"",0
GO:0048665,neuron fate specification,0/132,14/18842,0,0,-0.314386558515355,1,1,1,"",0
GO:0048668,collateral sprouting,0/132,16/18842,0,0,-0.336111220420459,1,1,1,"",0
GO:0048670,regulation of collateral sprouting,0/132,12/18842,0,0,-0.291049937025784,1,1,1,"",0
GO:0048679,regulation of axon regeneration,0/132,21/18842,0,0,-0.385114922134588,1,1,1,"",0
GO:0048681,negative regulation of axon regeneration,0/132,12/18842,0,0,-0.291049937025784,1,1,1,"",0
GO:0048701,embryonic cranial skeleton morphogenesis,0/132,15/18842,0,0,-0.325429646814657,1,1,1,"",0
GO:0048704,embryonic skeletal system morphogenesis,0/132,40/18842,0,0,-0.531777573647406,1,1,1,"",0
GO:0048705,skeletal system morphogenesis,0/132,106/18842,0,0,-0.867194551167246,1,1,1,"",0
GO:0048706,embryonic skeletal system development,0/132,64/18842,0,0,-0.673081054207394,1,1,1,"",0
GO:0048709,oligodendrocyte differentiation,0/132,72/18842,0,0,-0.714062388945711,1,1,1,"",0
GO:0048710,regulation of astrocyte differentiation,0/132,22/18842,0,0,-0.39418816182791,1,1,1,"",0
GO:0048711,positive regulation of astrocyte differentiation,0/132,10/18842,0,0,-0.265676917587564,1,1,1,"",0
GO:0048713,regulation of oligodendrocyte differentiation,0/132,28/18842,0,0,-0.444775127108293,1,1,1,"",0
GO:0048714,positive regulation of oligodendrocyte differentiation,0/132,15/18842,0,0,-0.325429646814657,1,1,1,"",0
GO:0048730,epidermis morphogenesis,0/132,19/18842,0,0,-0.366297897596641,1,1,1,"",0
GO:0048741,skeletal muscle fiber development,0/132,22/18842,0,0,-0.39418816182791,1,1,1,"",0
GO:0048742,regulation of skeletal muscle fiber development,0/132,10/18842,0,0,-0.265676917587564,1,1,1,"",0
GO:0048757,pigment granule maturation,0/132,11/18842,0,0,-0.278651700375158,1,1,1,"",0
GO:0048791,calcium ion-regulated exocytosis of neurotransmitter,0/132,14/18842,0,0,-0.314386558515355,1,1,1,"",0
GO:0048799,animal organ maturation,0/132,25/18842,0,0,-0.420239487852281,1,1,1,"",0
GO:0048813,dendrite morphogenesis,0/132,121/18842,0,0,-0.926894297258531,1,1,1,"",0
GO:0048814,regulation of dendrite morphogenesis,0/132,57/18842,0,0,-0.635087953146595,1,1,1,"",0
GO:0048821,erythrocyte development,0/132,34/18842,0,0,-0.490196489878786,1,1,1,"",0
GO:0048841,regulation of axon extension involved in axon guidance,0/132,11/18842,0,0,-0.278651700375158,1,1,1,"",0
GO:0048846,axon extension involved in axon guidance,0/132,16/18842,0,0,-0.336111220420459,1,1,1,"",0
GO:0048854,brain morphogenesis,0/132,18/18842,0,0,-0.356518722862875,1,1,1,"",0
GO:0048857,neural nucleus development,0/132,53/18842,0,0,-0.61233368108521,1,1,1,"",0
GO:0048864,stem cell development,0/132,62/18842,0,0,-0.66244541328332,1,1,1,"",0
GO:0050000,chromosome localization,0/132,123/18842,0,0,-0.934573108019088,1,1,1,"",0
GO:0050427,3'-phosphoadenosine 5'-phosphosulfate metabolic process,0/132,17/18842,0,0,-0.346464717820737,1,1,1,"",0
GO:0050432,catecholamine secretion,0/132,39/18842,0,0,-0.525074318209442,1,1,1,"",0
GO:0050433,regulation of catecholamine secretion,0/132,37/18842,0,0,-0.511406495482523,1,1,1,"",0
GO:0050482,arachidonate secretion,0/132,27/18842,0,0,-0.436748897537163,1,1,1,"",0
GO:0050650,chondroitin sulfate proteoglycan biosynthetic process,0/132,24/18842,0,0,-0.411737985562741,1,1,1,"",0
GO:0050651,dermatan sulfate proteoglycan biosynthetic process,0/132,13/18842,0,0,-0.302942423276413,1,1,1,"",0
GO:0050654,chondroitin sulfate proteoglycan metabolic process,0/132,32/18842,0,0,-0.47553516526091,1,1,1,"",0
GO:0050655,dermatan sulfate proteoglycan metabolic process,0/132,17/18842,0,0,-0.346464717820737,1,1,1,"",0
GO:0050665,hydrogen peroxide biosynthetic process,0/132,13/18842,0,0,-0.302942423276413,1,1,1,"",0
GO:0050667,homocysteine metabolic process,0/132,15/18842,0,0,-0.325429646814657,1,1,1,"",0
GO:0050685,positive regulation of mRNA processing,0/132,18/18842,0,0,-0.356518722862875,1,1,1,"",0
GO:0050686,negative regulation of mRNA processing,0/132,28/18842,0,0,-0.444775127108293,1,1,1,"",0
GO:0050730,regulation of peptidyl-tyrosine phosphorylation,0/132,80/18842,0,0,-0.752848300446955,1,1,1,"",0
GO:0050731,positive regulation of peptidyl-tyrosine phosphorylation,0/132,54/18842,0,0,-0.618099867926707,1,1,1,"",0
GO:0050732,negative regulation of peptidyl-tyrosine phosphorylation,0/132,23/18842,0,0,-0.403058137312115,1,1,1,"",0
GO:0050746,regulation of lipoprotein metabolic process,0/132,16/18842,0,0,-0.336111220420459,1,1,1,"",0
GO:0050765,negative regulation of phagocytosis,0/132,19/18842,0,0,-0.366297897596641,1,1,1,"",0
GO:0050771,negative regulation of axonogenesis,0/132,34/18842,0,0,-0.490196489878786,1,1,1,"",0
GO:0050773,regulation of dendrite development,0/132,89/18842,0,0,-0.794258137686323,1,1,1,"",0
GO:0050775,positive regulation of dendrite morphogenesis,0/132,34/18842,0,0,-0.490196489878786,1,1,1,"",0
GO:0050795,regulation of behavior,0/132,86/18842,0,0,-0.780694572729888,1,1,1,"",0
GO:0050802,"circadian sleep/wake cycle, sleep",0/132,20/18842,0,0,-0.375823696578768,1,1,1,"",0
GO:0050812,regulation of acyl-CoA biosynthetic process,0/132,10/18842,0,0,-0.265676917587564,1,1,1,"",0
GO:0050818,regulation of coagulation,0/132,72/18842,0,0,-0.714062388945711,1,1,1,"",0
GO:0050819,negative regulation of coagulation,0/132,52/18842,0,0,-0.60651329946757,1,1,1,"",0
GO:0050820,positive regulation of coagulation,0/132,28/18842,0,0,-0.444775127108293,1,1,1,"",0
GO:0050829,defense response to Gram-negative bacterium,0/132,103/18842,0,0,-0.854766422117202,1,1,1,"",0
GO:0050830,defense response to Gram-positive bacterium,0/132,112/18842,0,0,-0.891542743016415,1,1,1,"",0
GO:0050832,defense response to fungus,0/132,65/18842,0,0,-0.678337180323899,1,1,1,"",0
GO:0050847,progesterone receptor signaling pathway,0/132,11/18842,0,0,-0.278651700375158,1,1,1,"",0
GO:0050848,regulation of calcium-mediated signaling,0/132,83/18842,0,0,-0.7668956089656,1,1,1,"",0
GO:0050849,negative regulation of calcium-mediated signaling,0/132,19/18842,0,0,-0.366297897596641,1,1,1,"",0
GO:0050850,positive regulation of calcium-mediated signaling,0/132,51/18842,0,0,-0.600637147477136,1,1,1,"",0
GO:0050854,regulation of antigen receptor-mediated signaling pathway,0/132,74/18842,0,0,-0.723950561212253,1,1,1,"",0
GO:0050855,regulation of B cell receptor signaling pathway,0/132,23/18842,0,0,-0.403058137312115,1,1,1,"",0
GO:0050856,regulation of T cell receptor signaling pathway,0/132,54/18842,0,0,-0.618099867926707,1,1,1,"",0
GO:0050857,positive regulation of antigen receptor-mediated signaling pathway,0/132,24/18842,0,0,-0.411737985562741,1,1,1,"",0
GO:0050858,negative regulation of antigen receptor-mediated signaling pathway,0/132,45/18842,0,0,-0.564110304289483,1,1,1,"",0
GO:0050859,negative regulation of B cell receptor signaling pathway,0/132,11/18842,0,0,-0.278651700375158,1,1,1,"",0
GO:0050860,negative regulation of T cell receptor signaling pathway,0/132,34/18842,0,0,-0.490196489878786,1,1,1,"",0
GO:0050862,positive regulation of T cell receptor signaling pathway,0/132,17/18842,0,0,-0.346464717820737,1,1,1,"",0
GO:0050869,negative regulation of B cell activation,0/132,25/18842,0,0,-0.420239487852281,1,1,1,"",0
GO:0050871,positive regulation of B cell activation,0/132,65/18842,0,0,-0.678337180323899,1,1,1,"",0
GO:0050885,neuromuscular process controlling balance,0/132,19/18842,0,0,-0.366297897596641,1,1,1,"",0
GO:0050901,leukocyte tethering or rolling,0/132,30/18842,0,0,-0.460410467649609,1,1,1,"",0
GO:0050907,detection of chemical stimulus involved in sensory perception,0/132,484/18842,0,0,-1.87202672619474,1,1,1,"",0
GO:0050908,detection of light stimulus involved in visual perception,0/132,17/18842,0,0,-0.346464717820737,1,1,1,"",0
GO:0050909,sensory perception of taste,0/132,65/18842,0,0,-0.678337180323899,1,1,1,"",0
GO:0050911,detection of chemical stimulus involved in sensory perception of smell,0/132,436/18842,0,0,-1.77445741990845,1,1,1,"",0
GO:0050912,detection of chemical stimulus involved in sensory perception of taste,0/132,45/18842,0,0,-0.564110304289483,1,1,1,"",0
GO:0050913,sensory perception of bitter taste,0/132,42/18842,0,0,-0.544938845356922,1,1,1,"",0
GO:0050918,positive chemotaxis,0/132,71/18842,0,0,-0.709067395734335,1,1,1,"",0
GO:0050919,negative chemotaxis,0/132,45/18842,0,0,-0.564110304289483,1,1,1,"",0
GO:0050926,regulation of positive chemotaxis,0/132,23/18842,0,0,-0.403058137312115,1,1,1,"",0
GO:0050927,positive regulation of positive chemotaxis,0/132,22/18842,0,0,-0.39418816182791,1,1,1,"",0
GO:0050930,induction of positive chemotaxis,0/132,12/18842,0,0,-0.291049937025784,1,1,1,"",0
GO:0050931,pigment cell differentiation,0/132,24/18842,0,0,-0.411737985562741,1,1,1,"",0
GO:0050951,sensory perception of temperature stimulus,0/132,23/18842,0,0,-0.403058137312115,1,1,1,"",0
GO:0050961,detection of temperature stimulus involved in sensory perception,0/132,17/18842,0,0,-0.346464717820737,1,1,1,"",0
GO:0050962,detection of light stimulus involved in sensory perception,0/132,17/18842,0,0,-0.346464717820737,1,1,1,"",0
GO:0050965,detection of temperature stimulus involved in sensory perception of pain,0/132,16/18842,0,0,-0.336111220420459,1,1,1,"",0
GO:0050966,detection of mechanical stimulus involved in sensory perception of pain,0/132,10/18842,0,0,-0.265676917587564,1,1,1,"",0
GO:0050994,regulation of lipid catabolic process,0/132,64/18842,0,0,-0.673081054207394,1,1,1,"",0
GO:0050995,negative regulation of lipid catabolic process,0/132,27/18842,0,0,-0.436748897537163,1,1,1,"",0
GO:0050996,positive regulation of lipid catabolic process,0/132,27/18842,0,0,-0.436748897537163,1,1,1,"",0
GO:0051013,microtubule severing,0/132,11/18842,0,0,-0.278651700375158,1,1,1,"",0
GO:0051014,actin filament severing,0/132,17/18842,0,0,-0.346464717820737,1,1,1,"",0
GO:0051016,barbed-end actin filament capping,0/132,26/18842,0,0,-0.428573257866855,1,1,1,"",0
GO:0051036,regulation of endosome size,0/132,11/18842,0,0,-0.278651700375158,1,1,1,"",0
GO:0051043,regulation of membrane protein ectodomain proteolysis,0/132,25/18842,0,0,-0.420239487852281,1,1,1,"",0
GO:0051044,positive regulation of membrane protein ectodomain proteolysis,0/132,15/18842,0,0,-0.325429646814657,1,1,1,"",0
GO:0051058,negative regulation of small GTPase mediated signal transduction,0/132,62/18842,0,0,-0.66244541328332,1,1,1,"",0
GO:0051081,nuclear membrane disassembly,0/132,12/18842,0,0,-0.291049937025784,1,1,1,"",0
GO:0051123,RNA polymerase II preinitiation complex assembly,0/132,69/18842,0,0,-0.69897195681039,1,1,1,"",0
GO:0051124,synaptic assembly at neuromuscular junction,0/132,11/18842,0,0,-0.278651700375158,1,1,1,"",0
GO:0051127,positive regulation of actin nucleation,0/132,11/18842,0,0,-0.278651700375158,1,1,1,"",0
GO:0051133,regulation of NK T cell activation,0/132,12/18842,0,0,-0.291049937025784,1,1,1,"",0
GO:0051148,negative regulation of muscle cell differentiation,0/132,60/18842,0,0,-0.651638527628289,1,1,1,"",0
GO:0051151,negative regulation of smooth muscle cell differentiation,0/132,19/18842,0,0,-0.366297897596641,1,1,1,"",0
GO:0051154,negative regulation of striated muscle cell differentiation,0/132,35/18842,0,0,-0.497366243942809,1,1,1,"",0
GO:0051177,meiotic sister chromatid cohesion,0/132,18/18842,0,0,-0.356518722862875,1,1,1,"",0
GO:0051204,protein insertion into mitochondrial membrane,0/132,31/18842,0,0,-0.468033513537355,1,1,1,"",0
GO:0051209,release of sequestered calcium ion into cytosol,0/132,116/18842,0,0,-0.907420385745053,1,1,1,"",0
GO:0051235,maintenance of location,0/132,56/18842,0,0,-0.629475600981219,1,1,1,"",0
GO:0051255,spindle midzone assembly,0/132,13/18842,0,0,-0.302942423276413,1,1,1,"",0
GO:0051256,mitotic spindle midzone assembly,0/132,11/18842,0,0,-0.278651700375158,1,1,1,"",0
GO:0051260,protein homooligomerization,0/132,212/18842,0,0,-1.22988229518818,1,1,1,"",0
GO:0051261,protein depolymerization,0/132,116/18842,0,0,-0.907420385745053,1,1,1,"",0
GO:0051279,regulation of release of sequestered calcium ion into cytosol,0/132,70/18842,0,0,-0.70403750286045,1,1,1,"",0
GO:0051281,positive regulation of release of sequestered calcium ion into cytosol,0/132,30/18842,0,0,-0.460410467649609,1,1,1,"",0
GO:0051289,protein homotetramerization,0/132,68/18842,0,0,-0.693869976647335,1,1,1,"",0
GO:0051290,protein heterotetramerization,0/132,16/18842,0,0,-0.336111220420459,1,1,1,"",0
GO:0051291,protein heterooligomerization,0/132,26/18842,0,0,-0.428573257866855,1,1,1,"",0
GO:0051292,nuclear pore complex assembly,0/132,10/18842,0,0,-0.265676917587564,1,1,1,"",0
GO:0051293,establishment of spindle localization,0/132,55/18842,0,0,-0.623813362930432,1,1,1,"",0
GO:0051294,establishment of spindle orientation,0/132,38/18842,0,0,-0.518285100061389,1,1,1,"",0
GO:0051298,centrosome duplication,0/132,81/18842,0,0,-0.757559178371426,1,1,1,"",0
GO:0051304,chromosome separation,0/132,88/18842,0,0,-0.789762351666056,1,1,1,"",0
GO:0051306,mitotic sister chromatid separation,0/132,71/18842,0,0,-0.709067395734335,1,1,1,"",0
GO:0051307,meiotic chromosome separation,0/132,10/18842,0,0,-0.265676917587564,1,1,1,"",0
GO:0051310,metaphase chromosome alignment,0/132,109/18842,0,0,-0.879450963513604,1,1,1,"",0
GO:0051315,attachment of mitotic spindle microtubules to kinetochore,0/132,26/18842,0,0,-0.428573257866855,1,1,1,"",0
GO:0051341,regulation of oxidoreductase activity,0/132,13/18842,0,0,-0.302942423276413,1,1,1,"",0
GO:0051346,negative regulation of hydrolase activity,0/132,33/18842,0,0,-0.482921080155088,1,1,1,"",0
GO:0051382,kinetochore assembly,0/132,33/18842,0,0,-0.482921080155088,1,1,1,"",0
GO:0051383,kinetochore organization,0/132,34/18842,0,0,-0.490196489878786,1,1,1,"",0
GO:0051385,response to mineralocorticoid,0/132,35/18842,0,0,-0.497366243942809,1,1,1,"",0
GO:0051412,response to corticosterone,0/132,15/18842,0,0,-0.325429646814657,1,1,1,"",0
GO:0051438,regulation of ubiquitin-protein transferase activity,0/132,19/18842,0,0,-0.366297897596641,1,1,1,"",0
GO:0051443,positive regulation of ubiquitin-protein transferase activity,0/132,12/18842,0,0,-0.291049937025784,1,1,1,"",0
GO:0051445,regulation of meiotic cell cycle,0/132,57/18842,0,0,-0.635087953146595,1,1,1,"",0
GO:0051446,positive regulation of meiotic cell cycle,0/132,17/18842,0,0,-0.346464717820737,1,1,1,"",0
GO:0051447,negative regulation of meiotic cell cycle,0/132,18/18842,0,0,-0.356518722862875,1,1,1,"",0
GO:0051450,myoblast proliferation,0/132,24/18842,0,0,-0.411737985562741,1,1,1,"",0
GO:0051452,intracellular pH reduction,0/132,55/18842,0,0,-0.623813362930432,1,1,1,"",0
GO:0051453,regulation of intracellular pH,0/132,92/18842,0,0,-0.807598166481001,1,1,1,"",0
GO:0051457,maintenance of protein location in nucleus,0/132,21/18842,0,0,-0.385114922134588,1,1,1,"",0
GO:0051469,vesicle fusion with vacuole,0/132,11/18842,0,0,-0.278651700375158,1,1,1,"",0
GO:0051480,regulation of cytosolic calcium ion concentration,0/132,56/18842,0,0,-0.629475600981219,1,1,1,"",0
GO:0051481,negative regulation of cytosolic calcium ion concentration,0/132,16/18842,0,0,-0.336111220420459,1,1,1,"",0
GO:0051496,positive regulation of stress fiber assembly,0/132,50/18842,0,0,-0.594703571845774,1,1,1,"",0
GO:0051546,keratinocyte migration,0/132,18/18842,0,0,-0.356518722862875,1,1,1,"",0
GO:0051547,regulation of keratinocyte migration,0/132,14/18842,0,0,-0.314386558515355,1,1,1,"",0
GO:0051549,positive regulation of keratinocyte migration,0/132,12/18842,0,0,-0.291049937025784,1,1,1,"",0
GO:0051552,flavone metabolic process,0/132,10/18842,0,0,-0.265676917587564,1,1,1,"",0
GO:0051560,mitochondrial calcium ion homeostasis,0/132,22/18842,0,0,-0.39418816182791,1,1,1,"",0
GO:0051580,regulation of neurotransmitter uptake,0/132,19/18842,0,0,-0.366297897596641,1,1,1,"",0
GO:0051583,dopamine uptake involved in synaptic transmission,0/132,10/18842,0,0,-0.265676917587564,1,1,1,"",0
GO:0051588,regulation of neurotransmitter transport,0/132,98/18842,0,0,-0.833650368902926,1,1,1,"",0
GO:0051590,positive regulation of neurotransmitter transport,0/132,25/18842,0,0,-0.420239487852281,1,1,1,"",0
GO:0051602,response to electrical stimulus,0/132,32/18842,0,0,-0.47553516526091,1,1,1,"",0
GO:0051608,histamine transport,0/132,13/18842,0,0,-0.302942423276413,1,1,1,"",0
GO:0051610,serotonin uptake,0/132,13/18842,0,0,-0.302942423276413,1,1,1,"",0
GO:0051639,actin filament network formation,0/132,13/18842,0,0,-0.302942423276413,1,1,1,"",0
GO:0051642,centrosome localization,0/132,23/18842,0,0,-0.403058137312115,1,1,1,"",0
GO:0051645,Golgi localization,0/132,12/18842,0,0,-0.291049937025784,1,1,1,"",0
GO:0051646,mitochondrion localization,0/132,50/18842,0,0,-0.594703571845774,1,1,1,"",0
GO:0051647,nucleus localization,0/132,27/18842,0,0,-0.436748897537163,1,1,1,"",0
GO:0051651,maintenance of location in cell,0/132,56/18842,0,0,-0.629475600981219,1,1,1,"",0
GO:0051653,spindle localization,0/132,57/18842,0,0,-0.635087953146595,1,1,1,"",0
GO:0051654,establishment of mitochondrion localization,0/132,30/18842,0,0,-0.460410467649609,1,1,1,"",0
GO:0051693,actin filament capping,0/132,42/18842,0,0,-0.544938845356922,1,1,1,"",0
GO:0051775,response to redox state,0/132,11/18842,0,0,-0.278651700375158,1,1,1,"",0
GO:0051781,positive regulation of cell division,0/132,98/18842,0,0,-0.833650368902926,1,1,1,"",0
GO:0051782,negative regulation of cell division,0/132,13/18842,0,0,-0.302942423276413,1,1,1,"",0
GO:0051783,regulation of nuclear division,0/132,135/18842,0,0,-0.97941524061761,1,1,1,"",0
GO:0051784,negative regulation of nuclear division,0/132,70/18842,0,0,-0.70403750286045,1,1,1,"",0
GO:0051785,positive regulation of nuclear division,0/132,52/18842,0,0,-0.60651329946757,1,1,1,"",0
GO:0051788,response to misfolded protein,0/132,19/18842,0,0,-0.366297897596641,1,1,1,"",0
GO:0051791,medium-chain fatty acid metabolic process,0/132,15/18842,0,0,-0.325429646814657,1,1,1,"",0
GO:0051797,regulation of hair follicle development,0/132,13/18842,0,0,-0.302942423276413,1,1,1,"",0
GO:0051798,positive regulation of hair follicle development,0/132,10/18842,0,0,-0.265676917587564,1,1,1,"",0
GO:0051865,protein autoubiquitination,0/132,74/18842,0,0,-0.723950561212253,1,1,1,"",0
GO:0051875,pigment granule localization,0/132,23/18842,0,0,-0.403058137312115,1,1,1,"",0
GO:0051881,regulation of mitochondrial membrane potential,0/132,60/18842,0,0,-0.651638527628289,1,1,1,"",0
GO:0051882,mitochondrial depolarization,0/132,20/18842,0,0,-0.375823696578768,1,1,1,"",0
GO:0051894,positive regulation of focal adhesion assembly,0/132,25/18842,0,0,-0.420239487852281,1,1,1,"",0
GO:0051895,negative regulation of focal adhesion assembly,0/132,19/18842,0,0,-0.366297897596641,1,1,1,"",0
GO:0051898,negative regulation of phosphatidylinositol 3-kinase/protein kinase B signal transduction,0/132,68/18842,0,0,-0.693869976647335,1,1,1,"",0
GO:0051899,membrane depolarization,0/132,97/18842,0,0,-0.829364021520063,1,1,1,"",0
GO:0051900,regulation of mitochondrial depolarization,0/132,17/18842,0,0,-0.346464717820737,1,1,1,"",0
GO:0051904,pigment granule transport,0/132,19/18842,0,0,-0.366297897596641,1,1,1,"",0
GO:0051905,establishment of pigment granule localization,0/132,20/18842,0,0,-0.375823696578768,1,1,1,"",0
GO:0051917,regulation of fibrinolysis,0/132,17/18842,0,0,-0.346464717820737,1,1,1,"",0
GO:0051918,negative regulation of fibrinolysis,0/132,12/18842,0,0,-0.291049937025784,1,1,1,"",0
GO:0051923,sulfation,0/132,17/18842,0,0,-0.346464717820737,1,1,1,"",0
GO:0051926,negative regulation of calcium ion transport,0/132,53/18842,0,0,-0.61233368108521,1,1,1,"",0
GO:0051930,regulation of sensory perception of pain,0/132,21/18842,0,0,-0.385114922134588,1,1,1,"",0
GO:0051931,regulation of sensory perception,0/132,21/18842,0,0,-0.385114922134588,1,1,1,"",0
GO:0051932,"synaptic transmission, GABAergic",0/132,54/18842,0,0,-0.618099867926707,1,1,1,"",0
GO:0051937,catecholamine transport,0/132,53/18842,0,0,-0.61233368108521,1,1,1,"",0
GO:0051938,L-glutamate import,0/132,34/18842,0,0,-0.490196489878786,1,1,1,"",0
GO:0051952,regulation of amine transport,0/132,67/18842,0,0,-0.688730752593991,1,1,1,"",0
GO:0051953,negative regulation of amine transport,0/132,22/18842,0,0,-0.39418816182791,1,1,1,"",0
GO:0051954,positive regulation of amine transport,0/132,32/18842,0,0,-0.47553516526091,1,1,1,"",0
GO:0051955,regulation of amino acid transport,0/132,33/18842,0,0,-0.482921080155088,1,1,1,"",0
GO:0051956,negative regulation of amino acid transport,0/132,12/18842,0,0,-0.291049937025784,1,1,1,"",0
GO:0051957,positive regulation of amino acid transport,0/132,19/18842,0,0,-0.366297897596641,1,1,1,"",0
GO:0051963,regulation of synapse assembly,0/132,166/18842,0,0,-1.08696149076345,1,1,1,"",0
GO:0051964,negative regulation of synapse assembly,0/132,10/18842,0,0,-0.265676917587564,1,1,1,"",0
GO:0051965,positive regulation of synapse assembly,0/132,53/18842,0,0,-0.61233368108521,1,1,1,"",0
GO:0051966,"regulation of synaptic transmission, glutamatergic",0/132,69/18842,0,0,-0.69897195681039,1,1,1,"",0
GO:0051968,"positive regulation of synaptic transmission, glutamatergic",0/132,30/18842,0,0,-0.460410467649609,1,1,1,"",0
GO:0051969,regulation of transmission of nerve impulse,0/132,20/18842,0,0,-0.375823696578768,1,1,1,"",0
GO:0051983,regulation of chromosome segregation,0/132,140/18842,0,0,-0.997520978965492,1,1,1,"",0
GO:0051984,positive regulation of chromosome segregation,0/132,28/18842,0,0,-0.444775127108293,1,1,1,"",0
GO:0051985,negative regulation of chromosome segregation,0/132,61/18842,0,0,-0.65706390104955,1,1,1,"",0
GO:0051987,positive regulation of attachment of spindle microtubules to kinetochore,0/132,11/18842,0,0,-0.278651700375158,1,1,1,"",0
GO:0051988,regulation of attachment of spindle microtubules to kinetochore,0/132,23/18842,0,0,-0.403058137312115,1,1,1,"",0
GO:0052372,modulation by symbiont of entry into host,0/132,25/18842,0,0,-0.420239487852281,1,1,1,"",0
GO:0052547,regulation of peptidase activity,0/132,22/18842,0,0,-0.39418816182791,1,1,1,"",0
GO:0052548,regulation of endopeptidase activity,0/132,14/18842,0,0,-0.314386558515355,1,1,1,"",0
GO:0052646,alditol phosphate metabolic process,0/132,10/18842,0,0,-0.265676917587564,1,1,1,"",0
GO:0052803,imidazole-containing compound metabolic process,0/132,12/18842,0,0,-0.291049937025784,1,1,1,"",0
GO:0055017,cardiac muscle tissue growth,0/132,70/18842,0,0,-0.70403750286045,1,1,1,"",0
GO:0055021,regulation of cardiac muscle tissue growth,0/132,54/18842,0,0,-0.618099867926707,1,1,1,"",0
GO:0055022,negative regulation of cardiac muscle tissue growth,0/132,23/18842,0,0,-0.403058137312115,1,1,1,"",0
GO:0055023,positive regulation of cardiac muscle tissue growth,0/132,30/18842,0,0,-0.460410467649609,1,1,1,"",0
GO:0055057,neuroblast division,0/132,12/18842,0,0,-0.291049937025784,1,1,1,"",0
GO:0055062,phosphate ion homeostasis,0/132,17/18842,0,0,-0.346464717820737,1,1,1,"",0
GO:0055070,copper ion homeostasis,0/132,17/18842,0,0,-0.346464717820737,1,1,1,"",0
GO:0055078,sodium ion homeostasis,0/132,43/18842,0,0,-0.551402715420296,1,1,1,"",0
GO:0055089,fatty acid homeostasis,0/132,16/18842,0,0,-0.336111220420459,1,1,1,"",0
GO:0055091,phospholipid homeostasis,0/132,17/18842,0,0,-0.346464717820737,1,1,1,"",0
GO:0055092,sterol homeostasis,0/132,111/18842,0,0,-0.887530025022405,1,1,1,"",0
GO:0055093,response to hyperoxia,0/132,18/18842,0,0,-0.356518722862875,1,1,1,"",0
GO:0055119,relaxation of cardiac muscle,0/132,18/18842,0,0,-0.356518722862875,1,1,1,"",0
GO:0060004,reflex,0/132,13/18842,0,0,-0.302942423276413,1,1,1,"",0
GO:0060008,Sertoli cell differentiation,0/132,12/18842,0,0,-0.291049937025784,1,1,1,"",0
GO:0060021,roof of mouth development,0/132,38/18842,0,0,-0.518285100061389,1,1,1,"",0
GO:0060033,anatomical structure regression,0/132,10/18842,0,0,-0.265676917587564,1,1,1,"",0
GO:0060037,pharyngeal system development,0/132,25/18842,0,0,-0.420239487852281,1,1,1,"",0
GO:0060038,cardiac muscle cell proliferation,0/132,44/18842,0,0,-0.557792360956695,1,1,1,"",0
GO:0060039,pericardium development,0/132,10/18842,0,0,-0.265676917587564,1,1,1,"",0
GO:0060043,regulation of cardiac muscle cell proliferation,0/132,37/18842,0,0,-0.511406495482523,1,1,1,"",0
GO:0060044,negative regulation of cardiac muscle cell proliferation,0/132,11/18842,0,0,-0.278651700375158,1,1,1,"",0
GO:0060045,positive regulation of cardiac muscle cell proliferation,0/132,25/18842,0,0,-0.420239487852281,1,1,1,"",0
GO:0060046,regulation of acrosome reaction,0/132,12/18842,0,0,-0.291049937025784,1,1,1,"",0
GO:0060055,angiogenesis involved in wound healing,0/132,27/18842,0,0,-0.436748897537163,1,1,1,"",0
GO:0060071,"Wnt signaling pathway, planar cell polarity pathway",0/132,38/18842,0,0,-0.518285100061389,1,1,1,"",0
GO:0060074,synapse maturation,0/132,40/18842,0,0,-0.531777573647406,1,1,1,"",0
GO:0060075,regulation of resting membrane potential,0/132,10/18842,0,0,-0.265676917587564,1,1,1,"",0
GO:0060078,regulation of postsynaptic membrane potential,0/132,141/18842,0,0,-1.00110397975036,1,1,1,"",0
GO:0060079,excitatory postsynaptic potential,0/132,101/18842,0,0,-0.846381872435675,1,1,1,"",0
GO:0060080,inhibitory postsynaptic potential,0/132,19/18842,0,0,-0.366297897596641,1,1,1,"",0
GO:0060099,"regulation of phagocytosis, engulfment",0/132,14/18842,0,0,-0.314386558515355,1,1,1,"",0
GO:0060100,"positive regulation of phagocytosis, engulfment",0/132,12/18842,0,0,-0.291049937025784,1,1,1,"",0
GO:0060122,inner ear receptor cell stereocilium organization,0/132,14/18842,0,0,-0.314386558515355,1,1,1,"",0
GO:0060123,regulation of growth hormone secretion,0/132,10/18842,0,0,-0.265676917587564,1,1,1,"",0
GO:0060135,maternal process involved in female pregnancy,0/132,30/18842,0,0,-0.460410467649609,1,1,1,"",0
GO:0060142,regulation of syncytium formation by plasma membrane fusion,0/132,65/18842,0,0,-0.678337180323899,1,1,1,"",0
GO:0060143,positive regulation of syncytium formation by plasma membrane fusion,0/132,15/18842,0,0,-0.325429646814657,1,1,1,"",0
GO:0060147,regulation of post-transcriptional gene silencing,0/132,33/18842,0,0,-0.482921080155088,1,1,1,"",0
GO:0060148,positive regulation of post-transcriptional gene silencing,0/132,11/18842,0,0,-0.278651700375158,1,1,1,"",0
GO:0060149,negative regulation of post-transcriptional gene silencing,0/132,16/18842,0,0,-0.336111220420459,1,1,1,"",0
GO:0060159,regulation of dopamine receptor signaling pathway,0/132,10/18842,0,0,-0.265676917587564,1,1,1,"",0
GO:0060211,regulation of nuclear-transcribed mRNA poly(A) tail shortening,0/132,15/18842,0,0,-0.325429646814657,1,1,1,"",0
GO:0060213,positive regulation of nuclear-transcribed mRNA poly(A) tail shortening,0/132,13/18842,0,0,-0.302942423276413,1,1,1,"",0
GO:0060218,hematopoietic stem cell differentiation,0/132,26/18842,0,0,-0.428573257866855,1,1,1,"",0
GO:0060219,camera-type eye photoreceptor cell differentiation,0/132,16/18842,0,0,-0.336111220420459,1,1,1,"",0
GO:0060221,retinal rod cell differentiation,0/132,10/18842,0,0,-0.265676917587564,1,1,1,"",0
GO:0060231,mesenchymal to epithelial transition,0/132,16/18842,0,0,-0.336111220420459,1,1,1,"",0
GO:0060245,detection of cell density,0/132,10/18842,0,0,-0.265676917587564,1,1,1,"",0
GO:0060259,regulation of feeding behavior,0/132,38/18842,0,0,-0.518285100061389,1,1,1,"",0
GO:0060263,regulation of respiratory burst,0/132,17/18842,0,0,-0.346464717820737,1,1,1,"",0
GO:0060287,epithelial cilium movement involved in determination of left/right asymmetry,0/132,10/18842,0,0,-0.265676917587564,1,1,1,"",0
GO:0060295,regulation of cilium movement involved in cell motility,0/132,31/18842,0,0,-0.468033513537355,1,1,1,"",0
GO:0060312,regulation of blood vessel remodeling,0/132,12/18842,0,0,-0.291049937025784,1,1,1,"",0
GO:0060317,cardiac epithelial to mesenchymal transition,0/132,29/18842,0,0,-0.452659894469733,1,1,1,"",0
GO:0060323,head morphogenesis,0/132,21/18842,0,0,-0.385114922134588,1,1,1,"",0
GO:0060324,face development,0/132,24/18842,0,0,-0.411737985562741,1,1,1,"",0
GO:0060325,face morphogenesis,0/132,19/18842,0,0,-0.366297897596641,1,1,1,"",0
GO:0060337,type I interferon-mediated signaling pathway,0/132,80/18842,0,0,-0.752848300446955,1,1,1,"",0
GO:0060338,regulation of type I interferon-mediated signaling pathway,0/132,41/18842,0,0,-0.538398077299233,1,1,1,"",0
GO:0060339,negative regulation of type I interferon-mediated signaling pathway,0/132,21/18842,0,0,-0.385114922134588,1,1,1,"",0
GO:0060340,positive regulation of type I interferon-mediated signaling pathway,0/132,18/18842,0,0,-0.356518722862875,1,1,1,"",0
GO:0060343,trabecula formation,0/132,11/18842,0,0,-0.278651700375158,1,1,1,"",0
GO:0060349,bone morphogenesis,0/132,47/18842,0,0,-0.576540486956794,1,1,1,"",0
GO:0060350,endochondral bone morphogenesis,0/132,26/18842,0,0,-0.428573257866855,1,1,1,"",0
GO:0060351,cartilage development involved in endochondral bone morphogenesis,0/132,13/18842,0,0,-0.302942423276413,1,1,1,"",0
GO:0060368,regulation of Fc receptor mediated stimulatory signaling pathway,0/132,10/18842,0,0,-0.265676917587564,1,1,1,"",0
GO:0060379,cardiac muscle cell myoblast differentiation,0/132,10/18842,0,0,-0.265676917587564,1,1,1,"",0
GO:0060382,regulation of DNA strand elongation,0/132,17/18842,0,0,-0.346464717820737,1,1,1,"",0
GO:0060384,innervation,0/132,19/18842,0,0,-0.366297897596641,1,1,1,"",0
GO:0060396,growth hormone receptor signaling pathway,0/132,29/18842,0,0,-0.452659894469733,1,1,1,"",0
GO:0060397,growth hormone receptor signaling pathway via JAK-STAT,0/132,11/18842,0,0,-0.278651700375158,1,1,1,"",0
GO:0060402,calcium ion transport into cytosol,0/132,28/18842,0,0,-0.444775127108293,1,1,1,"",0
GO:0060416,response to growth hormone,0/132,43/18842,0,0,-0.551402715420296,1,1,1,"",0
GO:0060425,lung morphogenesis,0/132,16/18842,0,0,-0.336111220420459,1,1,1,"",0
GO:0060428,lung epithelium development,0/132,19/18842,0,0,-0.366297897596641,1,1,1,"",0
GO:0060456,positive regulation of digestive system process,0/132,14/18842,0,0,-0.314386558515355,1,1,1,"",0
GO:0060457,negative regulation of digestive system process,0/132,14/18842,0,0,-0.314386558515355,1,1,1,"",0
GO:0060538,skeletal muscle organ development,0/132,103/18842,0,0,-0.854766422117202,1,1,1,"",0
GO:0060546,negative regulation of necroptotic process,0/132,20/18842,0,0,-0.375823696578768,1,1,1,"",0
GO:0060563,neuroepithelial cell differentiation,0/132,24/18842,0,0,-0.411737985562741,1,1,1,"",0
GO:0060575,intestinal epithelial cell differentiation,0/132,13/18842,0,0,-0.302942423276413,1,1,1,"",0
GO:0060586,multicellular organismal-level iron ion homeostasis,0/132,16/18842,0,0,-0.336111220420459,1,1,1,"",0
GO:0060606,tube closure,0/132,33/18842,0,0,-0.482921080155088,1,1,1,"",0
GO:0060623,regulation of chromosome condensation,0/132,10/18842,0,0,-0.265676917587564,1,1,1,"",0
GO:0060628,regulation of ER to Golgi vesicle-mediated transport,0/132,20/18842,0,0,-0.375823696578768,1,1,1,"",0
GO:0060632,regulation of microtubule-based movement,0/132,62/18842,0,0,-0.66244541328332,1,1,1,"",0
GO:0060633,negative regulation of transcription initiation by RNA polymerase II,0/132,14/18842,0,0,-0.314386558515355,1,1,1,"",0
GO:0060674,placenta blood vessel development,0/132,10/18842,0,0,-0.265676917587564,1,1,1,"",0
GO:0060675,ureteric bud morphogenesis,0/132,42/18842,0,0,-0.544938845356922,1,1,1,"",0
GO:0060688,regulation of morphogenesis of a branching structure,0/132,37/18842,0,0,-0.511406495482523,1,1,1,"",0
GO:0060711,labyrinthine layer development,0/132,10/18842,0,0,-0.265676917587564,1,1,1,"",0
GO:0060732,positive regulation of inositol phosphate biosynthetic process,0/132,11/18842,0,0,-0.278651700375158,1,1,1,"",0
GO:0060816,random inactivation of X chromosome,0/132,10/18842,0,0,-0.265676917587564,1,1,1,"",0
GO:0060856,establishment of blood-brain barrier,0/132,10/18842,0,0,-0.265676917587564,1,1,1,"",0
GO:0060964,regulation of miRNA-mediated gene silencing,0/132,32/18842,0,0,-0.47553516526091,1,1,1,"",0
GO:0060965,negative regulation of miRNA-mediated gene silencing,0/132,16/18842,0,0,-0.336111220420459,1,1,1,"",0
GO:0060966,regulation of gene silencing by regulatory ncRNA,0/132,37/18842,0,0,-0.511406495482523,1,1,1,"",0
GO:0060967,negative regulation of gene silencing by regulatory ncRNA,0/132,19/18842,0,0,-0.366297897596641,1,1,1,"",0
GO:0060973,cell migration involved in heart development,0/132,18/18842,0,0,-0.356518722862875,1,1,1,"",0
GO:0060976,coronary vasculature development,0/132,23/18842,0,0,-0.403058137312115,1,1,1,"",0
GO:0060977,coronary vasculature morphogenesis,0/132,12/18842,0,0,-0.291049937025784,1,1,1,"",0
GO:0060996,dendritic spine development,0/132,86/18842,0,0,-0.780694572729888,1,1,1,"",0
GO:0060997,dendritic spine morphogenesis,0/132,59/18842,0,0,-0.646168188121849,1,1,1,"",0
GO:0060998,regulation of dendritic spine development,0/132,52/18842,0,0,-0.60651329946757,1,1,1,"",0
GO:0060999,positive regulation of dendritic spine development,0/132,38/18842,0,0,-0.518285100061389,1,1,1,"",0
GO:0061000,negative regulation of dendritic spine development,0/132,10/18842,0,0,-0.265676917587564,1,1,1,"",0
GO:0061001,regulation of dendritic spine morphogenesis,0/132,45/18842,0,0,-0.564110304289483,1,1,1,"",0
GO:0061003,positive regulation of dendritic spine morphogenesis,0/132,19/18842,0,0,-0.366297897596641,1,1,1,"",0
GO:0061028,establishment of endothelial barrier,0/132,46/18842,0,0,-0.570358928294299,1,1,1,"",0
GO:0061035,regulation of cartilage development,0/132,51/18842,0,0,-0.600637147477136,1,1,1,"",0
GO:0061036,positive regulation of cartilage development,0/132,26/18842,0,0,-0.428573257866855,1,1,1,"",0
GO:0061037,negative regulation of cartilage development,0/132,22/18842,0,0,-0.39418816182791,1,1,1,"",0
GO:0061042,vascular wound healing,0/132,23/18842,0,0,-0.403058137312115,1,1,1,"",0
GO:0061043,regulation of vascular wound healing,0/132,14/18842,0,0,-0.314386558515355,1,1,1,"",0
GO:0061045,negative regulation of wound healing,0/132,71/18842,0,0,-0.709067395734335,1,1,1,"",0
GO:0061049,cell growth involved in cardiac muscle cell development,0/132,27/18842,0,0,-0.436748897537163,1,1,1,"",0
GO:0061050,regulation of cell growth involved in cardiac muscle cell development,0/132,19/18842,0,0,-0.366297897596641,1,1,1,"",0
GO:0061052,negative regulation of cell growth involved in cardiac muscle cell development,0/132,13/18842,0,0,-0.302942423276413,1,1,1,"",0
GO:0061053,somite development,0/132,38/18842,0,0,-0.518285100061389,1,1,1,"",0
GO:0061081,positive regulation of myeloid leukocyte cytokine production involved in immune response,0/132,19/18842,0,0,-0.366297897596641,1,1,1,"",0
GO:0061082,myeloid leukocyte cytokine production,0/132,24/18842,0,0,-0.411737985562741,1,1,1,"",0
GO:0061097,regulation of protein tyrosine kinase activity,0/132,21/18842,0,0,-0.385114922134588,1,1,1,"",0
GO:0061099,negative regulation of protein tyrosine kinase activity,0/132,12/18842,0,0,-0.291049937025784,1,1,1,"",0
GO:0061117,negative regulation of heart growth,0/132,23/18842,0,0,-0.403058137312115,1,1,1,"",0
GO:0061162,establishment of monopolar cell polarity,0/132,14/18842,0,0,-0.314386558515355,1,1,1,"",0
GO:0061298,retina vasculature development in camera-type eye,0/132,10/18842,0,0,-0.265676917587564,1,1,1,"",0
GO:0061303,cornea development in camera-type eye,0/132,10/18842,0,0,-0.265676917587564,1,1,1,"",0
GO:0061307,cardiac neural crest cell differentiation involved in heart development,0/132,10/18842,0,0,-0.265676917587564,1,1,1,"",0
GO:0061308,cardiac neural crest cell development involved in heart development,0/132,10/18842,0,0,-0.265676917587564,1,1,1,"",0
GO:0061309,cardiac neural crest cell development involved in outflow tract morphogenesis,0/132,10/18842,0,0,-0.265676917587564,1,1,1,"",0
GO:0061333,renal tubule morphogenesis,0/132,54/18842,0,0,-0.618099867926707,1,1,1,"",0
GO:0061339,establishment or maintenance of monopolar cell polarity,0/132,15/18842,0,0,-0.325429646814657,1,1,1,"",0
GO:0061370,testosterone biosynthetic process,0/132,11/18842,0,0,-0.278651700375158,1,1,1,"",0
GO:0061383,trabecula morphogenesis,0/132,28/18842,0,0,-0.444775127108293,1,1,1,"",0
GO:0061384,heart trabecula morphogenesis,0/132,24/18842,0,0,-0.411737985562741,1,1,1,"",0
GO:0061436,establishment of skin barrier,0/132,27/18842,0,0,-0.436748897537163,1,1,1,"",0
GO:0061450,trophoblast cell migration,0/132,23/18842,0,0,-0.403058137312115,1,1,1,"",0
GO:0061462,protein localization to lysosome,0/132,50/18842,0,0,-0.594703571845774,1,1,1,"",0
GO:0061511,centriole elongation,0/132,11/18842,0,0,-0.278651700375158,1,1,1,"",0
GO:0061512,protein localization to cilium,0/132,89/18842,0,0,-0.794258137686323,1,1,1,"",0
GO:0061517,macrophage proliferation,0/132,11/18842,0,0,-0.278651700375158,1,1,1,"",0
GO:0061548,ganglion development,0/132,15/18842,0,0,-0.325429646814657,1,1,1,"",0
GO:0061577,calcium ion transmembrane transport via high voltage-gated calcium channel,0/132,20/18842,0,0,-0.375823696578768,1,1,1,"",0
GO:0061615,glycolytic process through fructose-6-phosphate,0/132,24/18842,0,0,-0.411737985562741,1,1,1,"",0
GO:0061620,glycolytic process through glucose-6-phosphate,0/132,21/18842,0,0,-0.385114922134588,1,1,1,"",0
GO:0061621,canonical glycolysis,0/132,20/18842,0,0,-0.375823696578768,1,1,1,"",0
GO:0061635,regulation of protein complex stability,0/132,13/18842,0,0,-0.302942423276413,1,1,1,"",0
GO:0061640,cytoskeleton-dependent cytokinesis,0/132,130/18842,0,0,-0.960978382938057,1,1,1,"",0
GO:0061644,protein localization to CENP-A containing chromatin,0/132,18/18842,0,0,-0.356518722862875,1,1,1,"",0
GO:0061668,mitochondrial ribosome assembly,0/132,27/18842,0,0,-0.436748897537163,1,1,1,"",0
GO:0061684,chaperone-mediated autophagy,0/132,15/18842,0,0,-0.325429646814657,1,1,1,"",0
GO:0061687,detoxification of inorganic compound,0/132,24/18842,0,0,-0.411737985562741,1,1,1,"",0
GO:0061709,reticulophagy,0/132,25/18842,0,0,-0.420239487852281,1,1,1,"",0
GO:0061718,glucose catabolic process to pyruvate,0/132,20/18842,0,0,-0.375823696578768,1,1,1,"",0
GO:0061723,glycophagy,0/132,12/18842,0,0,-0.291049937025784,1,1,1,"",0
GO:0061734,type 2 mitophagy,0/132,15/18842,0,0,-0.325429646814657,1,1,1,"",0
GO:0061744,motor behavior,0/132,11/18842,0,0,-0.278651700375158,1,1,1,"",0
GO:0061760,antifungal innate immune response,0/132,24/18842,0,0,-0.411737985562741,1,1,1,"",0
GO:0061763,multivesicular body-lysosome fusion,0/132,12/18842,0,0,-0.291049937025784,1,1,1,"",0
GO:0061795,Golgi lumen acidification,0/132,15/18842,0,0,-0.325429646814657,1,1,1,"",0
GO:0061842,microtubule organizing center localization,0/132,23/18842,0,0,-0.403058137312115,1,1,1,"",0
GO:0061844,antimicrobial humoral immune response mediated by antimicrobial peptide,0/132,142/18842,0,0,-1.00467458361307,1,1,1,"",0
GO:0061909,autophagosome-lysosome fusion,0/132,20/18842,0,0,-0.375823696578768,1,1,1,"",0
GO:0061952,midbody abscission,0/132,24/18842,0,0,-0.411737985562741,1,1,1,"",0
GO:0062009,secondary palate development,0/132,18/18842,0,0,-0.356518722862875,1,1,1,"",0
GO:0062042,regulation of cardiac epithelial to mesenchymal transition,0/132,12/18842,0,0,-0.291049937025784,1,1,1,"",0
GO:0062099,negative regulation of programmed necrotic cell death,0/132,23/18842,0,0,-0.403058137312115,1,1,1,"",0
GO:0062100,positive regulation of programmed necrotic cell death,0/132,11/18842,0,0,-0.278651700375158,1,1,1,"",0
GO:0062125,regulation of mitochondrial gene expression,0/132,29/18842,0,0,-0.452659894469733,1,1,1,"",0
GO:0062237,protein localization to postsynapse,0/132,53/18842,0,0,-0.61233368108521,1,1,1,"",0
GO:0065004,protein-DNA complex assembly,0/132,210/18842,0,0,-1.22400151749733,1,1,1,"",0
GO:0065005,protein-lipid complex assembly,0/132,27/18842,0,0,-0.436748897537163,1,1,1,"",0
GO:0070071,proton-transporting two-sector ATPase complex assembly,0/132,16/18842,0,0,-0.336111220420459,1,1,1,"",0
GO:0070098,chemokine-mediated signaling pathway,0/132,95/18842,0,0,-0.820725561219591,1,1,1,"",0
GO:0070099,regulation of chemokine-mediated signaling pathway,0/132,13/18842,0,0,-0.302942423276413,1,1,1,"",0
GO:0070100,negative regulation of chemokine-mediated signaling pathway,0/132,10/18842,0,0,-0.265676917587564,1,1,1,"",0
GO:0070102,interleukin-6-mediated signaling pathway,0/132,28/18842,0,0,-0.444775127108293,1,1,1,"",0
GO:0070103,regulation of interleukin-6-mediated signaling pathway,0/132,14/18842,0,0,-0.314386558515355,1,1,1,"",0
GO:0070104,negative regulation of interleukin-6-mediated signaling pathway,0/132,11/18842,0,0,-0.278651700375158,1,1,1,"",0
GO:0070106,interleukin-27-mediated signaling pathway,0/132,10/18842,0,0,-0.265676917587564,1,1,1,"",0
GO:0070129,regulation of mitochondrial translation,0/132,21/18842,0,0,-0.385114922134588,1,1,1,"",0
GO:0070131,positive regulation of mitochondrial translation,0/132,14/18842,0,0,-0.314386558515355,1,1,1,"",0
GO:0070141,response to UV-A,0/132,14/18842,0,0,-0.314386558515355,1,1,1,"",0
GO:0070166,enamel mineralization,0/132,13/18842,0,0,-0.302942423276413,1,1,1,"",0
GO:0070168,negative regulation of biomineral tissue development,0/132,28/18842,0,0,-0.444775127108293,1,1,1,"",0
GO:0070169,positive regulation of biomineral tissue development,0/132,50/18842,0,0,-0.594703571845774,1,1,1,"",0
GO:0070170,regulation of tooth mineralization,0/132,11/18842,0,0,-0.278651700375158,1,1,1,"",0
GO:0070198,"protein localization to chromosome, telomeric region",0/132,15/18842,0,0,-0.325429646814657,1,1,1,"",0
GO:0070199,establishment of protein localization to chromosome,0/132,22/18842,0,0,-0.39418816182791,1,1,1,"",0
GO:0070200,establishment of protein localization to telomere,0/132,11/18842,0,0,-0.278651700375158,1,1,1,"",0
GO:0070206,protein trimerization,0/132,17/18842,0,0,-0.346464717820737,1,1,1,"",0
GO:0070207,protein homotrimerization,0/132,15/18842,0,0,-0.325429646814657,1,1,1,"",0
GO:0070213,protein auto-ADP-ribosylation,0/132,12/18842,0,0,-0.291049937025784,1,1,1,"",0
GO:0070227,lymphocyte apoptotic process,0/132,53/18842,0,0,-0.61233368108521,1,1,1,"",0
GO:0070228,regulation of lymphocyte apoptotic process,0/132,40/18842,0,0,-0.531777573647406,1,1,1,"",0
GO:0070229,negative regulation of lymphocyte apoptotic process,0/132,21/18842,0,0,-0.385114922134588,1,1,1,"",0
GO:0070230,positive regulation of lymphocyte apoptotic process,0/132,13/18842,0,0,-0.302942423276413,1,1,1,"",0
GO:0070231,T cell apoptotic process,0/132,33/18842,0,0,-0.482921080155088,1,1,1,"",0
GO:0070232,regulation of T cell apoptotic process,0/132,24/18842,0,0,-0.411737985562741,1,1,1,"",0
GO:0070233,negative regulation of T cell apoptotic process,0/132,11/18842,0,0,-0.278651700375158,1,1,1,"",0
GO:0070234,positive regulation of T cell apoptotic process,0/132,11/18842,0,0,-0.278651700375158,1,1,1,"",0
GO:0070269,pyroptotic inflammatory response,0/132,42/18842,0,0,-0.544938845356922,1,1,1,"",0
GO:0070278,extracellular matrix constituent secretion,0/132,10/18842,0,0,-0.265676917587564,1,1,1,"",0
GO:0070296,sarcoplasmic reticulum calcium ion transport,0/132,47/18842,0,0,-0.576540486956794,1,1,1,"",0
GO:0070301,cellular response to hydrogen peroxide,0/132,60/18842,0,0,-0.651638527628289,1,1,1,"",0
GO:0070302,regulation of stress-activated protein kinase signaling cascade,0/132,33/18842,0,0,-0.482921080155088,1,1,1,"",0
GO:0070304,positive regulation of stress-activated protein kinase signaling cascade,0/132,18/18842,0,0,-0.356518722862875,1,1,1,"",0
GO:0070314,G1 to G0 transition,0/132,14/18842,0,0,-0.314386558515355,1,1,1,"",0
GO:0070327,thyroid hormone transport,0/132,12/18842,0,0,-0.291049937025784,1,1,1,"",0
GO:0070339,response to bacterial lipopeptide,0/132,10/18842,0,0,-0.265676917587564,1,1,1,"",0
GO:0070373,negative regulation of ERK1 and ERK2 cascade,0/132,74/18842,0,0,-0.723950561212253,1,1,1,"",0
GO:0070417,cellular response to cold,0/132,12/18842,0,0,-0.291049937025784,1,1,1,"",0
GO:0070475,rRNA base methylation,0/132,11/18842,0,0,-0.278651700375158,1,1,1,"",0
GO:0070486,leukocyte aggregation,0/132,13/18842,0,0,-0.302942423276413,1,1,1,"",0
GO:0070493,thrombin-activated receptor signaling pathway,0/132,13/18842,0,0,-0.302942423276413,1,1,1,"",0
GO:0070498,interleukin-1-mediated signaling pathway,0/132,36/18842,0,0,-0.504434847677225,1,1,1,"",0
GO:0070508,cholesterol import,0/132,10/18842,0,0,-0.265676917587564,1,1,1,"",0
GO:0070509,calcium ion import,0/132,78/18842,0,0,-0.743338515213413,1,1,1,"",0
GO:0070527,platelet aggregation,0/132,67/18842,0,0,-0.688730752593991,1,1,1,"",0
GO:0070536,protein K63-linked deubiquitination,0/132,29/18842,0,0,-0.452659894469733,1,1,1,"",0
GO:0070561,vitamin D receptor signaling pathway,0/132,10/18842,0,0,-0.265676917587564,1,1,1,"",0
GO:0070570,regulation of neuron projection regeneration,0/132,22/18842,0,0,-0.39418816182791,1,1,1,"",0
GO:0070571,negative regulation of neuron projection regeneration,0/132,13/18842,0,0,-0.302942423276413,1,1,1,"",0
GO:0070586,cell-cell adhesion involved in gastrulation,0/132,10/18842,0,0,-0.265676917587564,1,1,1,"",0
GO:0070587,regulation of cell-cell adhesion involved in gastrulation,0/132,10/18842,0,0,-0.265676917587564,1,1,1,"",0
GO:0070588,calcium ion transmembrane transport,0/132,314/18842,0,0,-1.50090291007645,1,1,1,"",0
GO:0070593,dendrite self-avoidance,0/132,15/18842,0,0,-0.325429646814657,1,1,1,"",0
GO:0070601,centromeric sister chromatid cohesion,0/132,14/18842,0,0,-0.314386558515355,1,1,1,"",0
GO:0070613,regulation of protein processing,0/132,50/18842,0,0,-0.594703571845774,1,1,1,"",0
GO:0070633,transepithelial transport,0/132,39/18842,0,0,-0.525074318209442,1,1,1,"",0
GO:0070646,protein modification by small protein removal,0/132,140/18842,0,0,-0.997520978965492,1,1,1,"",0
GO:0070669,response to interleukin-2,0/132,11/18842,0,0,-0.278651700375158,1,1,1,"",0
GO:0070670,response to interleukin-4,0/132,28/18842,0,0,-0.444775127108293,1,1,1,"",0
GO:0070671,response to interleukin-12,0/132,12/18842,0,0,-0.291049937025784,1,1,1,"",0
GO:0070672,response to interleukin-15,0/132,10/18842,0,0,-0.265676917587564,1,1,1,"",0
GO:0070673,response to interleukin-18,0/132,12/18842,0,0,-0.291049937025784,1,1,1,"",0
GO:0070723,response to cholesterol,0/132,27/18842,0,0,-0.436748897537163,1,1,1,"",0
GO:0070729,cyclic nucleotide transport,0/132,10/18842,0,0,-0.265676917587564,1,1,1,"",0
GO:0070741,response to interleukin-6,0/132,49/18842,0,0,-0.588710836167025,1,1,1,"",0
GO:0070778,L-aspartate transmembrane transport,0/132,11/18842,0,0,-0.278651700375158,1,1,1,"",0
GO:0070782,phosphatidylserine exposure on apoptotic cell surface,0/132,10/18842,0,0,-0.265676917587564,1,1,1,"",0
GO:0070830,bicellular tight junction assembly,0/132,53/18842,0,0,-0.61233368108521,1,1,1,"",0
GO:0070837,dehydroascorbic acid transport,0/132,13/18842,0,0,-0.302942423276413,1,1,1,"",0
GO:0070861,regulation of protein exit from endoplasmic reticulum,0/132,26/18842,0,0,-0.428573257866855,1,1,1,"",0
GO:0070863,positive regulation of protein exit from endoplasmic reticulum,0/132,16/18842,0,0,-0.336111220420459,1,1,1,"",0
GO:0070873,regulation of glycogen metabolic process,0/132,35/18842,0,0,-0.497366243942809,1,1,1,"",0
GO:0070874,negative regulation of glycogen metabolic process,0/132,12/18842,0,0,-0.291049937025784,1,1,1,"",0
GO:0070875,positive regulation of glycogen metabolic process,0/132,19/18842,0,0,-0.366297897596641,1,1,1,"",0
GO:0070884,regulation of calcineurin-NFAT signaling cascade,0/132,34/18842,0,0,-0.490196489878786,1,1,1,"",0
GO:0070885,negative regulation of calcineurin-NFAT signaling cascade,0/132,12/18842,0,0,-0.291049937025784,1,1,1,"",0
GO:0070886,positive regulation of calcineurin-NFAT signaling cascade,0/132,20/18842,0,0,-0.375823696578768,1,1,1,"",0
GO:0070897,transcription preinitiation complex assembly,0/132,83/18842,0,0,-0.7668956089656,1,1,1,"",0
GO:0070900,mitochondrial tRNA modification,0/132,14/18842,0,0,-0.314386558515355,1,1,1,"",0
GO:0070914,UV-damage excision repair,0/132,12/18842,0,0,-0.291049937025784,1,1,1,"",0
GO:0070918,regulatory ncRNA processing,0/132,69/18842,0,0,-0.69897195681039,1,1,1,"",0
GO:0070920,regulation of regulatory ncRNA processing,0/132,14/18842,0,0,-0.314386558515355,1,1,1,"",0
GO:0070922,RISC complex assembly,0/132,10/18842,0,0,-0.265676917587564,1,1,1,"",0
GO:0070935,3'-UTR-mediated mRNA stabilization,0/132,30/18842,0,0,-0.460410467649609,1,1,1,"",0
GO:0070942,neutrophil mediated cytotoxicity,0/132,13/18842,0,0,-0.302942423276413,1,1,1,"",0
GO:0070943,neutrophil-mediated killing of symbiont cell,0/132,11/18842,0,0,-0.278651700375158,1,1,1,"",0
GO:0070972,protein localization to endoplasmic reticulum,0/132,32/18842,0,0,-0.47553516526091,1,1,1,"",0
GO:0070977,bone maturation,0/132,24/18842,0,0,-0.411737985562741,1,1,1,"",0
GO:0070988,demethylation,0/132,15/18842,0,0,-0.325429646814657,1,1,1,"",0
GO:0070989,oxidative demethylation,0/132,11/18842,0,0,-0.278651700375158,1,1,1,"",0
GO:0071028,nuclear mRNA surveillance,0/132,11/18842,0,0,-0.278651700375158,1,1,1,"",0
GO:0071044,histone mRNA catabolic process,0/132,22/18842,0,0,-0.39418816182791,1,1,1,"",0
GO:0071045,nuclear histone mRNA catabolic process,0/132,12/18842,0,0,-0.291049937025784,1,1,1,"",0
GO:0071071,regulation of phospholipid biosynthetic process,0/132,20/18842,0,0,-0.375823696578768,1,1,1,"",0
GO:0071073,positive regulation of phospholipid biosynthetic process,0/132,14/18842,0,0,-0.314386558515355,1,1,1,"",0
GO:0071107,response to parathyroid hormone,0/132,12/18842,0,0,-0.291049937025784,1,1,1,"",0
GO:0071108,protein K48-linked deubiquitination,0/132,28/18842,0,0,-0.444775127108293,1,1,1,"",0
GO:0071168,protein localization to chromatin,0/132,62/18842,0,0,-0.66244541328332,1,1,1,"",0
GO:0071169,establishment of protein localization to chromatin,0/132,10/18842,0,0,-0.265676917587564,1,1,1,"",0
GO:0071173,spindle assembly checkpoint signaling,0/132,56/18842,0,0,-0.629475600981219,1,1,1,"",0
GO:0071174,mitotic spindle checkpoint signaling,0/132,56/18842,0,0,-0.629475600981219,1,1,1,"",0
GO:0071218,cellular response to misfolded protein,0/132,16/18842,0,0,-0.336111220420459,1,1,1,"",0
GO:0071220,cellular response to bacterial lipoprotein,0/132,10/18842,0,0,-0.265676917587564,1,1,1,"",0
GO:0071221,cellular response to bacterial lipopeptide,0/132,10/18842,0,0,-0.265676917587564,1,1,1,"",0
GO:0071225,cellular response to muramyl dipeptide,0/132,10/18842,0,0,-0.265676917587564,1,1,1,"",0
GO:0071229,cellular response to acid chemical,0/132,77/18842,0,0,-0.738538474231316,1,1,1,"",0
GO:0071230,cellular response to amino acid stimulus,0/132,69/18842,0,0,-0.69897195681039,1,1,1,"",0
GO:0071233,cellular response to L-leucine,0/132,12/18842,0,0,-0.291049937025784,1,1,1,"",0
GO:0071243,cellular response to arsenic-containing substance,0/132,15/18842,0,0,-0.325429646814657,1,1,1,"",0
GO:0071260,cellular response to mechanical stimulus,0/132,74/18842,0,0,-0.723950561212253,1,1,1,"",0
GO:0071276,cellular response to cadmium ion,0/132,22/18842,0,0,-0.39418816182791,1,1,1,"",0
GO:0071277,cellular response to calcium ion,0/132,70/18842,0,0,-0.70403750286045,1,1,1,"",0
GO:0071280,cellular response to copper ion,0/132,25/18842,0,0,-0.420239487852281,1,1,1,"",0
GO:0071287,cellular response to manganese ion,0/132,10/18842,0,0,-0.265676917587564,1,1,1,"",0
GO:0071294,cellular response to zinc ion,0/132,23/18842,0,0,-0.403058137312115,1,1,1,"",0
GO:0071295,cellular response to vitamin,0/132,27/18842,0,0,-0.436748897537163,1,1,1,"",0
GO:0071300,cellular response to retinoic acid,0/132,63/18842,0,0,-0.667784124821285,1,1,1,"",0
GO:0071305,cellular response to vitamin D,0/132,20/18842,0,0,-0.375823696578768,1,1,1,"",0
GO:0071312,cellular response to alkaloid,0/132,31/18842,0,0,-0.468033513537355,1,1,1,"",0
GO:0071318,cellular response to ATP,0/132,18/18842,0,0,-0.356518722862875,1,1,1,"",0
GO:0071340,skeletal muscle acetylcholine-gated channel clustering,0/132,12/18842,0,0,-0.291049937025784,1,1,1,"",0
GO:0071349,cellular response to interleukin-12,0/132,11/18842,0,0,-0.278651700375158,1,1,1,"",0
GO:0071350,cellular response to interleukin-15,0/132,10/18842,0,0,-0.265676917587564,1,1,1,"",0
GO:0071351,cellular response to interleukin-18,0/132,10/18842,0,0,-0.265676917587564,1,1,1,"",0
GO:0071352,cellular response to interleukin-2,0/132,10/18842,0,0,-0.265676917587564,1,1,1,"",0
GO:0071353,cellular response to interleukin-4,0/132,26/18842,0,0,-0.428573257866855,1,1,1,"",0
GO:0071354,cellular response to interleukin-6,0/132,45/18842,0,0,-0.564110304289483,1,1,1,"",0
GO:0071357,cellular response to type I interferon,0/132,116/18842,0,0,-0.907420385745053,1,1,1,"",0
GO:0071359,cellular response to dsRNA,0/132,18/18842,0,0,-0.356518722862875,1,1,1,"",0
GO:0071360,cellular response to exogenous dsRNA,0/132,15/18842,0,0,-0.325429646814657,1,1,1,"",0
GO:0071361,cellular response to ethanol,0/132,13/18842,0,0,-0.302942423276413,1,1,1,"",0
GO:0071362,cellular response to ether,0/132,10/18842,0,0,-0.265676917587564,1,1,1,"",0
GO:0071371,cellular response to gonadotropin stimulus,0/132,17/18842,0,0,-0.346464717820737,1,1,1,"",0
GO:0071372,cellular response to follicle-stimulating hormone stimulus,0/132,10/18842,0,0,-0.265676917587564,1,1,1,"",0
GO:0071378,cellular response to growth hormone stimulus,0/132,30/18842,0,0,-0.460410467649609,1,1,1,"",0
GO:0071379,cellular response to prostaglandin stimulus,0/132,19/18842,0,0,-0.366297897596641,1,1,1,"",0
GO:0071380,cellular response to prostaglandin E stimulus,0/132,13/18842,0,0,-0.302942423276413,1,1,1,"",0
GO:0071389,cellular response to mineralocorticoid stimulus,0/132,10/18842,0,0,-0.265676917587564,1,1,1,"",0
GO:0071391,cellular response to estrogen stimulus,0/132,19/18842,0,0,-0.366297897596641,1,1,1,"",0
GO:0071392,cellular response to estradiol stimulus,0/132,34/18842,0,0,-0.490196489878786,1,1,1,"",0
GO:0071397,cellular response to cholesterol,0/132,17/18842,0,0,-0.346464717820737,1,1,1,"",0
GO:0071398,cellular response to fatty acid,0/132,40/18842,0,0,-0.531777573647406,1,1,1,"",0
GO:0071415,cellular response to purine-containing compound,0/132,10/18842,0,0,-0.265676917587564,1,1,1,"",0
GO:0071421,manganese ion transmembrane transport,0/132,10/18842,0,0,-0.265676917587564,1,1,1,"",0
GO:0071425,hematopoietic stem cell proliferation,0/132,21/18842,0,0,-0.385114922134588,1,1,1,"",0
GO:0071459,"protein localization to chromosome, centromeric region",0/132,37/18842,0,0,-0.511406495482523,1,1,1,"",0
GO:0071467,cellular response to pH,0/132,29/18842,0,0,-0.452659894469733,1,1,1,"",0
GO:0071468,cellular response to acidic pH,0/132,22/18842,0,0,-0.39418816182791,1,1,1,"",0
GO:0071472,cellular response to salt stress,0/132,13/18842,0,0,-0.302942423276413,1,1,1,"",0
GO:0071476,cellular hypotonic response,0/132,11/18842,0,0,-0.278651700375158,1,1,1,"",0
GO:0071478,cellular response to radiation,0/132,156/18842,0,0,-1.05343119182465,1,1,1,"",0
GO:0071479,cellular response to ionizing radiation,0/132,63/18842,0,0,-0.667784124821285,1,1,1,"",0
GO:0071480,cellular response to gamma radiation,0/132,22/18842,0,0,-0.39418816182791,1,1,1,"",0
GO:0071482,cellular response to light stimulus,0/132,104/18842,0,0,-0.858928669549718,1,1,1,"",0
GO:0071492,cellular response to UV-A,0/132,11/18842,0,0,-0.278651700375158,1,1,1,"",0
GO:0071493,cellular response to UV-B,0/132,12/18842,0,0,-0.291049937025784,1,1,1,"",0
GO:0071496,cellular response to external stimulus,0/132,75/18842,0,0,-0.72884512173782,1,1,1,"",0
GO:0071501,cellular response to sterol depletion,0/132,15/18842,0,0,-0.325429646814657,1,1,1,"",0
GO:0071514,genomic imprinting,0/132,11/18842,0,0,-0.278651700375158,1,1,1,"",0
GO:0071526,semaphorin-plexin signaling pathway,0/132,49/18842,0,0,-0.588710836167025,1,1,1,"",0
GO:0071539,protein localization to centrosome,0/132,35/18842,0,0,-0.497366243942809,1,1,1,"",0
GO:0071542,dopaminergic neuron differentiation,0/132,34/18842,0,0,-0.490196489878786,1,1,1,"",0
GO:0071548,response to dexamethasone,0/132,32/18842,0,0,-0.47553516526091,1,1,1,"",0
GO:0071549,cellular response to dexamethasone stimulus,0/132,18/18842,0,0,-0.356518722862875,1,1,1,"",0
GO:0071604,transforming growth factor beta production,0/132,39/18842,0,0,-0.525074318209442,1,1,1,"",0
GO:0071605,monocyte chemotactic protein-1 production,0/132,19/18842,0,0,-0.366297897596641,1,1,1,"",0
GO:0071609,chemokine (C-C motif) ligand 5 production,0/132,11/18842,0,0,-0.278651700375158,1,1,1,"",0
GO:0071621,granulocyte chemotaxis,0/132,112/18842,0,0,-0.891542743016415,1,1,1,"",0
GO:0071622,regulation of granulocyte chemotaxis,0/132,51/18842,0,0,-0.600637147477136,1,1,1,"",0
GO:0071624,positive regulation of granulocyte chemotaxis,0/132,26/18842,0,0,-0.428573257866855,1,1,1,"",0
GO:0071625,vocalization behavior,0/132,18/18842,0,0,-0.356518722862875,1,1,1,"",0
GO:0071634,regulation of transforming growth factor beta production,0/132,33/18842,0,0,-0.482921080155088,1,1,1,"",0
GO:0071635,negative regulation of transforming growth factor beta production,0/132,13/18842,0,0,-0.302942423276413,1,1,1,"",0
GO:0071636,positive regulation of transforming growth factor beta production,0/132,16/18842,0,0,-0.336111220420459,1,1,1,"",0
GO:0071637,regulation of monocyte chemotactic protein-1 production,0/132,19/18842,0,0,-0.366297897596641,1,1,1,"",0
GO:0071639,positive regulation of monocyte chemotactic protein-1 production,0/132,13/18842,0,0,-0.302942423276413,1,1,1,"",0
GO:0071649,regulation of chemokine (C-C motif) ligand 5 production,0/132,11/18842,0,0,-0.278651700375158,1,1,1,"",0
GO:0071676,negative regulation of mononuclear cell migration,0/132,33/18842,0,0,-0.482921080155088,1,1,1,"",0
GO:0071679,commissural neuron axon guidance,0/132,12/18842,0,0,-0.291049937025784,1,1,1,"",0
GO:0071709,membrane assembly,0/132,61/18842,0,0,-0.65706390104955,1,1,1,"",0
GO:0071711,basement membrane organization,0/132,28/18842,0,0,-0.444775127108293,1,1,1,"",0
GO:0071715,icosanoid transport,0/132,56/18842,0,0,-0.629475600981219,1,1,1,"",0
GO:0071731,response to nitric oxide,0/132,21/18842,0,0,-0.385114922134588,1,1,1,"",0
GO:0071732,cellular response to nitric oxide,0/132,15/18842,0,0,-0.325429646814657,1,1,1,"",0
GO:0071763,nuclear membrane organization,0/132,47/18842,0,0,-0.576540486956794,1,1,1,"",0
GO:0071786,endoplasmic reticulum tubular network organization,0/132,22/18842,0,0,-0.39418816182791,1,1,1,"",0
GO:0071800,podosome assembly,0/132,11/18842,0,0,-0.278651700375158,1,1,1,"",0
GO:0071824,protein-DNA complex organization,0/132,229/18842,0,0,-1.27882641736842,1,1,1,"",0
GO:0071825,protein-lipid complex organization,0/132,57/18842,0,0,-0.635087953146595,1,1,1,"",0
GO:0071827,plasma lipoprotein particle organization,0/132,55/18842,0,0,-0.623813362930432,1,1,1,"",0
GO:0071867,response to monoamine,0/132,59/18842,0,0,-0.646168188121849,1,1,1,"",0
GO:0071868,cellular response to monoamine stimulus,0/132,58/18842,0,0,-0.640651730579912,1,1,1,"",0
GO:0071869,response to catecholamine,0/132,57/18842,0,0,-0.635087953146595,1,1,1,"",0
GO:0071870,cellular response to catecholamine stimulus,0/132,56/18842,0,0,-0.629475600981219,1,1,1,"",0
GO:0071880,adenylate cyclase-activating adrenergic receptor signaling pathway,0/132,18/18842,0,0,-0.356518722862875,1,1,1,"",0
GO:0071887,leukocyte apoptotic process,0/132,85/18842,0,0,-0.776121689298554,1,1,1,"",0
GO:0071888,macrophage apoptotic process,0/132,13/18842,0,0,-0.302942423276413,1,1,1,"",0
GO:0071895,odontoblast differentiation,0/132,16/18842,0,0,-0.336111220420459,1,1,1,"",0
GO:0071897,DNA biosynthetic process,0/132,157/18842,0,0,-1.05683045930292,1,1,1,"",0
GO:0071901,negative regulation of protein serine/threonine kinase activity,0/132,30/18842,0,0,-0.460410467649609,1,1,1,"",0
GO:0071941,nitrogen cycle metabolic process,0/132,13/18842,0,0,-0.302942423276413,1,1,1,"",0
GO:0071985,multivesicular body sorting pathway,0/132,50/18842,0,0,-0.594703571845774,1,1,1,"",0
GO:0072017,distal tubule development,0/132,12/18842,0,0,-0.291049937025784,1,1,1,"",0
GO:0072028,nephron morphogenesis,0/132,53/18842,0,0,-0.61233368108521,1,1,1,"",0
GO:0072044,collecting duct development,0/132,10/18842,0,0,-0.265676917587564,1,1,1,"",0
GO:0072070,loop of Henle development,0/132,12/18842,0,0,-0.291049937025784,1,1,1,"",0
GO:0072074,kidney mesenchyme development,0/132,16/18842,0,0,-0.336111220420459,1,1,1,"",0
GO:0072075,metanephric mesenchyme development,0/132,14/18842,0,0,-0.314386558515355,1,1,1,"",0
GO:0072077,renal vesicle morphogenesis,0/132,13/18842,0,0,-0.302942423276413,1,1,1,"",0
GO:0072078,nephron tubule morphogenesis,0/132,51/18842,0,0,-0.600637147477136,1,1,1,"",0
GO:0072079,nephron tubule formation,0/132,15/18842,0,0,-0.325429646814657,1,1,1,"",0
GO:0072087,renal vesicle development,0/132,14/18842,0,0,-0.314386558515355,1,1,1,"",0
GO:0072088,nephron epithelium morphogenesis,0/132,53/18842,0,0,-0.61233368108521,1,1,1,"",0
GO:0072109,glomerular mesangium development,0/132,15/18842,0,0,-0.325429646814657,1,1,1,"",0
GO:0072110,glomerular mesangial cell proliferation,0/132,12/18842,0,0,-0.291049937025784,1,1,1,"",0
GO:0072111,cell proliferation involved in kidney development,0/132,20/18842,0,0,-0.375823696578768,1,1,1,"",0
GO:0072124,regulation of glomerular mesangial cell proliferation,0/132,11/18842,0,0,-0.278651700375158,1,1,1,"",0
GO:0072132,mesenchyme morphogenesis,0/132,43/18842,0,0,-0.551402715420296,1,1,1,"",0
GO:0072160,nephron tubule epithelial cell differentiation,0/132,12/18842,0,0,-0.291049937025784,1,1,1,"",0
GO:0072163,mesonephric epithelium development,0/132,68/18842,0,0,-0.693869976647335,1,1,1,"",0
GO:0072164,mesonephric tubule development,0/132,68/18842,0,0,-0.693869976647335,1,1,1,"",0
GO:0072170,metanephric tubule development,0/132,20/18842,0,0,-0.375823696578768,1,1,1,"",0
GO:0072171,mesonephric tubule morphogenesis,0/132,44/18842,0,0,-0.557792360956695,1,1,1,"",0
GO:0072182,regulation of nephron tubule epithelial cell differentiation,0/132,10/18842,0,0,-0.265676917587564,1,1,1,"",0
GO:0072189,ureter development,0/132,10/18842,0,0,-0.265676917587564,1,1,1,"",0
GO:0072207,metanephric epithelium development,0/132,22/18842,0,0,-0.39418816182791,1,1,1,"",0
GO:0072210,metanephric nephron development,0/132,35/18842,0,0,-0.497366243942809,1,1,1,"",0
GO:0072224,metanephric glomerulus development,0/132,15/18842,0,0,-0.325429646814657,1,1,1,"",0
GO:0072234,metanephric nephron tubule development,0/132,20/18842,0,0,-0.375823696578768,1,1,1,"",0
GO:0072243,metanephric nephron epithelium development,0/132,21/18842,0,0,-0.385114922134588,1,1,1,"",0
GO:0072273,metanephric nephron morphogenesis,0/132,20/18842,0,0,-0.375823696578768,1,1,1,"",0
GO:0072283,metanephric renal vesicle morphogenesis,0/132,11/18842,0,0,-0.278651700375158,1,1,1,"",0
GO:0072329,monocarboxylic acid catabolic process,0/132,122/18842,0,0,-0.930741416549774,1,1,1,"",0
GO:0072337,modified amino acid transport,0/132,40/18842,0,0,-0.531777573647406,1,1,1,"",0
GO:0072344,rescue of stalled cytosolic ribosome,0/132,38/18842,0,0,-0.518285100061389,1,1,1,"",0
GO:0072350,tricarboxylic acid metabolic process,0/132,14/18842,0,0,-0.314386558515355,1,1,1,"",0
GO:0072376,protein activation cascade,0/132,28/18842,0,0,-0.444775127108293,1,1,1,"",0
GO:0072378,"blood coagulation, fibrin clot formation",0/132,25/18842,0,0,-0.420239487852281,1,1,1,"",0
GO:0072393,microtubule anchoring at microtubule organizing center,0/132,14/18842,0,0,-0.314386558515355,1,1,1,"",0
GO:0072488,ammonium transmembrane transport,0/132,11/18842,0,0,-0.278651700375158,1,1,1,"",0
GO:0072497,mesenchymal stem cell differentiation,0/132,13/18842,0,0,-0.302942423276413,1,1,1,"",0
GO:0072498,embryonic skeletal joint development,0/132,10/18842,0,0,-0.265676917587564,1,1,1,"",0
GO:0072525,pyridine-containing compound biosynthetic process,0/132,25/18842,0,0,-0.420239487852281,1,1,1,"",0
GO:0072527,pyrimidine-containing compound metabolic process,0/132,69/18842,0,0,-0.69897195681039,1,1,1,"",0
GO:0072528,pyrimidine-containing compound biosynthetic process,0/132,44/18842,0,0,-0.557792360956695,1,1,1,"",0
GO:0072529,pyrimidine-containing compound catabolic process,0/132,24/18842,0,0,-0.411737985562741,1,1,1,"",0
GO:0072530,purine-containing compound transmembrane transport,0/132,39/18842,0,0,-0.525074318209442,1,1,1,"",0
GO:0072537,fibroblast activation,0/132,16/18842,0,0,-0.336111220420459,1,1,1,"",0
GO:0072538,T-helper 17 type immune response,0/132,74/18842,0,0,-0.723950561212253,1,1,1,"",0
GO:0072539,T-helper 17 cell differentiation,0/132,54/18842,0,0,-0.618099867926707,1,1,1,"",0
GO:0072540,T-helper 17 cell lineage commitment,0/132,25/18842,0,0,-0.420239487852281,1,1,1,"",0
GO:0072567,chemokine (C-X-C motif) ligand 2 production,0/132,17/18842,0,0,-0.346464717820737,1,1,1,"",0
GO:0072574,hepatocyte proliferation,0/132,15/18842,0,0,-0.325429646814657,1,1,1,"",0
GO:0072577,endothelial cell apoptotic process,0/132,66/18842,0,0,-0.683553444519687,1,1,1,"",0
GO:0072578,neurotransmitter-gated ion channel clustering,0/132,14/18842,0,0,-0.314386558515355,1,1,1,"",0
GO:0072583,clathrin-dependent endocytosis,0/132,50/18842,0,0,-0.594703571845774,1,1,1,"",0
GO:0072584,caveolin-mediated endocytosis,0/132,12/18842,0,0,-0.291049937025784,1,1,1,"",0
GO:0072595,maintenance of protein localization in organelle,0/132,37/18842,0,0,-0.511406495482523,1,1,1,"",0
GO:0072662,protein localization to peroxisome,0/132,19/18842,0,0,-0.366297897596641,1,1,1,"",0
GO:0072663,establishment of protein localization to peroxisome,0/132,21/18842,0,0,-0.385114922134588,1,1,1,"",0
GO:0072672,neutrophil extravasation,0/132,12/18842,0,0,-0.291049937025784,1,1,1,"",0
GO:0072677,eosinophil migration,0/132,24/18842,0,0,-0.411737985562741,1,1,1,"",0
GO:0072697,protein localization to cell cortex,0/132,10/18842,0,0,-0.265676917587564,1,1,1,"",0
GO:0072698,protein localization to microtubule cytoskeleton,0/132,55/18842,0,0,-0.623813362930432,1,1,1,"",0
GO:0072710,response to hydroxyurea,0/132,10/18842,0,0,-0.265676917587564,1,1,1,"",0
GO:0075294,positive regulation by symbiont of entry into host,0/132,12/18842,0,0,-0.291049937025784,1,1,1,"",0
GO:0075509,endocytosis involved in viral entry into host cell,0/132,13/18842,0,0,-0.302942423276413,1,1,1,"",0
GO:0075522,IRES-dependent viral translational initiation,0/132,11/18842,0,0,-0.278651700375158,1,1,1,"",0
GO:0075523,viral translational frameshifting,0/132,19/18842,0,0,-0.366297897596641,1,1,1,"",0
GO:0075733,intracellular transport of virus,0/132,11/18842,0,0,-0.278651700375158,1,1,1,"",0
GO:0080154,regulation of fertilization,0/132,17/18842,0,0,-0.346464717820737,1,1,1,"",0
GO:0080164,regulation of nitric oxide metabolic process,0/132,60/18842,0,0,-0.651638527628289,1,1,1,"",0
GO:0080171,lytic vacuole organization,0/132,109/18842,0,0,-0.879450963513604,1,1,1,"",0
GO:0085020,protein K6-linked ubiquitination,0/132,16/18842,0,0,-0.336111220420459,1,1,1,"",0
GO:0086004,regulation of cardiac muscle cell contraction,0/132,39/18842,0,0,-0.525074318209442,1,1,1,"",0
GO:0086010,membrane depolarization during action potential,0/132,32/18842,0,0,-0.47553516526091,1,1,1,"",0
GO:0086012,membrane depolarization during cardiac muscle cell action potential,0/132,22/18842,0,0,-0.39418816182791,1,1,1,"",0
GO:0086015,SA node cell action potential,0/132,11/18842,0,0,-0.278651700375158,1,1,1,"",0
GO:0086016,AV node cell action potential,0/132,11/18842,0,0,-0.278651700375158,1,1,1,"",0
GO:0086018,SA node cell to atrial cardiac muscle cell signaling,0/132,11/18842,0,0,-0.278651700375158,1,1,1,"",0
GO:0086027,AV node cell to bundle of His cell signaling,0/132,11/18842,0,0,-0.278651700375158,1,1,1,"",0
GO:0086064,cell communication by electrical coupling involved in cardiac conduction,0/132,25/18842,0,0,-0.420239487852281,1,1,1,"",0
GO:0086067,AV node cell to bundle of His cell communication,0/132,13/18842,0,0,-0.302942423276413,1,1,1,"",0
GO:0086069,bundle of His cell to Purkinje myocyte communication,0/132,15/18842,0,0,-0.325429646814657,1,1,1,"",0
GO:0086070,SA node cell to atrial cardiac muscle cell communication,0/132,13/18842,0,0,-0.302942423276413,1,1,1,"",0
GO:0089718,amino acid import across plasma membrane,0/132,50/18842,0,0,-0.594703571845774,1,1,1,"",0
GO:0090022,regulation of neutrophil chemotaxis,0/132,32/18842,0,0,-0.47553516526091,1,1,1,"",0
GO:0090023,positive regulation of neutrophil chemotaxis,0/132,24/18842,0,0,-0.411737985562741,1,1,1,"",0
GO:0090030,regulation of steroid hormone biosynthetic process,0/132,14/18842,0,0,-0.314386558515355,1,1,1,"",0
GO:0090042,tubulin deacetylation,0/132,17/18842,0,0,-0.346464717820737,1,1,1,"",0
GO:0090043,regulation of tubulin deacetylation,0/132,14/18842,0,0,-0.314386558515355,1,1,1,"",0
GO:0090049,regulation of cell migration involved in sprouting angiogenesis,0/132,81/18842,0,0,-0.757559178371426,1,1,1,"",0
GO:0090050,positive regulation of cell migration involved in sprouting angiogenesis,0/132,37/18842,0,0,-0.511406495482523,1,1,1,"",0
GO:0090051,negative regulation of cell migration involved in sprouting angiogenesis,0/132,45/18842,0,0,-0.564110304289483,1,1,1,"",0
GO:0090069,regulation of ribosome biogenesis,0/132,11/18842,0,0,-0.278651700375158,1,1,1,"",0
GO:0090085,regulation of protein deubiquitination,0/132,12/18842,0,0,-0.291049937025784,1,1,1,"",0
GO:0090091,positive regulation of extracellular matrix disassembly,0/132,14/18842,0,0,-0.314386558515355,1,1,1,"",0
GO:0090103,cochlea morphogenesis,0/132,15/18842,0,0,-0.325429646814657,1,1,1,"",0
GO:0090110,COPII-coated vesicle cargo loading,0/132,19/18842,0,0,-0.366297897596641,1,1,1,"",0
GO:0090114,COPII-coated vesicle budding,0/132,43/18842,0,0,-0.551402715420296,1,1,1,"",0
GO:0090128,regulation of synapse maturation,0/132,27/18842,0,0,-0.436748897537163,1,1,1,"",0
GO:0090136,epithelial cell-cell adhesion,0/132,14/18842,0,0,-0.314386558515355,1,1,1,"",0
GO:0090141,positive regulation of mitochondrial fission,0/132,21/18842,0,0,-0.385114922134588,1,1,1,"",0
GO:0090148,membrane fission,0/132,45/18842,0,0,-0.564110304289483,1,1,1,"",0
GO:0090153,regulation of sphingolipid biosynthetic process,0/132,15/18842,0,0,-0.325429646814657,1,1,1,"",0
GO:0090158,endoplasmic reticulum membrane organization,0/132,16/18842,0,0,-0.336111220420459,1,1,1,"",0
GO:0090160,Golgi to lysosome transport,0/132,11/18842,0,0,-0.278651700375158,1,1,1,"",0
GO:0090161,Golgi ribbon formation,0/132,11/18842,0,0,-0.278651700375158,1,1,1,"",0
GO:0090162,establishment of epithelial cell polarity,0/132,19/18842,0,0,-0.366297897596641,1,1,1,"",0
GO:0090181,regulation of cholesterol metabolic process,0/132,53/18842,0,0,-0.61233368108521,1,1,1,"",0
GO:0090183,regulation of kidney development,0/132,32/18842,0,0,-0.47553516526091,1,1,1,"",0
GO:0090189,regulation of branching involved in ureteric bud morphogenesis,0/132,20/18842,0,0,-0.375823696578768,1,1,1,"",0
GO:0090190,positive regulation of branching involved in ureteric bud morphogenesis,0/132,17/18842,0,0,-0.346464717820737,1,1,1,"",0
GO:0090199,regulation of release of cytochrome c from mitochondria,0/132,41/18842,0,0,-0.538398077299233,1,1,1,"",0
GO:0090200,positive regulation of release of cytochrome c from mitochondria,0/132,23/18842,0,0,-0.403058137312115,1,1,1,"",0
GO:0090201,negative regulation of release of cytochrome c from mitochondria,0/132,18/18842,0,0,-0.356518722862875,1,1,1,"",0
GO:0090205,positive regulation of cholesterol metabolic process,0/132,24/18842,0,0,-0.411737985562741,1,1,1,"",0
GO:0090206,negative regulation of cholesterol metabolic process,0/132,15/18842,0,0,-0.325429646814657,1,1,1,"",0
GO:0090207,regulation of triglyceride metabolic process,0/132,42/18842,0,0,-0.544938845356922,1,1,1,"",0
GO:0090208,positive regulation of triglyceride metabolic process,0/132,23/18842,0,0,-0.403058137312115,1,1,1,"",0
GO:0090209,negative regulation of triglyceride metabolic process,0/132,16/18842,0,0,-0.336111220420459,1,1,1,"",0
GO:0090231,regulation of spindle checkpoint,0/132,33/18842,0,0,-0.482921080155088,1,1,1,"",0
GO:0090232,positive regulation of spindle checkpoint,0/132,21/18842,0,0,-0.385114922134588,1,1,1,"",0
GO:0090235,regulation of metaphase plate congression,0/132,15/18842,0,0,-0.325429646814657,1,1,1,"",0
GO:0090266,regulation of mitotic cell cycle spindle assembly checkpoint,0/132,32/18842,0,0,-0.47553516526091,1,1,1,"",0
GO:0090267,positive regulation of mitotic cell cycle spindle assembly checkpoint,0/132,20/18842,0,0,-0.375823696578768,1,1,1,"",0
GO:0090279,regulation of calcium ion import,0/132,45/18842,0,0,-0.564110304289483,1,1,1,"",0
GO:0090280,positive regulation of calcium ion import,0/132,24/18842,0,0,-0.411737985562741,1,1,1,"",0
GO:0090281,negative regulation of calcium ion import,0/132,15/18842,0,0,-0.325429646814657,1,1,1,"",0
GO:0090306,meiotic spindle assembly,0/132,10/18842,0,0,-0.265676917587564,1,1,1,"",0
GO:0090311,regulation of protein deacetylation,0/132,17/18842,0,0,-0.346464717820737,1,1,1,"",0
GO:0090313,regulation of protein targeting to membrane,0/132,29/18842,0,0,-0.452659894469733,1,1,1,"",0
GO:0090314,positive regulation of protein targeting to membrane,0/132,24/18842,0,0,-0.411737985562741,1,1,1,"",0
GO:0090316,positive regulation of intracellular protein transport,0/132,90/18842,0,0,-0.798729094242601,1,1,1,"",0
GO:0090317,negative regulation of intracellular protein transport,0/132,30/18842,0,0,-0.460410467649609,1,1,1,"",0
GO:0090322,regulation of superoxide metabolic process,0/132,31/18842,0,0,-0.468033513537355,1,1,1,"",0
GO:0090324,negative regulation of oxidative phosphorylation,0/132,10/18842,0,0,-0.265676917587564,1,1,1,"",0
GO:0090330,regulation of platelet aggregation,0/132,30/18842,0,0,-0.460410467649609,1,1,1,"",0
GO:0090331,negative regulation of platelet aggregation,0/132,10/18842,0,0,-0.265676917587564,1,1,1,"",0
GO:0090370,negative regulation of cholesterol efflux,0/132,26/18842,0,0,-0.428573257866855,1,1,1,"",0
GO:0090382,phagosome maturation,0/132,27/18842,0,0,-0.436748897537163,1,1,1,"",0
GO:0090385,phagosome-lysosome fusion,0/132,13/18842,0,0,-0.302942423276413,1,1,1,"",0
GO:0090394,negative regulation of excitatory postsynaptic potential,0/132,11/18842,0,0,-0.278651700375158,1,1,1,"",0
GO:0090399,replicative senescence,0/132,14/18842,0,0,-0.314386558515355,1,1,1,"",0
GO:0090435,protein localization to nuclear envelope,0/132,12/18842,0,0,-0.291049937025784,1,1,1,"",0
GO:0090481,pyrimidine nucleotide-sugar transmembrane transport,0/132,12/18842,0,0,-0.291049937025784,1,1,1,"",0
GO:0090493,catecholamine uptake,0/132,17/18842,0,0,-0.346464717820737,1,1,1,"",0
GO:0090494,dopamine uptake,0/132,16/18842,0,0,-0.336111220420459,1,1,1,"",0
GO:0090497,mesenchymal cell migration,0/132,43/18842,0,0,-0.551402715420296,1,1,1,"",0
GO:0090520,sphingolipid mediated signaling pathway,0/132,18/18842,0,0,-0.356518722862875,1,1,1,"",0
GO:0090522,vesicle tethering involved in exocytosis,0/132,10/18842,0,0,-0.265676917587564,1,1,1,"",0
GO:0090592,DNA synthesis involved in DNA replication,0/132,27/18842,0,0,-0.436748897537163,1,1,1,"",0
GO:0090646,mitochondrial tRNA processing,0/132,18/18842,0,0,-0.356518722862875,1,1,1,"",0
GO:0090656,t-circle formation,0/132,15/18842,0,0,-0.325429646814657,1,1,1,"",0
GO:0090657,telomeric loop disassembly,0/132,11/18842,0,0,-0.278651700375158,1,1,1,"",0
GO:0090670,RNA localization to Cajal body,0/132,19/18842,0,0,-0.366297897596641,1,1,1,"",0
GO:0090671,telomerase RNA localization to Cajal body,0/132,19/18842,0,0,-0.366297897596641,1,1,1,"",0
GO:0090672,telomerase RNA localization,0/132,19/18842,0,0,-0.366297897596641,1,1,1,"",0
GO:0090673,endothelial cell-matrix adhesion,0/132,10/18842,0,0,-0.265676917587564,1,1,1,"",0
GO:0090685,RNA localization to nucleus,0/132,19/18842,0,0,-0.366297897596641,1,1,1,"",0
GO:0090737,telomere maintenance via telomere trimming,0/132,15/18842,0,0,-0.325429646814657,1,1,1,"",0
GO:0095500,acetylcholine receptor signaling pathway,0/132,44/18842,0,0,-0.557792360956695,1,1,1,"",0
GO:0097009,energy homeostasis,0/132,59/18842,0,0,-0.646168188121849,1,1,1,"",0
GO:0097035,regulation of membrane lipid distribution,0/132,65/18842,0,0,-0.678337180323899,1,1,1,"",0
GO:0097048,dendritic cell apoptotic process,0/132,10/18842,0,0,-0.265676917587564,1,1,1,"",0
GO:0097061,dendritic spine organization,0/132,82/18842,0,0,-0.762241439800607,1,1,1,"",0
GO:0097062,dendritic spine maintenance,0/132,21/18842,0,0,-0.385114922134588,1,1,1,"",0
GO:0097066,response to thyroid hormone,0/132,20/18842,0,0,-0.375823696578768,1,1,1,"",0
GO:0097067,cellular response to thyroid hormone stimulus,0/132,12/18842,0,0,-0.291049937025784,1,1,1,"",0
GO:0097090,presynaptic membrane organization,0/132,11/18842,0,0,-0.278651700375158,1,1,1,"",0
GO:0097106,postsynaptic density organization,0/132,48/18842,0,0,-0.582657114924422,1,1,1,"",0
GO:0097107,postsynaptic density assembly,0/132,29/18842,0,0,-0.452659894469733,1,1,1,"",0
GO:0097119,postsynaptic density protein 95 clustering,0/132,10/18842,0,0,-0.265676917587564,1,1,1,"",0
GO:0097120,receptor localization to synapse,0/132,78/18842,0,0,-0.743338515213413,1,1,1,"",0
GO:0097168,mesenchymal stem cell proliferation,0/132,11/18842,0,0,-0.278651700375158,1,1,1,"",0
GO:0097186,amelogenesis,0/132,18/18842,0,0,-0.356518722862875,1,1,1,"",0
GO:0097194,execution phase of apoptosis,0/132,86/18842,0,0,-0.780694572729888,1,1,1,"",0
GO:0097205,renal filtration,0/132,26/18842,0,0,-0.428573257866855,1,1,1,"",0
GO:0097212,lysosomal membrane organization,0/132,18/18842,0,0,-0.356518722862875,1,1,1,"",0
GO:0097254,renal tubular secretion,0/132,14/18842,0,0,-0.314386558515355,1,1,1,"",0
GO:0097264,self proteolysis,0/132,11/18842,0,0,-0.278651700375158,1,1,1,"",0
GO:0097267,omega-hydroxylase P450 pathway,0/132,11/18842,0,0,-0.278651700375158,1,1,1,"",0
GO:0097278,complement-dependent cytotoxicity,0/132,10/18842,0,0,-0.265676917587564,1,1,1,"",0
GO:0097284,hepatocyte apoptotic process,0/132,11/18842,0,0,-0.278651700375158,1,1,1,"",0
GO:0097320,plasma membrane tubulation,0/132,19/18842,0,0,-0.366297897596641,1,1,1,"",0
GO:0097352,autophagosome maturation,0/132,63/18842,0,0,-0.667784124821285,1,1,1,"",0
GO:0097354,prenylation,0/132,11/18842,0,0,-0.278651700375158,1,1,1,"",0
GO:0097396,response to interleukin-17,0/132,25/18842,0,0,-0.420239487852281,1,1,1,"",0
GO:0097398,cellular response to interleukin-17,0/132,25/18842,0,0,-0.420239487852281,1,1,1,"",0
GO:0097400,interleukin-17-mediated signaling pathway,0/132,19/18842,0,0,-0.366297897596641,1,1,1,"",0
GO:0097421,liver regeneration,0/132,26/18842,0,0,-0.428573257866855,1,1,1,"",0
GO:0097468,programmed cell death in response to reactive oxygen species,0/132,23/18842,0,0,-0.403058137312115,1,1,1,"",0
GO:0097484,dendrite extension,0/132,33/18842,0,0,-0.482921080155088,1,1,1,"",0
GO:0097494,regulation of vesicle size,0/132,17/18842,0,0,-0.346464717820737,1,1,1,"",0
GO:0097499,protein localization to non-motile cilium,0/132,14/18842,0,0,-0.314386558515355,1,1,1,"",0
GO:0097501,stress response to metal ion,0/132,21/18842,0,0,-0.385114922134588,1,1,1,"",0
GO:0097530,granulocyte migration,0/132,133/18842,0,0,-0.972081279790887,1,1,1,"",0
GO:0097531,mast cell migration,0/132,12/18842,0,0,-0.291049937025784,1,1,1,"",0
GO:0097553,calcium ion transmembrane import into cytosol,0/132,176/18842,0,0,-1.1195223025627,1,1,1,"",0
GO:0097576,vacuole fusion,0/132,13/18842,0,0,-0.302942423276413,1,1,1,"",0
GO:0097646,calcitonin family receptor signaling pathway,0/132,12/18842,0,0,-0.291049937025784,1,1,1,"",0
GO:0097680,double-strand break repair via classical nonhomologous end joining,0/132,10/18842,0,0,-0.265676917587564,1,1,1,"",0
GO:0097722,sperm motility,0/132,217/18842,0,0,-1.24446811211083,1,1,1,"",0
GO:0097734,extracellular exosome biogenesis,0/132,21/18842,0,0,-0.385114922134588,1,1,1,"",0
GO:0097746,blood vessel diameter maintenance,0/132,129/18842,0,0,-0.957249598782907,1,1,1,"",0
GO:0098534,centriole assembly,0/132,51/18842,0,0,-0.600637147477136,1,1,1,"",0
GO:0098586,cellular response to virus,0/132,82/18842,0,0,-0.762241439800607,1,1,1,"",0
GO:0098656,monoatomic anion transmembrane transport,0/132,141/18842,0,0,-1.00110397975036,1,1,1,"",0
GO:0098664,G protein-coupled serotonin receptor signaling pathway,0/132,18/18842,0,0,-0.356518722862875,1,1,1,"",0
GO:0098693,regulation of synaptic vesicle cycle,0/132,15/18842,0,0,-0.325429646814657,1,1,1,"",0
GO:0098696,regulation of neurotransmitter receptor localization to postsynaptic specialization membrane,0/132,20/18842,0,0,-0.375823696578768,1,1,1,"",0
GO:0098698,postsynaptic specialization assembly,0/132,36/18842,0,0,-0.504434847677225,1,1,1,"",0
GO:0098703,calcium ion import across plasma membrane,0/132,42/18842,0,0,-0.544938845356922,1,1,1,"",0
GO:0098712,L-glutamate import across plasma membrane,0/132,13/18842,0,0,-0.302942423276413,1,1,1,"",0
GO:0098719,sodium ion import across plasma membrane,0/132,32/18842,0,0,-0.47553516526091,1,1,1,"",0
GO:0098743,cell aggregation,0/132,12/18842,0,0,-0.291049937025784,1,1,1,"",0
GO:0098773,skin epidermis development,0/132,74/18842,0,0,-0.723950561212253,1,1,1,"",0
GO:0098792,xenophagy,0/132,12/18842,0,0,-0.291049937025784,1,1,1,"",0
GO:0098801,regulation of renal system process,0/132,19/18842,0,0,-0.366297897596641,1,1,1,"",0
GO:0098810,neurotransmitter reuptake,0/132,31/18842,0,0,-0.468033513537355,1,1,1,"",0
GO:0098815,modulation of excitatory postsynaptic potential,0/132,49/18842,0,0,-0.588710836167025,1,1,1,"",0
GO:0098828,modulation of inhibitory postsynaptic potential,0/132,10/18842,0,0,-0.265676917587564,1,1,1,"",0
GO:0098840,protein transport along microtubule,0/132,23/18842,0,0,-0.403058137312115,1,1,1,"",0
GO:0098856,intestinal lipid absorption,0/132,18/18842,0,0,-0.356518722862875,1,1,1,"",0
GO:0098868,bone growth,0/132,19/18842,0,0,-0.366297897596641,1,1,1,"",0
GO:0098877,neurotransmitter receptor transport to plasma membrane,0/132,14/18842,0,0,-0.314386558515355,1,1,1,"",0
GO:0098880,maintenance of postsynaptic specialization structure,0/132,12/18842,0,0,-0.291049937025784,1,1,1,"",0
GO:0098883,synapse pruning,0/132,21/18842,0,0,-0.385114922134588,1,1,1,"",0
GO:0098884,postsynaptic neurotransmitter receptor internalization,0/132,36/18842,0,0,-0.504434847677225,1,1,1,"",0
GO:0098885,modification of postsynaptic actin cytoskeleton,0/132,19/18842,0,0,-0.366297897596641,1,1,1,"",0
GO:0098887,"neurotransmitter receptor transport, endosome to postsynaptic membrane",0/132,10/18842,0,0,-0.265676917587564,1,1,1,"",0
GO:0098900,regulation of action potential,0/132,69/18842,0,0,-0.69897195681039,1,1,1,"",0
GO:0098901,regulation of cardiac muscle cell action potential,0/132,31/18842,0,0,-0.468033513537355,1,1,1,"",0
GO:0098903,regulation of membrane repolarization during action potential,0/132,12/18842,0,0,-0.291049937025784,1,1,1,"",0
GO:0098908,regulation of neuronal action potential,0/132,10/18842,0,0,-0.265676917587564,1,1,1,"",0
GO:0098911,regulation of ventricular cardiac muscle cell action potential,0/132,12/18842,0,0,-0.291049937025784,1,1,1,"",0
GO:0098917,retrograde trans-synaptic signaling,0/132,10/18842,0,0,-0.265676917587564,1,1,1,"",0
GO:0098926,postsynaptic signal transduction,0/132,52/18842,0,0,-0.60651329946757,1,1,1,"",0
GO:0098927,vesicle-mediated transport between endosomal compartments,0/132,47/18842,0,0,-0.576540486956794,1,1,1,"",0
GO:0098935,dendritic transport,0/132,17/18842,0,0,-0.346464717820737,1,1,1,"",0
GO:0098937,anterograde dendritic transport,0/132,11/18842,0,0,-0.278651700375158,1,1,1,"",0
GO:0098953,receptor diffusion trapping,0/132,11/18842,0,0,-0.278651700375158,1,1,1,"",0
GO:0098969,neurotransmitter receptor transport to postsynaptic membrane,0/132,14/18842,0,0,-0.314386558515355,1,1,1,"",0
GO:0098970,postsynaptic neurotransmitter receptor diffusion trapping,0/132,11/18842,0,0,-0.278651700375158,1,1,1,"",0
GO:0098974,postsynaptic actin cytoskeleton organization,0/132,20/18842,0,0,-0.375823696578768,1,1,1,"",0
GO:0098976,excitatory chemical synaptic transmission,0/132,10/18842,0,0,-0.265676917587564,1,1,1,"",0
GO:0099022,vesicle tethering,0/132,32/18842,0,0,-0.47553516526091,1,1,1,"",0
GO:0099054,presynapse assembly,0/132,46/18842,0,0,-0.570358928294299,1,1,1,"",0
GO:0099068,postsynapse assembly,0/132,85/18842,0,0,-0.776121689298554,1,1,1,"",0
GO:0099072,regulation of postsynaptic membrane neurotransmitter receptor levels,0/132,119/18842,0,0,-0.919152999288831,1,1,1,"",0
GO:0099084,postsynaptic specialization organization,0/132,57/18842,0,0,-0.635087953146595,1,1,1,"",0
GO:0099116,tRNA 5'-end processing,0/132,16/18842,0,0,-0.336111220420459,1,1,1,"",0
GO:0099118,microtubule-based protein transport,0/132,23/18842,0,0,-0.403058137312115,1,1,1,"",0
GO:0099149,regulation of postsynaptic neurotransmitter receptor internalization,0/132,28/18842,0,0,-0.444775127108293,1,1,1,"",0
GO:0099150,regulation of postsynaptic specialization assembly,0/132,20/18842,0,0,-0.375823696578768,1,1,1,"",0
GO:0099151,regulation of postsynaptic density assembly,0/132,16/18842,0,0,-0.336111220420459,1,1,1,"",0
GO:0099170,postsynaptic modulation of chemical synaptic transmission,0/132,32/18842,0,0,-0.47553516526091,1,1,1,"",0
GO:0099171,presynaptic modulation of chemical synaptic transmission,0/132,38/18842,0,0,-0.518285100061389,1,1,1,"",0
GO:0099172,presynapse organization,0/132,56/18842,0,0,-0.629475600981219,1,1,1,"",0
GO:0099173,postsynapse organization,0/132,237/18842,0,0,-1.30125191743009,1,1,1,"",0
GO:0099174,regulation of presynapse organization,0/132,33/18842,0,0,-0.482921080155088,1,1,1,"",0
GO:0099175,regulation of postsynapse organization,0/132,144/18842,0,0,-1.01177912534943,1,1,1,"",0
GO:0099188,postsynaptic cytoskeleton organization,0/132,25/18842,0,0,-0.420239487852281,1,1,1,"",0
GO:0099500,vesicle fusion to plasma membrane,0/132,29/18842,0,0,-0.452659894469733,1,1,1,"",0
GO:0099502,calcium-dependent activation of synaptic vesicle fusion,0/132,15/18842,0,0,-0.325429646814657,1,1,1,"",0
GO:0099509,regulation of presynaptic cytosolic calcium ion concentration,0/132,15/18842,0,0,-0.325429646814657,1,1,1,"",0
GO:0099519,dense core granule cytoskeletal transport,0/132,10/18842,0,0,-0.265676917587564,1,1,1,"",0
GO:0099545,trans-synaptic signaling by trans-synaptic complex,0/132,13/18842,0,0,-0.302942423276413,1,1,1,"",0
GO:0099550,"trans-synaptic signaling, modulating synaptic transmission",0/132,26/18842,0,0,-0.428573257866855,1,1,1,"",0
GO:0099558,maintenance of synapse structure,0/132,34/18842,0,0,-0.490196489878786,1,1,1,"",0
GO:0099560,synaptic membrane adhesion,0/132,35/18842,0,0,-0.497366243942809,1,1,1,"",0
GO:0099565,"chemical synaptic transmission, postsynaptic",0/132,113/18842,0,0,-0.895537906664216,1,1,1,"",0
GO:0099590,neurotransmitter receptor internalization,0/132,36/18842,0,0,-0.504434847677225,1,1,1,"",0
GO:0099628,neurotransmitter receptor diffusion trapping,0/132,11/18842,0,0,-0.278651700375158,1,1,1,"",0
GO:0099633,protein localization to postsynaptic specialization membrane,0/132,37/18842,0,0,-0.511406495482523,1,1,1,"",0
GO:0099637,neurotransmitter receptor transport,0/132,18/18842,0,0,-0.356518722862875,1,1,1,"",0
GO:0099638,endosome to plasma membrane protein transport,0/132,17/18842,0,0,-0.346464717820737,1,1,1,"",0
GO:0099639,"neurotransmitter receptor transport, endosome to plasma membrane",0/132,10/18842,0,0,-0.265676917587564,1,1,1,"",0
GO:0099640,axo-dendritic protein transport,0/132,12/18842,0,0,-0.291049937025784,1,1,1,"",0
GO:0099645,neurotransmitter receptor localization to postsynaptic specialization membrane,0/132,37/18842,0,0,-0.511406495482523,1,1,1,"",0
GO:0101024,mitotic nuclear membrane organization,0/132,10/18842,0,0,-0.265676917587564,1,1,1,"",0
GO:0106014,regulation of inflammatory response to wounding,0/132,13/18842,0,0,-0.302942423276413,1,1,1,"",0
GO:0106015,negative regulation of inflammatory response to wounding,0/132,10/18842,0,0,-0.265676917587564,1,1,1,"",0
GO:0106027,neuron projection organization,0/132,92/18842,0,0,-0.807598166481001,1,1,1,"",0
GO:0106030,neuron projection fasciculation,0/132,17/18842,0,0,-0.346464717820737,1,1,1,"",0
GO:0106049,regulation of cellular response to osmotic stress,0/132,10/18842,0,0,-0.265676917587564,1,1,1,"",0
GO:0106056,regulation of calcineurin-mediated signaling,0/132,35/18842,0,0,-0.497366243942809,1,1,1,"",0
GO:0106057,negative regulation of calcineurin-mediated signaling,0/132,12/18842,0,0,-0.291049937025784,1,1,1,"",0
GO:0106058,positive regulation of calcineurin-mediated signaling,0/132,20/18842,0,0,-0.375823696578768,1,1,1,"",0
GO:0106070,regulation of adenylate cyclase-activating G protein-coupled receptor signaling pathway,0/132,20/18842,0,0,-0.375823696578768,1,1,1,"",0
GO:0106072,negative regulation of adenylate cyclase-activating G protein-coupled receptor signaling pathway,0/132,14/18842,0,0,-0.314386558515355,1,1,1,"",0
GO:0106074,aminoacyl-tRNA metabolism involved in translational fidelity,0/132,13/18842,0,0,-0.302942423276413,1,1,1,"",0
GO:0106118,regulation of sterol biosynthetic process,0/132,33/18842,0,0,-0.482921080155088,1,1,1,"",0
GO:0106119,negative regulation of sterol biosynthetic process,0/132,12/18842,0,0,-0.291049937025784,1,1,1,"",0
GO:0106120,positive regulation of sterol biosynthetic process,0/132,17/18842,0,0,-0.346464717820737,1,1,1,"",0
GO:0106300,protein-DNA covalent cross-linking repair,0/132,10/18842,0,0,-0.265676917587564,1,1,1,"",0
GO:0110025,DNA strand resection involved in replication fork processing,0/132,10/18842,0,0,-0.265676917587564,1,1,1,"",0
GO:0110095,cellular detoxification of aldehyde,0/132,13/18842,0,0,-0.302942423276413,1,1,1,"",0
GO:0110096,cellular response to aldehyde,0/132,23/18842,0,0,-0.403058137312115,1,1,1,"",0
GO:0110154,RNA decapping,0/132,27/18842,0,0,-0.436748897537163,1,1,1,"",0
GO:0110156,mRNA methylguanosine-cap decapping,0/132,23/18842,0,0,-0.403058137312115,1,1,1,"",0
GO:0120009,intermembrane lipid transfer,0/132,50/18842,0,0,-0.594703571845774,1,1,1,"",0
GO:0120033,negative regulation of plasma membrane bounded cell projection assembly,0/132,47/18842,0,0,-0.576540486956794,1,1,1,"",0
GO:0120162,positive regulation of cold-induced thermogenesis,0/132,104/18842,0,0,-0.858928669549718,1,1,1,"",0
GO:0120180,cell-substrate junction disassembly,0/132,12/18842,0,0,-0.291049937025784,1,1,1,"",0
GO:0120181,focal adhesion disassembly,0/132,12/18842,0,0,-0.291049937025784,1,1,1,"",0
GO:0120182,regulation of focal adhesion disassembly,0/132,11/18842,0,0,-0.278651700375158,1,1,1,"",0
GO:0120186,negative regulation of protein localization to chromatin,0/132,11/18842,0,0,-0.278651700375158,1,1,1,"",0
GO:0120192,tight junction assembly,0/132,61/18842,0,0,-0.65706390104955,1,1,1,"",0
GO:0120261,regulation of heterochromatin organization,0/132,15/18842,0,0,-0.325429646814657,1,1,1,"",0
GO:0120262,negative regulation of heterochromatin organization,0/132,10/18842,0,0,-0.265676917587564,1,1,1,"",0
GO:0120316,sperm flagellum assembly,0/132,47/18842,0,0,-0.576540486956794,1,1,1,"",0
GO:0140029,exocytic process,0/132,85/18842,0,0,-0.776121689298554,1,1,1,"",0
GO:0140042,lipid droplet formation,0/132,17/18842,0,0,-0.346464717820737,1,1,1,"",0
GO:0140052,cellular response to oxidised low-density lipoprotein particle stimulus,0/132,13/18842,0,0,-0.302942423276413,1,1,1,"",0
GO:0140053,mitochondrial gene expression,0/132,170/18842,0,0,-1.10009727263197,1,1,1,"",0
GO:0140056,organelle localization by membrane tethering,0/132,76/18842,0,0,-0.73370754781504,1,1,1,"",0
GO:0140105,interleukin-10-mediated signaling pathway,0/132,12/18842,0,0,-0.291049937025784,1,1,1,"",0
GO:0140112,extracellular vesicle biogenesis,0/132,23/18842,0,0,-0.403058137312115,1,1,1,"",0
GO:0140131,positive regulation of lymphocyte chemotaxis,0/132,17/18842,0,0,-0.346464717820737,1,1,1,"",0
GO:0140239,postsynaptic endocytosis,0/132,36/18842,0,0,-0.504434847677225,1,1,1,"",0
GO:0140253,cell-cell fusion,0/132,89/18842,0,0,-0.794258137686323,1,1,1,"",0
GO:0140354,lipid import into cell,0/132,20/18842,0,0,-0.375823696578768,1,1,1,"",0
GO:0140367,antibacterial innate immune response,0/132,18/18842,0,0,-0.356518722862875,1,1,1,"",0
GO:0140374,antiviral innate immune response,0/132,73/18842,0,0,-0.719023209914105,1,1,1,"",0
GO:0140467,integrated stress response signaling,0/132,53/18842,0,0,-0.61233368108521,1,1,1,"",0
GO:0140507,granzyme-mediated programmed cell death signaling pathway,0/132,11/18842,0,0,-0.278651700375158,1,1,1,"",0
GO:0140588,chromatin looping,0/132,17/18842,0,0,-0.346464717820737,1,1,1,"",0
GO:0140627,ubiquitin-dependent protein catabolic process via the C-end degron rule pathway,0/132,16/18842,0,0,-0.336111220420459,1,1,1,"",0
GO:0140632,canonical inflammasome complex assembly,0/132,54/18842,0,0,-0.618099867926707,1,1,1,"",0
GO:0140673,transcription elongation-coupled chromatin remodeling,0/132,15/18842,0,0,-0.325429646814657,1,1,1,"",0
GO:0140718,facultative heterochromatin formation,0/132,16/18842,0,0,-0.336111220420459,1,1,1,"",0
GO:0140719,constitutive heterochromatin formation,0/132,63/18842,0,0,-0.667784124821285,1,1,1,"",0
GO:0140861,DNA repair-dependent chromatin remodeling,0/132,26/18842,0,0,-0.428573257866855,1,1,1,"",0
GO:0140894,endolysosomal toll-like receptor signaling pathway,0/132,53/18842,0,0,-0.61233368108521,1,1,1,"",0
GO:0140895,cell surface toll-like receptor signaling pathway,0/132,72/18842,0,0,-0.714062388945711,1,1,1,"",0
GO:0140896,cGAS/STING signaling pathway,0/132,29/18842,0,0,-0.452659894469733,1,1,1,"",0
GO:0140966,piRNA-mediated heterochromatin formation,0/132,16/18842,0,0,-0.336111220420459,1,1,1,"",0
GO:0141005,transposable element silencing by heterochromatin formation,0/132,24/18842,0,0,-0.411737985562741,1,1,1,"",0
GO:0141084,inflammasome-mediated signaling pathway,0/132,59/18842,0,0,-0.646168188121849,1,1,1,"",0
GO:0141085,regulation of inflammasome-mediated signaling pathway,0/132,52/18842,0,0,-0.60651329946757,1,1,1,"",0
GO:0141086,negative regulation of inflammasome-mediated signaling pathway,0/132,20/18842,0,0,-0.375823696578768,1,1,1,"",0
GO:0141087,positive regulation of inflammasome-mediated signaling pathway,0/132,30/18842,0,0,-0.460410467649609,1,1,1,"",0
GO:0141137,"positive regulation of gene expression, epigenetic",0/132,63/18842,0,0,-0.667784124821285,1,1,1,"",0
GO:0141156,cAMP/PKA signal transduction,0/132,65/18842,0,0,-0.678337180323899,1,1,1,"",0
GO:0141161,regulation of cAMP/PKA signal transduction,0/132,50/18842,0,0,-0.594703571845774,1,1,1,"",0
GO:0141162,negative regulation of cAMP/PKA signal transduction,0/132,29/18842,0,0,-0.452659894469733,1,1,1,"",0
GO:0141163,positive regulation of cAMP/PKA signal transduction,0/132,19/18842,0,0,-0.366297897596641,1,1,1,"",0
GO:0141176,gene silencing by piRNA-directed DNA methylation,0/132,15/18842,0,0,-0.325429646814657,1,1,1,"",0
GO:0141196,transposable element silencing by piRNA-mediated DNA methylation,0/132,15/18842,0,0,-0.325429646814657,1,1,1,"",0
GO:0141198,protein branched polyubiquitination,0/132,19/18842,0,0,-0.366297897596641,1,1,1,"",0
GO:0141212,phospholipase C/protein kinase C signal transduction,0/132,13/18842,0,0,-0.302942423276413,1,1,1,"",0
GO:0150052,regulation of postsynapse assembly,0/132,44/18842,0,0,-0.557792360956695,1,1,1,"",0
GO:0150077,regulation of neuroinflammatory response,0/132,45/18842,0,0,-0.564110304289483,1,1,1,"",0
GO:0150078,positive regulation of neuroinflammatory response,0/132,21/18842,0,0,-0.385114922134588,1,1,1,"",0
GO:0150079,negative regulation of neuroinflammatory response,0/132,19/18842,0,0,-0.366297897596641,1,1,1,"",0
GO:0150105,protein localization to cell-cell junction,0/132,24/18842,0,0,-0.411737985562741,1,1,1,"",0
GO:0150117,positive regulation of cell-substrate junction organization,0/132,32/18842,0,0,-0.47553516526091,1,1,1,"",0
GO:0150118,negative regulation of cell-substrate junction organization,0/132,20/18842,0,0,-0.375823696578768,1,1,1,"",0
GO:0160020,positive regulation of ferroptosis,0/132,10/18842,0,0,-0.265676917587564,1,1,1,"",0
GO:0160049,negative regulation of cGAS/STING signaling pathway,0/132,16/18842,0,0,-0.336111220420459,1,1,1,"",0
GO:0160165,"CD8-positive, alpha-beta T cell homeostasis",0/132,15/18842,0,0,-0.325429646814657,1,1,1,"",0
GO:0160240,RNA polymerase II transcription initiation surveillance,0/132,19/18842,0,0,-0.366297897596641,1,1,1,"",0
GO:0170035,L-amino acid catabolic process,0/132,96/18842,0,0,-0.825055866788168,1,1,1,"",0
GO:0170040,proteinogenic amino acid catabolic process,0/132,92/18842,0,0,-0.807598166481001,1,1,1,"",0
GO:0170041,non-proteinogenic amino acid metabolic process,0/132,54/18842,0,0,-0.618099867926707,1,1,1,"",0
GO:0170043,non-proteinogenic amino acid biosynthetic process,0/132,14/18842,0,0,-0.314386558515355,1,1,1,"",0
GO:0170044,non-proteinogenic amino acid catabolic process,0/132,20/18842,0,0,-0.375823696578768,1,1,1,"",0
GO:0180012,"co-transcriptional RNA 3'-end processing, cleavage and polyadenylation pathway",0/132,11/18842,0,0,-0.278651700375158,1,1,1,"",0
GO:0180046,GPI anchored protein biosynthesis,0/132,32/18842,0,0,-0.47553516526091,1,1,1,"",0
GO:1900006,positive regulation of dendrite development,0/132,15/18842,0,0,-0.325429646814657,1,1,1,"",0
GO:1900015,regulation of cytokine production involved in inflammatory response,0/132,85/18842,0,0,-0.776121689298554,1,1,1,"",0
GO:1900016,negative regulation of cytokine production involved in inflammatory response,0/132,46/18842,0,0,-0.570358928294299,1,1,1,"",0
GO:1900017,positive regulation of cytokine production involved in inflammatory response,0/132,35/18842,0,0,-0.497366243942809,1,1,1,"",0
GO:1900025,negative regulation of substrate adhesion-dependent cell spreading,0/132,13/18842,0,0,-0.302942423276413,1,1,1,"",0
GO:1900027,regulation of ruffle assembly,0/132,27/18842,0,0,-0.436748897537163,1,1,1,"",0
GO:1900029,positive regulation of ruffle assembly,0/132,15/18842,0,0,-0.325429646814657,1,1,1,"",0
GO:1900034,regulation of cellular response to heat,0/132,16/18842,0,0,-0.336111220420459,1,1,1,"",0
GO:1900037,regulation of cellular response to hypoxia,0/132,24/18842,0,0,-0.411737985562741,1,1,1,"",0
GO:1900038,negative regulation of cellular response to hypoxia,0/132,12/18842,0,0,-0.291049937025784,1,1,1,"",0
GO:1900044,regulation of protein K63-linked ubiquitination,0/132,14/18842,0,0,-0.314386558515355,1,1,1,"",0
GO:1900046,regulation of hemostasis,0/132,67/18842,0,0,-0.688730752593991,1,1,1,"",0
GO:1900047,negative regulation of hemostasis,0/132,48/18842,0,0,-0.582657114924422,1,1,1,"",0
GO:1900048,positive regulation of hemostasis,0/132,26/18842,0,0,-0.428573257866855,1,1,1,"",0
GO:1900077,negative regulation of cellular response to insulin stimulus,0/132,41/18842,0,0,-0.538398077299233,1,1,1,"",0
GO:1900078,positive regulation of cellular response to insulin stimulus,0/132,22/18842,0,0,-0.39418816182791,1,1,1,"",0
GO:1900103,positive regulation of endoplasmic reticulum unfolded protein response,0/132,14/18842,0,0,-0.314386558515355,1,1,1,"",0
GO:1900117,regulation of execution phase of apoptosis,0/132,38/18842,0,0,-0.518285100061389,1,1,1,"",0
GO:1900118,negative regulation of execution phase of apoptosis,0/132,20/18842,0,0,-0.375823696578768,1,1,1,"",0
GO:1900119,positive regulation of execution phase of apoptosis,0/132,20/18842,0,0,-0.375823696578768,1,1,1,"",0
GO:1900152,"negative regulation of nuclear-transcribed mRNA catabolic process, deadenylation-dependent decay",0/132,12/18842,0,0,-0.291049937025784,1,1,1,"",0
GO:1900181,negative regulation of protein localization to nucleus,0/132,32/18842,0,0,-0.47553516526091,1,1,1,"",0
GO:1900221,regulation of amyloid-beta clearance,0/132,19/18842,0,0,-0.366297897596641,1,1,1,"",0
GO:1900222,negative regulation of amyloid-beta clearance,0/132,11/18842,0,0,-0.278651700375158,1,1,1,"",0
GO:1900225,regulation of NLRP3 inflammasome complex assembly,0/132,47/18842,0,0,-0.576540486956794,1,1,1,"",0
GO:1900226,negative regulation of NLRP3 inflammasome complex assembly,0/132,16/18842,0,0,-0.336111220420459,1,1,1,"",0
GO:1900227,positive regulation of NLRP3 inflammasome complex assembly,0/132,29/18842,0,0,-0.452659894469733,1,1,1,"",0
GO:1900242,regulation of synaptic vesicle endocytosis,0/132,21/18842,0,0,-0.385114922134588,1,1,1,"",0
GO:1900246,positive regulation of RIG-I signaling pathway,0/132,11/18842,0,0,-0.278651700375158,1,1,1,"",0
GO:1900273,positive regulation of long-term synaptic potentiation,0/132,24/18842,0,0,-0.411737985562741,1,1,1,"",0
GO:1900368,regulation of post-transcriptional gene silencing by regulatory ncRNA,0/132,32/18842,0,0,-0.47553516526091,1,1,1,"",0
GO:1900369,negative regulation of post-transcriptional gene silencing by regulatory ncRNA,0/132,16/18842,0,0,-0.336111220420459,1,1,1,"",0
GO:1900370,positive regulation of post-transcriptional gene silencing by RNA,0/132,11/18842,0,0,-0.278651700375158,1,1,1,"",0
GO:1900371,regulation of purine nucleotide biosynthetic process,0/132,25/18842,0,0,-0.420239487852281,1,1,1,"",0
GO:1900373,positive regulation of purine nucleotide biosynthetic process,0/132,16/18842,0,0,-0.336111220420459,1,1,1,"",0
GO:1900376,regulation of secondary metabolite biosynthetic process,0/132,17/18842,0,0,-0.346464717820737,1,1,1,"",0
GO:1900378,positive regulation of secondary metabolite biosynthetic process,0/132,12/18842,0,0,-0.291049937025784,1,1,1,"",0
GO:1900407,regulation of cellular response to oxidative stress,0/132,18/18842,0,0,-0.356518722862875,1,1,1,"",0
GO:1900424,regulation of defense response to bacterium,0/132,18/18842,0,0,-0.356518722862875,1,1,1,"",0
GO:1900426,positive regulation of defense response to bacterium,0/132,12/18842,0,0,-0.291049937025784,1,1,1,"",0
GO:1900449,regulation of glutamate receptor signaling pathway,0/132,14/18842,0,0,-0.314386558515355,1,1,1,"",0
GO:1900451,positive regulation of glutamate receptor signaling pathway,0/132,11/18842,0,0,-0.278651700375158,1,1,1,"",0
GO:1900747,negative regulation of vascular endothelial growth factor signaling pathway,0/132,17/18842,0,0,-0.346464717820737,1,1,1,"",0
GO:1900864,mitochondrial RNA modification,0/132,17/18842,0,0,-0.346464717820737,1,1,1,"",0
GO:1901020,negative regulation of calcium ion transmembrane transporter activity,0/132,12/18842,0,0,-0.291049937025784,1,1,1,"",0
GO:1901031,regulation of response to reactive oxygen species,0/132,10/18842,0,0,-0.265676917587564,1,1,1,"",0
GO:1901072,glucosamine-containing compound catabolic process,0/132,10/18842,0,0,-0.265676917587564,1,1,1,"",0
GO:1901096,regulation of autophagosome maturation,0/132,17/18842,0,0,-0.346464717820737,1,1,1,"",0
GO:1901163,regulation of trophoblast cell migration,0/132,17/18842,0,0,-0.346464717820737,1,1,1,"",0
GO:1901184,regulation of ERBB signaling pathway,0/132,80/18842,0,0,-0.752848300446955,1,1,1,"",0
GO:1901185,negative regulation of ERBB signaling pathway,0/132,37/18842,0,0,-0.511406495482523,1,1,1,"",0
GO:1901186,positive regulation of ERBB signaling pathway,0/132,34/18842,0,0,-0.490196489878786,1,1,1,"",0
GO:1901223,negative regulation of non-canonical NF-kappaB signal transduction,0/132,42/18842,0,0,-0.544938845356922,1,1,1,"",0
GO:1901298,regulation of hydrogen peroxide-mediated programmed cell death,0/132,18/18842,0,0,-0.356518722862875,1,1,1,"",0
GO:1901299,negative regulation of hydrogen peroxide-mediated programmed cell death,0/132,14/18842,0,0,-0.314386558515355,1,1,1,"",0
GO:1901317,regulation of flagellated sperm motility,0/132,23/18842,0,0,-0.403058137312115,1,1,1,"",0
GO:1901329,regulation of odontoblast differentiation,0/132,11/18842,0,0,-0.278651700375158,1,1,1,"",0
GO:1901334,lactone metabolic process,0/132,10/18842,0,0,-0.265676917587564,1,1,1,"",0
GO:1901385,regulation of voltage-gated calcium channel activity,0/132,13/18842,0,0,-0.302942423276413,1,1,1,"",0
GO:1901503,ether biosynthetic process,0/132,13/18842,0,0,-0.302942423276413,1,1,1,"",0
GO:1901524,regulation of mitophagy,0/132,46/18842,0,0,-0.570358928294299,1,1,1,"",0
GO:1901526,positive regulation of mitophagy,0/132,23/18842,0,0,-0.403058137312115,1,1,1,"",0
GO:1901532,regulation of hematopoietic progenitor cell differentiation,0/132,34/18842,0,0,-0.490196489878786,1,1,1,"",0
GO:1901533,negative regulation of hematopoietic progenitor cell differentiation,0/132,13/18842,0,0,-0.302942423276413,1,1,1,"",0
GO:1901550,regulation of endothelial cell development,0/132,17/18842,0,0,-0.346464717820737,1,1,1,"",0
GO:1901606,alpha-amino acid catabolic process,0/132,101/18842,0,0,-0.846381872435675,1,1,1,"",0
GO:1901623,regulation of lymphocyte chemotaxis,0/132,23/18842,0,0,-0.403058137312115,1,1,1,"",0
GO:1901632,regulation of synaptic vesicle membrane organization,0/132,21/18842,0,0,-0.385114922134588,1,1,1,"",0
GO:1901634,positive regulation of synaptic vesicle membrane organization,0/132,15/18842,0,0,-0.325429646814657,1,1,1,"",0
GO:1901658,glycosyl compound catabolic process,0/132,21/18842,0,0,-0.385114922134588,1,1,1,"",0
GO:1901663,quinone biosynthetic process,0/132,19/18842,0,0,-0.366297897596641,1,1,1,"",0
GO:1901678,iron coordination entity transport,0/132,11/18842,0,0,-0.278651700375158,1,1,1,"",0
GO:1901679,nucleotide transmembrane transport,0/132,27/18842,0,0,-0.436748897537163,1,1,1,"",0
GO:1901731,positive regulation of platelet aggregation,0/132,12/18842,0,0,-0.291049937025784,1,1,1,"",0
GO:1901739,regulation of myoblast fusion,0/132,58/18842,0,0,-0.640651730579912,1,1,1,"",0
GO:1901740,negative regulation of myoblast fusion,0/132,47/18842,0,0,-0.576540486956794,1,1,1,"",0
GO:1901750,leukotriene D4 biosynthetic process,0/132,10/18842,0,0,-0.265676917587564,1,1,1,"",0
GO:1901796,regulation of signal transduction by p53 class mediator,0/132,111/18842,0,0,-0.887530025022405,1,1,1,"",0
GO:1901797,negative regulation of signal transduction by p53 class mediator,0/132,40/18842,0,0,-0.531777573647406,1,1,1,"",0
GO:1901798,positive regulation of signal transduction by p53 class mediator,0/132,38/18842,0,0,-0.518285100061389,1,1,1,"",0
GO:1901836,regulation of transcription of nucleolar large rRNA by RNA polymerase I,0/132,15/18842,0,0,-0.325429646814657,1,1,1,"",0
GO:1901838,positive regulation of transcription of nucleolar large rRNA by RNA polymerase I,0/132,11/18842,0,0,-0.278651700375158,1,1,1,"",0
GO:1901844,regulation of cell communication by electrical coupling involved in cardiac conduction,0/132,11/18842,0,0,-0.278651700375158,1,1,1,"",0
GO:1901847,nicotinate metabolic process,0/132,12/18842,0,0,-0.291049937025784,1,1,1,"",0
GO:1901856,negative regulation of cellular respiration,0/132,11/18842,0,0,-0.278651700375158,1,1,1,"",0
GO:1901857,positive regulation of cellular respiration,0/132,15/18842,0,0,-0.325429646814657,1,1,1,"",0
GO:1901861,regulation of muscle tissue development,0/132,28/18842,0,0,-0.444775127108293,1,1,1,"",0
GO:1901863,positive regulation of muscle tissue development,0/132,14/18842,0,0,-0.314386558515355,1,1,1,"",0
GO:1901879,regulation of protein depolymerization,0/132,88/18842,0,0,-0.789762351666056,1,1,1,"",0
GO:1901880,negative regulation of protein depolymerization,0/132,70/18842,0,0,-0.70403750286045,1,1,1,"",0
GO:1901881,positive regulation of protein depolymerization,0/132,19/18842,0,0,-0.366297897596641,1,1,1,"",0
GO:1901889,negative regulation of cell junction assembly,0/132,38/18842,0,0,-0.518285100061389,1,1,1,"",0
GO:1901890,positive regulation of cell junction assembly,0/132,95/18842,0,0,-0.820725561219591,1,1,1,"",0
GO:1901950,dense core granule transport,0/132,10/18842,0,0,-0.265676917587564,1,1,1,"",0
GO:1901970,positive regulation of mitotic sister chromatid separation,0/132,22/18842,0,0,-0.39418816182791,1,1,1,"",0
GO:1901976,regulation of cell cycle checkpoint,0/132,56/18842,0,0,-0.629475600981219,1,1,1,"",0
GO:1901978,positive regulation of cell cycle checkpoint,0/132,26/18842,0,0,-0.428573257866855,1,1,1,"",0
GO:1901993,regulation of meiotic cell cycle phase transition,0/132,13/18842,0,0,-0.302942423276413,1,1,1,"",0
GO:1902001,fatty acid transmembrane transport,0/132,20/18842,0,0,-0.375823696578768,1,1,1,"",0
GO:1902003,regulation of amyloid-beta formation,0/132,51/18842,0,0,-0.600637147477136,1,1,1,"",0
GO:1902004,positive regulation of amyloid-beta formation,0/132,21/18842,0,0,-0.385114922134588,1,1,1,"",0
GO:1902017,regulation of cilium assembly,0/132,78/18842,0,0,-0.743338515213413,1,1,1,"",0
GO:1902018,negative regulation of cilium assembly,0/132,27/18842,0,0,-0.436748897537163,1,1,1,"",0
GO:1902019,regulation of cilium-dependent cell motility,0/132,31/18842,0,0,-0.468033513537355,1,1,1,"",0
GO:1902036,regulation of hematopoietic stem cell differentiation,0/132,16/18842,0,0,-0.336111220420459,1,1,1,"",0
GO:1902041,regulation of extrinsic apoptotic signaling pathway via death domain receptors,0/132,38/18842,0,0,-0.518285100061389,1,1,1,"",0
GO:1902042,negative regulation of extrinsic apoptotic signaling pathway via death domain receptors,0/132,28/18842,0,0,-0.444775127108293,1,1,1,"",0
GO:1902047,polyamine transmembrane transport,0/132,15/18842,0,0,-0.325429646814657,1,1,1,"",0
GO:1902065,response to L-glutamate,0/132,17/18842,0,0,-0.346464717820737,1,1,1,"",0
GO:1902074,response to salt,0/132,22/18842,0,0,-0.39418816182791,1,1,1,"",0
GO:1902093,positive regulation of flagellated sperm motility,0/132,15/18842,0,0,-0.325429646814657,1,1,1,"",0
GO:1902099,regulation of metaphase/anaphase transition of cell cycle,0/132,103/18842,0,0,-0.854766422117202,1,1,1,"",0
GO:1902100,negative regulation of metaphase/anaphase transition of cell cycle,0/132,60/18842,0,0,-0.651638527628289,1,1,1,"",0
GO:1902101,positive regulation of metaphase/anaphase transition of cell cycle,0/132,19/18842,0,0,-0.366297897596641,1,1,1,"",0
GO:1902106,negative regulation of leukocyte differentiation,0/132,109/18842,0,0,-0.879450963513604,1,1,1,"",0
GO:1902116,negative regulation of organelle assembly,0/132,49/18842,0,0,-0.588710836167025,1,1,1,"",0
GO:1902117,positive regulation of organelle assembly,0/132,80/18842,0,0,-0.752848300446955,1,1,1,"",0
GO:1902165,regulation of intrinsic apoptotic signaling pathway in response to DNA damage by p53 class mediator,0/132,16/18842,0,0,-0.336111220420459,1,1,1,"",0
GO:1902166,negative regulation of intrinsic apoptotic signaling pathway in response to DNA damage by p53 class mediator,0/132,15/18842,0,0,-0.325429646814657,1,1,1,"",0
GO:1902170,cellular response to reactive nitrogen species,0/132,15/18842,0,0,-0.325429646814657,1,1,1,"",0
GO:1902175,regulation of oxidative stress-induced intrinsic apoptotic signaling pathway,0/132,47/18842,0,0,-0.576540486956794,1,1,1,"",0
GO:1902176,negative regulation of oxidative stress-induced intrinsic apoptotic signaling pathway,0/132,35/18842,0,0,-0.497366243942809,1,1,1,"",0
GO:1902229,regulation of intrinsic apoptotic signaling pathway in response to DNA damage,0/132,32/18842,0,0,-0.47553516526091,1,1,1,"",0
GO:1902230,negative regulation of intrinsic apoptotic signaling pathway in response to DNA damage,0/132,28/18842,0,0,-0.444775127108293,1,1,1,"",0
GO:1902237,positive regulation of endoplasmic reticulum stress-induced intrinsic apoptotic signaling pathway,0/132,10/18842,0,0,-0.265676917587564,1,1,1,"",0
GO:1902253,regulation of intrinsic apoptotic signaling pathway by p53 class mediator,0/132,30/18842,0,0,-0.460410467649609,1,1,1,"",0
GO:1902254,negative regulation of intrinsic apoptotic signaling pathway by p53 class mediator,0/132,21/18842,0,0,-0.385114922134588,1,1,1,"",0
GO:1902275,regulation of chromatin organization,0/132,33/18842,0,0,-0.482921080155088,1,1,1,"",0
GO:1902305,regulation of sodium ion transmembrane transport,0/132,43/18842,0,0,-0.551402715420296,1,1,1,"",0
GO:1902306,negative regulation of sodium ion transmembrane transport,0/132,11/18842,0,0,-0.278651700375158,1,1,1,"",0
GO:1902307,positive regulation of sodium ion transmembrane transport,0/132,20/18842,0,0,-0.375823696578768,1,1,1,"",0
GO:1902358,sulfate transmembrane transport,0/132,16/18842,0,0,-0.336111220420459,1,1,1,"",0
GO:1902410,mitotic cytokinetic process,0/132,39/18842,0,0,-0.525074318209442,1,1,1,"",0
GO:1902412,regulation of mitotic cytokinesis,0/132,21/18842,0,0,-0.385114922134588,1,1,1,"",0
GO:1902414,protein localization to cell junction,0/132,114/18842,0,0,-0.899515749934523,1,1,1,"",0
GO:1902423,regulation of attachment of mitotic spindle microtubules to kinetochore,0/132,10/18842,0,0,-0.265676917587564,1,1,1,"",0
GO:1902430,negative regulation of amyloid-beta formation,0/132,31/18842,0,0,-0.468033513537355,1,1,1,"",0
GO:1902455,negative regulation of stem cell population maintenance,0/132,22/18842,0,0,-0.39418816182791,1,1,1,"",0
GO:1902459,positive regulation of stem cell population maintenance,0/132,48/18842,0,0,-0.582657114924422,1,1,1,"",0
GO:1902460,regulation of mesenchymal stem cell proliferation,0/132,10/18842,0,0,-0.265676917587564,1,1,1,"",0
GO:1902473,regulation of protein localization to synapse,0/132,29/18842,0,0,-0.452659894469733,1,1,1,"",0
GO:1902475,L-alpha-amino acid transmembrane transport,0/132,68/18842,0,0,-0.693869976647335,1,1,1,"",0
GO:1902476,chloride transmembrane transport,0/132,111/18842,0,0,-0.887530025022405,1,1,1,"",0
GO:1902514,regulation of calcium ion transmembrane transport via high voltage-gated calcium channel,0/132,18/18842,0,0,-0.356518722862875,1,1,1,"",0
GO:1902548,negative regulation of cellular response to vascular endothelial growth factor stimulus,0/132,19/18842,0,0,-0.366297897596641,1,1,1,"",0
GO:1902563,regulation of neutrophil activation,0/132,12/18842,0,0,-0.291049937025784,1,1,1,"",0
GO:1902570,protein localization to nucleolus,0/132,22/18842,0,0,-0.39418816182791,1,1,1,"",0
GO:1902622,regulation of neutrophil migration,0/132,41/18842,0,0,-0.538398077299233,1,1,1,"",0
GO:1902624,positive regulation of neutrophil migration,0/132,31/18842,0,0,-0.468033513537355,1,1,1,"",0
GO:1902633,"1-phosphatidyl-1D-myo-inositol 4,5-bisphosphate metabolic process",0/132,11/18842,0,0,-0.278651700375158,1,1,1,"",0
GO:1902653,secondary alcohol biosynthetic process,0/132,66/18842,0,0,-0.683553444519687,1,1,1,"",0
GO:1902656,calcium ion import into cytosol,0/132,42/18842,0,0,-0.544938845356922,1,1,1,"",0
GO:1902667,regulation of axon guidance,0/132,10/18842,0,0,-0.265676917587564,1,1,1,"",0
GO:1902683,regulation of receptor localization to synapse,0/132,30/18842,0,0,-0.460410467649609,1,1,1,"",0
GO:1902692,regulation of neuroblast proliferation,0/132,20/18842,0,0,-0.375823696578768,1,1,1,"",0
GO:1902742,apoptotic process involved in development,0/132,21/18842,0,0,-0.385114922134588,1,1,1,"",0
GO:1902749,regulation of cell cycle G2/M phase transition,0/132,110/18842,0,0,-0.883499513425758,1,1,1,"",0
GO:1902750,negative regulation of cell cycle G2/M phase transition,0/132,74/18842,0,0,-0.723950561212253,1,1,1,"",0
GO:1902751,positive regulation of cell cycle G2/M phase transition,0/132,26/18842,0,0,-0.428573257866855,1,1,1,"",0
GO:1902774,late endosome to lysosome transport,0/132,22/18842,0,0,-0.39418816182791,1,1,1,"",0
GO:1902775,mitochondrial large ribosomal subunit assembly,0/132,16/18842,0,0,-0.336111220420459,1,1,1,"",0
GO:1902882,regulation of response to oxidative stress,0/132,29/18842,0,0,-0.452659894469733,1,1,1,"",0
GO:1902902,negative regulation of autophagosome assembly,0/132,11/18842,0,0,-0.278651700375158,1,1,1,"",0
GO:1902914,regulation of protein polyubiquitination,0/132,27/18842,0,0,-0.436748897537163,1,1,1,"",0
GO:1902916,positive regulation of protein polyubiquitination,0/132,15/18842,0,0,-0.325429646814657,1,1,1,"",0
GO:1902930,regulation of alcohol biosynthetic process,0/132,55/18842,0,0,-0.623813362930432,1,1,1,"",0
GO:1902931,negative regulation of alcohol biosynthetic process,0/132,17/18842,0,0,-0.346464717820737,1,1,1,"",0
GO:1902932,positive regulation of alcohol biosynthetic process,0/132,31/18842,0,0,-0.468033513537355,1,1,1,"",0
GO:1902946,protein localization to early endosome,0/132,13/18842,0,0,-0.302942423276413,1,1,1,"",0
GO:1902950,regulation of dendritic spine maintenance,0/132,15/18842,0,0,-0.325429646814657,1,1,1,"",0
GO:1902953,positive regulation of ER to Golgi vesicle-mediated transport,0/132,13/18842,0,0,-0.302942423276413,1,1,1,"",0
GO:1902965,regulation of protein localization to early endosome,0/132,10/18842,0,0,-0.265676917587564,1,1,1,"",0
GO:1902966,positive regulation of protein localization to early endosome,0/132,10/18842,0,0,-0.265676917587564,1,1,1,"",0
GO:1902969,mitotic DNA replication,0/132,16/18842,0,0,-0.336111220420459,1,1,1,"",0
GO:1902992,negative regulation of amyloid precursor protein catabolic process,0/132,33/18842,0,0,-0.482921080155088,1,1,1,"",0
GO:1903008,organelle disassembly,0/132,76/18842,0,0,-0.73370754781504,1,1,1,"",0
GO:1903019,negative regulation of glycoprotein metabolic process,0/132,32/18842,0,0,-0.47553516526091,1,1,1,"",0
GO:1903035,negative regulation of response to wounding,0/132,92/18842,0,0,-0.807598166481001,1,1,1,"",0
GO:1903044,protein localization to membrane raft,0/132,11/18842,0,0,-0.278651700375158,1,1,1,"",0
GO:1903059,regulation of protein lipidation,0/132,10/18842,0,0,-0.265676917587564,1,1,1,"",0
GO:1903076,regulation of protein localization to plasma membrane,0/132,114/18842,0,0,-0.899515749934523,1,1,1,"",0
GO:1903077,negative regulation of protein localization to plasma membrane,0/132,31/18842,0,0,-0.468033513537355,1,1,1,"",0
GO:1903078,positive regulation of protein localization to plasma membrane,0/132,64/18842,0,0,-0.673081054207394,1,1,1,"",0
GO:1903083,protein localization to condensed chromosome,0/132,16/18842,0,0,-0.336111220420459,1,1,1,"",0
GO:1903115,regulation of actin filament-based movement,0/132,44/18842,0,0,-0.557792360956695,1,1,1,"",0
GO:1903140,regulation of establishment of endothelial barrier,0/132,17/18842,0,0,-0.346464717820737,1,1,1,"",0
GO:1903146,regulation of autophagy of mitochondrion,0/132,51/18842,0,0,-0.600637147477136,1,1,1,"",0
GO:1903169,regulation of calcium ion transmembrane transport,0/132,136/18842,0,0,-0.98306228731462,1,1,1,"",0
GO:1903170,negative regulation of calcium ion transmembrane transport,0/132,39/18842,0,0,-0.525074318209442,1,1,1,"",0
GO:1903236,regulation of leukocyte tethering or rolling,0/132,15/18842,0,0,-0.325429646814657,1,1,1,"",0
GO:1903238,positive regulation of leukocyte tethering or rolling,0/132,10/18842,0,0,-0.265676917587564,1,1,1,"",0
GO:1903241,U2-type prespliceosome assembly,0/132,25/18842,0,0,-0.420239487852281,1,1,1,"",0
GO:1903244,positive regulation of cardiac muscle hypertrophy in response to stress,0/132,10/18842,0,0,-0.265676917587564,1,1,1,"",0
GO:1903251,multi-ciliated epithelial cell differentiation,0/132,13/18842,0,0,-0.302942423276413,1,1,1,"",0
GO:1903276,regulation of sodium ion export across plasma membrane,0/132,11/18842,0,0,-0.278651700375158,1,1,1,"",0
GO:1903278,positive regulation of sodium ion export across plasma membrane,0/132,11/18842,0,0,-0.278651700375158,1,1,1,"",0
GO:1903305,regulation of regulated secretory pathway,0/132,116/18842,0,0,-0.907420385745053,1,1,1,"",0
GO:1903306,negative regulation of regulated secretory pathway,0/132,20/18842,0,0,-0.375823696578768,1,1,1,"",0
GO:1903307,positive regulation of regulated secretory pathway,0/132,44/18842,0,0,-0.557792360956695,1,1,1,"",0
GO:1903317,regulation of protein maturation,0/132,54/18842,0,0,-0.618099867926707,1,1,1,"",0
GO:1903318,negative regulation of protein maturation,0/132,22/18842,0,0,-0.39418816182791,1,1,1,"",0
GO:1903319,positive regulation of protein maturation,0/132,26/18842,0,0,-0.428573257866855,1,1,1,"",0
GO:1903332,regulation of protein folding,0/132,12/18842,0,0,-0.291049937025784,1,1,1,"",0
GO:1903348,positive regulation of bicellular tight junction assembly,0/132,10/18842,0,0,-0.265676917587564,1,1,1,"",0
GO:1903350,response to dopamine,0/132,51/18842,0,0,-0.600637147477136,1,1,1,"",0
GO:1903351,cellular response to dopamine,0/132,51/18842,0,0,-0.600637147477136,1,1,1,"",0
GO:1903358,regulation of Golgi organization,0/132,16/18842,0,0,-0.336111220420459,1,1,1,"",0
GO:1903365,regulation of fear response,0/132,12/18842,0,0,-0.291049937025784,1,1,1,"",0
GO:1903376,regulation of oxidative stress-induced neuron intrinsic apoptotic signaling pathway,0/132,22/18842,0,0,-0.39418816182791,1,1,1,"",0
GO:1903377,negative regulation of oxidative stress-induced neuron intrinsic apoptotic signaling pathway,0/132,15/18842,0,0,-0.325429646814657,1,1,1,"",0
GO:1903405,protein localization to nuclear body,0/132,12/18842,0,0,-0.291049937025784,1,1,1,"",0
GO:1903409,reactive oxygen species biosynthetic process,0/132,59/18842,0,0,-0.646168188121849,1,1,1,"",0
GO:1903421,regulation of synaptic vesicle recycling,0/132,26/18842,0,0,-0.428573257866855,1,1,1,"",0
GO:1903426,regulation of reactive oxygen species biosynthetic process,0/132,49/18842,0,0,-0.588710836167025,1,1,1,"",0
GO:1903427,negative regulation of reactive oxygen species biosynthetic process,0/132,22/18842,0,0,-0.39418816182791,1,1,1,"",0
GO:1903428,positive regulation of reactive oxygen species biosynthetic process,0/132,19/18842,0,0,-0.366297897596641,1,1,1,"",0
GO:1903429,regulation of cell maturation,0/132,17/18842,0,0,-0.346464717820737,1,1,1,"",0
GO:1903432,regulation of TORC1 signaling,0/132,101/18842,0,0,-0.846381872435675,1,1,1,"",0
GO:1903441,protein localization to ciliary membrane,0/132,19/18842,0,0,-0.366297897596641,1,1,1,"",0
GO:1903490,positive regulation of mitotic cytokinesis,0/132,13/18842,0,0,-0.302942423276413,1,1,1,"",0
GO:1903504,regulation of mitotic spindle checkpoint,0/132,32/18842,0,0,-0.47553516526091,1,1,1,"",0
GO:1903509,liposaccharide metabolic process,0/132,119/18842,0,0,-0.919152999288831,1,1,1,"",0
GO:1903513,endoplasmic reticulum to cytosol transport,0/132,30/18842,0,0,-0.460410467649609,1,1,1,"",0
GO:1903514,release of sequestered calcium ion into cytosol by endoplasmic reticulum,0/132,43/18842,0,0,-0.551402715420296,1,1,1,"",0
GO:1903533,regulation of protein targeting,0/132,29/18842,0,0,-0.452659894469733,1,1,1,"",0
GO:1903539,protein localization to postsynaptic membrane,0/132,52/18842,0,0,-0.60651329946757,1,1,1,"",0
GO:1903540,establishment of protein localization to postsynaptic membrane,0/132,15/18842,0,0,-0.325429646814657,1,1,1,"",0
GO:1903541,regulation of exosomal secretion,0/132,17/18842,0,0,-0.346464717820737,1,1,1,"",0
GO:1903543,positive regulation of exosomal secretion,0/132,15/18842,0,0,-0.325429646814657,1,1,1,"",0
GO:1903564,regulation of protein localization to cilium,0/132,13/18842,0,0,-0.302942423276413,1,1,1,"",0
GO:1903580,positive regulation of ATP metabolic process,0/132,36/18842,0,0,-0.504434847677225,1,1,1,"",0
GO:1903587,regulation of blood vessel endothelial cell proliferation involved in sprouting angiogenesis,0/132,49/18842,0,0,-0.588710836167025,1,1,1,"",0
GO:1903588,negative regulation of blood vessel endothelial cell proliferation involved in sprouting angiogenesis,0/132,26/18842,0,0,-0.428573257866855,1,1,1,"",0
GO:1903589,positive regulation of blood vessel endothelial cell proliferation involved in sprouting angiogenesis,0/132,23/18842,0,0,-0.403058137312115,1,1,1,"",0
GO:1903596,regulation of gap junction assembly,0/132,10/18842,0,0,-0.265676917587564,1,1,1,"",0
GO:1903599,positive regulation of autophagy of mitochondrion,0/132,26/18842,0,0,-0.428573257866855,1,1,1,"",0
GO:1903670,regulation of sprouting angiogenesis,0/132,66/18842,0,0,-0.683553444519687,1,1,1,"",0
GO:1903671,negative regulation of sprouting angiogenesis,0/132,29/18842,0,0,-0.452659894469733,1,1,1,"",0
GO:1903672,positive regulation of sprouting angiogenesis,0/132,31/18842,0,0,-0.468033513537355,1,1,1,"",0
GO:1903707,negative regulation of hemopoiesis,0/132,114/18842,0,0,-0.899515749934523,1,1,1,"",0
GO:1903725,regulation of phospholipid metabolic process,0/132,38/18842,0,0,-0.518285100061389,1,1,1,"",0
GO:1903727,positive regulation of phospholipid metabolic process,0/132,19/18842,0,0,-0.366297897596641,1,1,1,"",0
GO:1903729,regulation of plasma membrane organization,0/132,16/18842,0,0,-0.336111220420459,1,1,1,"",0
GO:1903764,regulation of potassium ion export across plasma membrane,0/132,12/18842,0,0,-0.291049937025784,1,1,1,"",0
GO:1903779,regulation of cardiac conduction,0/132,29/18842,0,0,-0.452659894469733,1,1,1,"",0
GO:1903789,regulation of amino acid transmembrane transport,0/132,14/18842,0,0,-0.314386558515355,1,1,1,"",0
GO:1903798,regulation of miRNA processing,0/132,13/18842,0,0,-0.302942423276413,1,1,1,"",0
GO:1903826,L-arginine transmembrane transport,0/132,14/18842,0,0,-0.314386558515355,1,1,1,"",0
GO:1903830,magnesium ion transmembrane transport,0/132,20/18842,0,0,-0.375823696578768,1,1,1,"",0
GO:1903859,regulation of dendrite extension,0/132,24/18842,0,0,-0.411737985562741,1,1,1,"",0
GO:1903861,positive regulation of dendrite extension,0/132,22/18842,0,0,-0.39418816182791,1,1,1,"",0
GO:1903894,regulation of IRE1-mediated unfolded protein response,0/132,16/18842,0,0,-0.336111220420459,1,1,1,"",0
GO:1903897,regulation of PERK-mediated unfolded protein response,0/132,16/18842,0,0,-0.336111220420459,1,1,1,"",0
GO:1903898,negative regulation of PERK-mediated unfolded protein response,0/132,12/18842,0,0,-0.291049937025784,1,1,1,"",0
GO:1903902,positive regulation of viral life cycle,0/132,22/18842,0,0,-0.39418816182791,1,1,1,"",0
GO:1903909,regulation of receptor clustering,0/132,16/18842,0,0,-0.336111220420459,1,1,1,"",0
GO:1903911,positive regulation of receptor clustering,0/132,12/18842,0,0,-0.291049937025784,1,1,1,"",0
GO:1903939,regulation of TORC2 signaling,0/132,12/18842,0,0,-0.291049937025784,1,1,1,"",0
GO:1903963,arachidonate transport,0/132,27/18842,0,0,-0.436748897537163,1,1,1,"",0
GO:1903975,regulation of glial cell migration,0/132,16/18842,0,0,-0.336111220420459,1,1,1,"",0
GO:1903977,positive regulation of glial cell migration,0/132,10/18842,0,0,-0.265676917587564,1,1,1,"",0
GO:1903978,regulation of microglial cell activation,0/132,18/18842,0,0,-0.356518722862875,1,1,1,"",0
GO:1903998,regulation of eating behavior,0/132,16/18842,0,0,-0.336111220420459,1,1,1,"",0
GO:1904037,positive regulation of epithelial cell apoptotic process,0/132,15/18842,0,0,-0.325429646814657,1,1,1,"",0
GO:1904044,response to aldosterone,0/132,16/18842,0,0,-0.336111220420459,1,1,1,"",0
GO:1904046,negative regulation of vascular endothelial growth factor production,0/132,28/18842,0,0,-0.444775127108293,1,1,1,"",0
GO:1904152,"regulation of retrograde protein transport, ER to cytosol",0/132,14/18842,0,0,-0.314386558515355,1,1,1,"",0
GO:1904178,negative regulation of adipose tissue development,0/132,12/18842,0,0,-0.291049937025784,1,1,1,"",0
GO:1904181,positive regulation of membrane depolarization,0/132,15/18842,0,0,-0.325429646814657,1,1,1,"",0
GO:1904262,negative regulation of TORC1 signaling,0/132,51/18842,0,0,-0.600637147477136,1,1,1,"",0
GO:1904263,positive regulation of TORC1 signaling,0/132,55/18842,0,0,-0.623813362930432,1,1,1,"",0
GO:1904350,regulation of protein catabolic process in the vacuole,0/132,14/18842,0,0,-0.314386558515355,1,1,1,"",0
GO:1904353,regulation of telomere capping,0/132,14/18842,0,0,-0.314386558515355,1,1,1,"",0
GO:1904356,regulation of telomere maintenance via telomere lengthening,0/132,54/18842,0,0,-0.618099867926707,1,1,1,"",0
GO:1904357,negative regulation of telomere maintenance via telomere lengthening,0/132,30/18842,0,0,-0.460410467649609,1,1,1,"",0
GO:1904358,positive regulation of telomere maintenance via telomere lengthening,0/132,26/18842,0,0,-0.428573257866855,1,1,1,"",0
GO:1904375,regulation of protein localization to cell periphery,0/132,154/18842,0,0,-1.04660063605563,1,1,1,"",0
GO:1904376,negative regulation of protein localization to cell periphery,0/132,36/18842,0,0,-0.504434847677225,1,1,1,"",0
GO:1904377,positive regulation of protein localization to cell periphery,0/132,76/18842,0,0,-0.73370754781504,1,1,1,"",0
GO:1904385,cellular response to angiotensin,0/132,34/18842,0,0,-0.490196489878786,1,1,1,"",0
GO:1904427,positive regulation of calcium ion transmembrane transport,0/132,55/18842,0,0,-0.623813362930432,1,1,1,"",0
GO:1904464,regulation of matrix metallopeptidase secretion,0/132,12/18842,0,0,-0.291049937025784,1,1,1,"",0
GO:1904478,regulation of intestinal absorption,0/132,11/18842,0,0,-0.278651700375158,1,1,1,"",0
GO:1904491,protein localization to ciliary transition zone,0/132,22/18842,0,0,-0.39418816182791,1,1,1,"",0
GO:1904505,regulation of telomere maintenance in response to DNA damage,0/132,16/18842,0,0,-0.336111220420459,1,1,1,"",0
GO:1904507,positive regulation of telomere maintenance in response to DNA damage,0/132,12/18842,0,0,-0.291049937025784,1,1,1,"",0
GO:1904580,regulation of intracellular mRNA localization,0/132,10/18842,0,0,-0.265676917587564,1,1,1,"",0
GO:1904587,response to glycoprotein,0/132,10/18842,0,0,-0.265676917587564,1,1,1,"",0
GO:1904627,response to phorbol 13-acetate 12-myristate,0/132,13/18842,0,0,-0.302942423276413,1,1,1,"",0
GO:1904628,cellular response to phorbol 13-acetate 12-myristate,0/132,11/18842,0,0,-0.278651700375158,1,1,1,"",0
GO:1904666,regulation of ubiquitin protein ligase activity,0/132,10/18842,0,0,-0.265676917587564,1,1,1,"",0
GO:1904707,positive regulation of vascular associated smooth muscle cell proliferation,0/132,51/18842,0,0,-0.600637147477136,1,1,1,"",0
GO:1904738,vascular associated smooth muscle cell migration,0/132,50/18842,0,0,-0.594703571845774,1,1,1,"",0
GO:1904749,regulation of protein localization to nucleolus,0/132,12/18842,0,0,-0.291049937025784,1,1,1,"",0
GO:1904752,regulation of vascular associated smooth muscle cell migration,0/132,49/18842,0,0,-0.588710836167025,1,1,1,"",0
GO:1904753,negative regulation of vascular associated smooth muscle cell migration,0/132,24/18842,0,0,-0.411737985562741,1,1,1,"",0
GO:1904754,positive regulation of vascular associated smooth muscle cell migration,0/132,26/18842,0,0,-0.428573257866855,1,1,1,"",0
GO:1904779,regulation of protein localization to centrosome,0/132,12/18842,0,0,-0.291049937025784,1,1,1,"",0
GO:1904847,regulation of cell chemotaxis to fibroblast growth factor,0/132,10/18842,0,0,-0.265676917587564,1,1,1,"",0
GO:1904861,excitatory synapse assembly,0/132,42/18842,0,0,-0.544938845356922,1,1,1,"",0
GO:1904862,inhibitory synapse assembly,0/132,29/18842,0,0,-0.452659894469733,1,1,1,"",0
GO:1904867,protein localization to Cajal body,0/132,12/18842,0,0,-0.291049937025784,1,1,1,"",0
GO:1904869,regulation of protein localization to Cajal body,0/132,10/18842,0,0,-0.265676917587564,1,1,1,"",0
GO:1904871,positive regulation of protein localization to Cajal body,0/132,10/18842,0,0,-0.265676917587564,1,1,1,"",0
GO:1904872,regulation of telomerase RNA localization to Cajal body,0/132,12/18842,0,0,-0.291049937025784,1,1,1,"",0
GO:1904888,cranial skeletal system development,0/132,33/18842,0,0,-0.482921080155088,1,1,1,"",0
GO:1904889,regulation of excitatory synapse assembly,0/132,21/18842,0,0,-0.385114922134588,1,1,1,"",0
GO:1904894,positive regulation of receptor signaling pathway via STAT,0/132,54/18842,0,0,-0.618099867926707,1,1,1,"",0
GO:1904896,ESCRT complex disassembly,0/132,10/18842,0,0,-0.265676917587564,1,1,1,"",0
GO:1904903,ESCRT III complex disassembly,0/132,10/18842,0,0,-0.265676917587564,1,1,1,"",0
GO:1904948,midbrain dopaminergic neuron differentiation,0/132,17/18842,0,0,-0.346464717820737,1,1,1,"",0
GO:1904995,negative regulation of leukocyte adhesion to vascular endothelial cell,0/132,13/18842,0,0,-0.302942423276413,1,1,1,"",0
GO:1905037,autophagosome organization,0/132,121/18842,0,0,-0.926894297258531,1,1,1,"",0
GO:1905039,carboxylic acid transmembrane transport,0/132,147/18842,0,0,-1.02234618160651,1,1,1,"",0
GO:1905063,regulation of vascular associated smooth muscle cell differentiation,0/132,20/18842,0,0,-0.375823696578768,1,1,1,"",0
GO:1905064,negative regulation of vascular associated smooth muscle cell differentiation,0/132,11/18842,0,0,-0.278651700375158,1,1,1,"",0
GO:1905065,positive regulation of vascular associated smooth muscle cell differentiation,0/132,10/18842,0,0,-0.265676917587564,1,1,1,"",0
GO:1905089,regulation of type 2 mitophagy,0/132,12/18842,0,0,-0.291049937025784,1,1,1,"",0
GO:1905091,positive regulation of type 2 mitophagy,0/132,10/18842,0,0,-0.265676917587564,1,1,1,"",0
GO:1905144,response to acetylcholine,0/132,49/18842,0,0,-0.588710836167025,1,1,1,"",0
GO:1905145,cellular response to acetylcholine,0/132,46/18842,0,0,-0.570358928294299,1,1,1,"",0
GO:1905146,lysosomal protein catabolic process,0/132,21/18842,0,0,-0.385114922134588,1,1,1,"",0
GO:1905153,regulation of membrane invagination,0/132,14/18842,0,0,-0.314386558515355,1,1,1,"",0
GO:1905155,positive regulation of membrane invagination,0/132,12/18842,0,0,-0.291049937025784,1,1,1,"",0
GO:1905165,regulation of lysosomal protein catabolic process,0/132,12/18842,0,0,-0.291049937025784,1,1,1,"",0
GO:1905168,positive regulation of double-strand break repair via homologous recombination,0/132,43/18842,0,0,-0.551402715420296,1,1,1,"",0
GO:1905205,positive regulation of connective tissue replacement,0/132,12/18842,0,0,-0.291049937025784,1,1,1,"",0
GO:1905207,regulation of cardiocyte differentiation,0/132,32/18842,0,0,-0.47553516526091,1,1,1,"",0
GO:1905208,negative regulation of cardiocyte differentiation,0/132,13/18842,0,0,-0.302942423276413,1,1,1,"",0
GO:1905209,positive regulation of cardiocyte differentiation,0/132,18/18842,0,0,-0.356518722862875,1,1,1,"",0
GO:1905268,negative regulation of chromatin organization,0/132,13/18842,0,0,-0.302942423276413,1,1,1,"",0
GO:1905330,regulation of morphogenesis of an epithelium,0/132,50/18842,0,0,-0.594703571845774,1,1,1,"",0
GO:1905332,positive regulation of morphogenesis of an epithelium,0/132,35/18842,0,0,-0.497366243942809,1,1,1,"",0
GO:1905380,regulation of snRNA transcription by RNA polymerase II,0/132,10/18842,0,0,-0.265676917587564,1,1,1,"",0
GO:1905383,protein localization to presynapse,0/132,12/18842,0,0,-0.291049937025784,1,1,1,"",0
GO:1905456,regulation of lymphoid progenitor cell differentiation,0/132,10/18842,0,0,-0.265676917587564,1,1,1,"",0
GO:1905475,regulation of protein localization to membrane,0/132,171/18842,0,0,-1.10335765475973,1,1,1,"",0
GO:1905476,negative regulation of protein localization to membrane,0/132,37/18842,0,0,-0.511406495482523,1,1,1,"",0
GO:1905477,positive regulation of protein localization to membrane,0/132,86/18842,0,0,-0.780694572729888,1,1,1,"",0
GO:1905508,protein localization to microtubule organizing center,0/132,36/18842,0,0,-0.504434847677225,1,1,1,"",0
GO:1905517,macrophage migration,0/132,53/18842,0,0,-0.61233368108521,1,1,1,"",0
GO:1905521,regulation of macrophage migration,0/132,42/18842,0,0,-0.544938845356922,1,1,1,"",0
GO:1905522,negative regulation of macrophage migration,0/132,10/18842,0,0,-0.265676917587564,1,1,1,"",0
GO:1905523,positive regulation of macrophage migration,0/132,27/18842,0,0,-0.436748897537163,1,1,1,"",0
GO:1905564,positive regulation of vascular endothelial cell proliferation,0/132,24/18842,0,0,-0.411737985562741,1,1,1,"",0
GO:1905606,regulation of presynapse assembly,0/132,32/18842,0,0,-0.47553516526091,1,1,1,"",0
GO:1905634,regulation of protein localization to chromatin,0/132,14/18842,0,0,-0.314386558515355,1,1,1,"",0
GO:1905651,regulation of artery morphogenesis,0/132,12/18842,0,0,-0.291049937025784,1,1,1,"",0
GO:1905664,regulation of calcium ion import across plasma membrane,0/132,16/18842,0,0,-0.336111220420459,1,1,1,"",0
GO:1905665,positive regulation of calcium ion import across plasma membrane,0/132,10/18842,0,0,-0.265676917587564,1,1,1,"",0
GO:1905666,regulation of protein localization to endosome,0/132,14/18842,0,0,-0.314386558515355,1,1,1,"",0
GO:1905668,positive regulation of protein localization to endosome,0/132,13/18842,0,0,-0.302942423276413,1,1,1,"",0
GO:1905671,regulation of lysosome organization,0/132,11/18842,0,0,-0.278651700375158,1,1,1,"",0
GO:1905699,regulation of xenobiotic detoxification by transmembrane export across the plasma membrane,0/132,14/18842,0,0,-0.314386558515355,1,1,1,"",0
GO:1905700,negative regulation of xenobiotic detoxification by transmembrane export across the plasma membrane,0/132,13/18842,0,0,-0.302942423276413,1,1,1,"",0
GO:1905806,regulation of synapse pruning,0/132,10/18842,0,0,-0.265676917587564,1,1,1,"",0
GO:1905809,negative regulation of synapse organization,0/132,14/18842,0,0,-0.314386558515355,1,1,1,"",0
GO:1905818,regulation of chromosome separation,0/132,82/18842,0,0,-0.762241439800607,1,1,1,"",0
GO:1905819,negative regulation of chromosome separation,0/132,60/18842,0,0,-0.651638527628289,1,1,1,"",0
GO:1905820,positive regulation of chromosome separation,0/132,31/18842,0,0,-0.468033513537355,1,1,1,"",0
GO:1905874,regulation of postsynaptic density organization,0/132,21/18842,0,0,-0.385114922134588,1,1,1,"",0
GO:1905906,regulation of amyloid fibril formation,0/132,18/18842,0,0,-0.356518722862875,1,1,1,"",0
GO:1905907,negative regulation of amyloid fibril formation,0/132,14/18842,0,0,-0.314386558515355,1,1,1,"",0
GO:1905939,regulation of gonad development,0/132,11/18842,0,0,-0.278651700375158,1,1,1,"",0
GO:1990034,calcium ion export across plasma membrane,0/132,13/18842,0,0,-0.302942423276413,1,1,1,"",0
GO:1990089,response to nerve growth factor,0/132,50/18842,0,0,-0.594703571845774,1,1,1,"",0
GO:1990090,cellular response to nerve growth factor stimulus,0/132,47/18842,0,0,-0.576540486956794,1,1,1,"",0
GO:1990116,ribosome-associated ubiquitin-dependent protein catabolic process,0/132,18/18842,0,0,-0.356518722862875,1,1,1,"",0
GO:1990166,protein localization to site of double-strand break,0/132,16/18842,0,0,-0.336111220420459,1,1,1,"",0
GO:1990169,stress response to copper ion,0/132,16/18842,0,0,-0.336111220420459,1,1,1,"",0
GO:1990173,protein localization to nucleoplasm,0/132,14/18842,0,0,-0.314386558515355,1,1,1,"",0
GO:1990182,exosomal secretion,0/132,20/18842,0,0,-0.375823696578768,1,1,1,"",0
GO:1990253,cellular response to leucine starvation,0/132,12/18842,0,0,-0.291049937025784,1,1,1,"",0
GO:1990266,neutrophil migration,0/132,93/18842,0,0,-0.811997077920726,1,1,1,"",0
GO:1990314,cellular response to insulin-like growth factor stimulus,0/132,11/18842,0,0,-0.278651700375158,1,1,1,"",0
GO:1990403,embryonic brain development,0/132,11/18842,0,0,-0.278651700375158,1,1,1,"",0
GO:1990481,mRNA pseudouridine synthesis,0/132,11/18842,0,0,-0.278651700375158,1,1,1,"",0
GO:1990504,dense core granule exocytosis,0/132,12/18842,0,0,-0.291049937025784,1,1,1,"",0
GO:1990535,neuron projection maintenance,0/132,13/18842,0,0,-0.302942423276413,1,1,1,"",0
GO:1990542,mitochondrial transmembrane transport,0/132,25/18842,0,0,-0.420239487852281,1,1,1,"",0
GO:1990700,nucleolar chromatin organization,0/132,10/18842,0,0,-0.265676917587564,1,1,1,"",0
GO:1990709,presynaptic active zone organization,0/132,10/18842,0,0,-0.265676917587564,1,1,1,"",0
GO:1990773,matrix metallopeptidase secretion,0/132,12/18842,0,0,-0.291049937025784,1,1,1,"",0
GO:1990776,response to angiotensin,0/132,40/18842,0,0,-0.531777573647406,1,1,1,"",0
GO:1990806,ligand-gated ion channel signaling pathway,0/132,35/18842,0,0,-0.497366243942809,1,1,1,"",0
GO:1990822,basic amino acid transmembrane transport,0/132,20/18842,0,0,-0.375823696578768,1,1,1,"",0
GO:1990839,response to endothelin,0/132,11/18842,0,0,-0.278651700375158,1,1,1,"",0
GO:1990840,response to lectin,0/132,21/18842,0,0,-0.385114922134588,1,1,1,"",0
GO:1990849,vacuolar localization,0/132,82/18842,0,0,-0.762241439800607,1,1,1,"",0
GO:1990858,cellular response to lectin,0/132,21/18842,0,0,-0.385114922134588,1,1,1,"",0
GO:1990859,cellular response to endothelin,0/132,10/18842,0,0,-0.265676917587564,1,1,1,"",0
GO:1990868,response to chemokine,0/132,103/18842,0,0,-0.854766422117202,1,1,1,"",0
GO:1990869,cellular response to chemokine,0/132,103/18842,0,0,-0.854766422117202,1,1,1,"",0
GO:1990928,response to amino acid starvation,0/132,56/18842,0,0,-0.629475600981219,1,1,1,"",0
GO:1990961,xenobiotic detoxification by transmembrane export across the plasma membrane,0/132,27/18842,0,0,-0.436748897537163,1,1,1,"",0
GO:2000001,regulation of DNA damage checkpoint,0/132,23/18842,0,0,-0.403058137312115,1,1,1,"",0
GO:2000008,regulation of protein localization to cell surface,0/132,37/18842,0,0,-0.511406495482523,1,1,1,"",0
GO:2000009,negative regulation of protein localization to cell surface,0/132,11/18842,0,0,-0.278651700375158,1,1,1,"",0
GO:2000010,positive regulation of protein localization to cell surface,0/132,17/18842,0,0,-0.346464717820737,1,1,1,"",0
GO:2000035,regulation of stem cell division,0/132,11/18842,0,0,-0.278651700375158,1,1,1,"",0
GO:2000042,negative regulation of double-strand break repair via homologous recombination,0/132,25/18842,0,0,-0.420239487852281,1,1,1,"",0
GO:2000050,regulation of non-canonical Wnt signaling pathway,0/132,21/18842,0,0,-0.385114922134588,1,1,1,"",0
GO:2000052,positive regulation of non-canonical Wnt signaling pathway,0/132,12/18842,0,0,-0.291049937025784,1,1,1,"",0
GO:2000095,"regulation of Wnt signaling pathway, planar cell polarity pathway",0/132,10/18842,0,0,-0.265676917587564,1,1,1,"",0
GO:2000104,negative regulation of DNA-templated DNA replication,0/132,15/18842,0,0,-0.325429646814657,1,1,1,"",0
GO:2000106,regulation of leukocyte apoptotic process,0/132,66/18842,0,0,-0.683553444519687,1,1,1,"",0
GO:2000107,negative regulation of leukocyte apoptotic process,0/132,36/18842,0,0,-0.504434847677225,1,1,1,"",0
GO:2000108,positive regulation of leukocyte apoptotic process,0/132,24/18842,0,0,-0.411737985562741,1,1,1,"",0
GO:2000109,regulation of macrophage apoptotic process,0/132,10/18842,0,0,-0.265676917587564,1,1,1,"",0
GO:2000114,regulation of establishment of cell polarity,0/132,21/18842,0,0,-0.385114922134588,1,1,1,"",0
GO:2000143,negative regulation of DNA-templated transcription initiation,0/132,14/18842,0,0,-0.314386558515355,1,1,1,"",0
GO:2000155,positive regulation of cilium-dependent cell motility,0/132,15/18842,0,0,-0.325429646814657,1,1,1,"",0
GO:2000178,negative regulation of neural precursor cell proliferation,0/132,17/18842,0,0,-0.346464717820737,1,1,1,"",0
GO:2000191,regulation of fatty acid transport,0/132,26/18842,0,0,-0.428573257866855,1,1,1,"",0
GO:2000193,positive regulation of fatty acid transport,0/132,16/18842,0,0,-0.336111220420459,1,1,1,"",0
GO:2000232,regulation of rRNA processing,0/132,18/18842,0,0,-0.356518722862875,1,1,1,"",0
GO:2000234,positive regulation of rRNA processing,0/132,13/18842,0,0,-0.302942423276413,1,1,1,"",0
GO:2000241,regulation of reproductive process,0/132,148/18842,0,0,-1.02584509242621,1,1,1,"",0
GO:2000242,negative regulation of reproductive process,0/132,47/18842,0,0,-0.576540486956794,1,1,1,"",0
GO:2000243,positive regulation of reproductive process,0/132,69/18842,0,0,-0.69897195681039,1,1,1,"",0
GO:2000252,negative regulation of feeding behavior,0/132,11/18842,0,0,-0.278651700375158,1,1,1,"",0
GO:2000253,positive regulation of feeding behavior,0/132,12/18842,0,0,-0.291049937025784,1,1,1,"",0
GO:2000269,regulation of fibroblast apoptotic process,0/132,11/18842,0,0,-0.278651700375158,1,1,1,"",0
GO:2000272,negative regulation of signaling receptor activity,0/132,13/18842,0,0,-0.302942423276413,1,1,1,"",0
GO:2000278,regulation of DNA biosynthetic process,0/132,81/18842,0,0,-0.757559178371426,1,1,1,"",0
GO:2000279,negative regulation of DNA biosynthetic process,0/132,29/18842,0,0,-0.452659894469733,1,1,1,"",0
GO:2000291,regulation of myoblast proliferation,0/132,18/18842,0,0,-0.356518722862875,1,1,1,"",0
GO:2000300,regulation of synaptic vesicle exocytosis,0/132,48/18842,0,0,-0.582657114924422,1,1,1,"",0
GO:2000303,regulation of ceramide biosynthetic process,0/132,14/18842,0,0,-0.314386558515355,1,1,1,"",0
GO:2000316,regulation of T-helper 17 type immune response,0/132,36/18842,0,0,-0.504434847677225,1,1,1,"",0
GO:2000317,negative regulation of T-helper 17 type immune response,0/132,15/18842,0,0,-0.325429646814657,1,1,1,"",0
GO:2000318,positive regulation of T-helper 17 type immune response,0/132,18/18842,0,0,-0.356518722862875,1,1,1,"",0
GO:2000319,regulation of T-helper 17 cell differentiation,0/132,28/18842,0,0,-0.444775127108293,1,1,1,"",0
GO:2000320,negative regulation of T-helper 17 cell differentiation,0/132,14/18842,0,0,-0.314386558515355,1,1,1,"",0
GO:2000321,positive regulation of T-helper 17 cell differentiation,0/132,12/18842,0,0,-0.291049937025784,1,1,1,"",0
GO:2000328,regulation of T-helper 17 cell lineage commitment,0/132,15/18842,0,0,-0.325429646814657,1,1,1,"",0
GO:2000341,regulation of chemokine (C-X-C motif) ligand 2 production,0/132,17/18842,0,0,-0.346464717820737,1,1,1,"",0
GO:2000344,positive regulation of acrosome reaction,0/132,10/18842,0,0,-0.265676917587564,1,1,1,"",0
GO:2000345,regulation of hepatocyte proliferation,0/132,10/18842,0,0,-0.265676917587564,1,1,1,"",0
GO:2000351,regulation of endothelial cell apoptotic process,0/132,61/18842,0,0,-0.65706390104955,1,1,1,"",0
GO:2000352,negative regulation of endothelial cell apoptotic process,0/132,33/18842,0,0,-0.482921080155088,1,1,1,"",0
GO:2000353,positive regulation of endothelial cell apoptotic process,0/132,27/18842,0,0,-0.436748897537163,1,1,1,"",0
GO:2000369,regulation of clathrin-dependent endocytosis,0/132,16/18842,0,0,-0.336111220420459,1,1,1,"",0
GO:2000377,regulation of reactive oxygen species metabolic process,0/132,139/18842,0,0,-0.993925447127722,1,1,1,"",0
GO:2000378,negative regulation of reactive oxygen species metabolic process,0/132,41/18842,0,0,-0.538398077299233,1,1,1,"",0
GO:2000379,positive regulation of reactive oxygen species metabolic process,0/132,70/18842,0,0,-0.70403750286045,1,1,1,"",0
GO:2000402,negative regulation of lymphocyte migration,0/132,16/18842,0,0,-0.336111220420459,1,1,1,"",0
GO:2000434,regulation of protein neddylation,0/132,17/18842,0,0,-0.346464717820737,1,1,1,"",0
GO:2000463,positive regulation of excitatory postsynaptic potential,0/132,32/18842,0,0,-0.47553516526091,1,1,1,"",0
GO:2000508,regulation of dendritic cell chemotaxis,0/132,11/18842,0,0,-0.278651700375158,1,1,1,"",0
GO:2000515,"negative regulation of CD4-positive, alpha-beta T cell activation",0/132,30/18842,0,0,-0.460410467649609,1,1,1,"",0
GO:2000551,regulation of T-helper 2 cell cytokine production,0/132,12/18842,0,0,-0.291049937025784,1,1,1,"",0
GO:2000561,"regulation of CD4-positive, alpha-beta T cell proliferation",0/132,12/18842,0,0,-0.291049937025784,1,1,1,"",0
GO:2000573,positive regulation of DNA biosynthetic process,0/132,44/18842,0,0,-0.557792360956695,1,1,1,"",0
GO:2000622,"regulation of nuclear-transcribed mRNA catabolic process, nonsense-mediated decay",0/132,16/18842,0,0,-0.336111220420459,1,1,1,"",0
GO:2000637,positive regulation of miRNA-mediated gene silencing,0/132,11/18842,0,0,-0.278651700375158,1,1,1,"",0
GO:2000641,regulation of early endosome to late endosome transport,0/132,19/18842,0,0,-0.366297897596641,1,1,1,"",0
GO:2000644,regulation of receptor catabolic process,0/132,14/18842,0,0,-0.314386558515355,1,1,1,"",0
GO:2000659,regulation of interleukin-1-mediated signaling pathway,0/132,16/18842,0,0,-0.336111220420459,1,1,1,"",0
GO:2000660,negative regulation of interleukin-1-mediated signaling pathway,0/132,14/18842,0,0,-0.314386558515355,1,1,1,"",0
GO:2000668,regulation of dendritic cell apoptotic process,0/132,10/18842,0,0,-0.265676917587564,1,1,1,"",0
GO:2000677,regulation of transcription regulatory region DNA binding,0/132,17/18842,0,0,-0.346464717820737,1,1,1,"",0
GO:2000679,positive regulation of transcription regulatory region DNA binding,0/132,10/18842,0,0,-0.265676917587564,1,1,1,"",0
GO:2000696,regulation of epithelial cell differentiation involved in kidney development,0/132,13/18842,0,0,-0.302942423276413,1,1,1,"",0
GO:2000725,regulation of cardiac muscle cell differentiation,0/132,21/18842,0,0,-0.385114922134588,1,1,1,"",0
GO:2000726,negative regulation of cardiac muscle cell differentiation,0/132,10/18842,0,0,-0.265676917587564,1,1,1,"",0
GO:2000727,positive regulation of cardiac muscle cell differentiation,0/132,11/18842,0,0,-0.278651700375158,1,1,1,"",0
GO:2000738,positive regulation of stem cell differentiation,0/132,20/18842,0,0,-0.375823696578768,1,1,1,"",0
GO:2000739,regulation of mesenchymal stem cell differentiation,0/132,11/18842,0,0,-0.278651700375158,1,1,1,"",0
GO:2000766,negative regulation of cytoplasmic translation,0/132,11/18842,0,0,-0.278651700375158,1,1,1,"",0
GO:2000767,positive regulation of cytoplasmic translation,0/132,18/18842,0,0,-0.356518722862875,1,1,1,"",0
GO:2000774,positive regulation of cellular senescence,0/132,19/18842,0,0,-0.366297897596641,1,1,1,"",0
GO:2000785,regulation of autophagosome assembly,0/132,45/18842,0,0,-0.564110304289483,1,1,1,"",0
GO:2000786,positive regulation of autophagosome assembly,0/132,21/18842,0,0,-0.385114922134588,1,1,1,"",0
GO:2000810,regulation of bicellular tight junction assembly,0/132,25/18842,0,0,-0.420239487852281,1,1,1,"",0
GO:2000816,negative regulation of mitotic sister chromatid separation,0/132,58/18842,0,0,-0.640651730579912,1,1,1,"",0
GO:2000819,regulation of nucleotide-excision repair,0/132,30/18842,0,0,-0.460410467649609,1,1,1,"",0
GO:2000822,regulation of behavioral fear response,0/132,11/18842,0,0,-0.278651700375158,1,1,1,"",0
GO:2000831,regulation of steroid hormone secretion,0/132,21/18842,0,0,-0.385114922134588,1,1,1,"",0
GO:2000833,positive regulation of steroid hormone secretion,0/132,13/18842,0,0,-0.302942423276413,1,1,1,"",0
GO:2000846,regulation of corticosteroid hormone secretion,0/132,16/18842,0,0,-0.336111220420459,1,1,1,"",0
GO:2000849,regulation of glucocorticoid secretion,0/132,10/18842,0,0,-0.265676917587564,1,1,1,"",0
GO:2001014,regulation of skeletal muscle cell differentiation,0/132,22/18842,0,0,-0.39418816182791,1,1,1,"",0
GO:2001023,regulation of response to drug,0/132,19/18842,0,0,-0.366297897596641,1,1,1,"",0
GO:2001024,negative regulation of response to drug,0/132,14/18842,0,0,-0.314386558515355,1,1,1,"",0
GO:2001026,regulation of endothelial cell chemotaxis,0/132,24/18842,0,0,-0.411737985562741,1,1,1,"",0
GO:2001028,positive regulation of endothelial cell chemotaxis,0/132,15/18842,0,0,-0.325429646814657,1,1,1,"",0
GO:2001034,positive regulation of double-strand break repair via nonhomologous end joining,0/132,17/18842,0,0,-0.346464717820737,1,1,1,"",0
GO:2001044,regulation of integrin-mediated signaling pathway,0/132,23/18842,0,0,-0.403058137312115,1,1,1,"",0
GO:2001046,positive regulation of integrin-mediated signaling pathway,0/132,13/18842,0,0,-0.302942423276413,1,1,1,"",0
GO:2001135,regulation of endocytic recycling,0/132,23/18842,0,0,-0.403058137312115,1,1,1,"",0
GO:2001138,regulation of phospholipid transport,0/132,15/18842,0,0,-0.325429646814657,1,1,1,"",0
GO:2001140,positive regulation of phospholipid transport,0/132,15/18842,0,0,-0.325429646814657,1,1,1,"",0
GO:2001169,regulation of ATP biosynthetic process,0/132,21/18842,0,0,-0.385114922134588,1,1,1,"",0
GO:2001171,positive regulation of ATP biosynthetic process,0/132,14/18842,0,0,-0.314386558515355,1,1,1,"",0
GO:2001185,"regulation of CD8-positive, alpha-beta T cell activation",0/132,20/18842,0,0,-0.375823696578768,1,1,1,"",0
GO:2001212,regulation of vasculogenesis,0/132,20/18842,0,0,-0.375823696578768,1,1,1,"",0
GO:2001214,positive regulation of vasculogenesis,0/132,13/18842,0,0,-0.302942423276413,1,1,1,"",0
GO:2001222,regulation of neuron migration,0/132,37/18842,0,0,-0.511406495482523,1,1,1,"",0
GO:2001224,positive regulation of neuron migration,0/132,16/18842,0,0,-0.336111220420459,1,1,1,"",0
GO:2001244,positive regulation of intrinsic apoptotic signaling pathway,0/132,54/18842,0,0,-0.618099867926707,1,1,1,"",0
GO:2001251,negative regulation of chromosome organization,0/132,105/18842,0,0,-0.863071285429068,1,1,1,"",0
GO:2001256,regulation of store-operated calcium entry,0/132,12/18842,0,0,-0.291049937025784,1,1,1,"",0
GO:2001259,positive regulation of cation channel activity,0/132,21/18842,0,0,-0.385114922134588,1,1,1,"",0
GO:2001279,regulation of unsaturated fatty acid biosynthetic process,0/132,17/18842,0,0,-0.346464717820737,1,1,1,"",0
GO:2001280,positive regulation of unsaturated fatty acid biosynthetic process,0/132,11/18842,0,0,-0.278651700375158,1,1,1,"",0
