Gene ID	Gene Name	pValue	CEU	FIN	GBR	TSI	YRI	Variance
ENSG00000061918	GUCY1B1	4e-09	4.04966906139913	2.60556919025874	4.44963161464056	3.66980707519853	4.27536266430626	0.538359975518626
ENSG00000251129	LINC02506	5e-07	2.08746284125034	0.7796099315747	0.673871916583352	0.336283387864432	0.402964666978269	0.507713293292279
ENSG00000169855	ROBO1	1e-08	2.85239402986402	1.36560413947434	1.99615793370561	1.03889347496216	1.51879557675541	0.495664759029312
ENSG00000002726	AOC1	2e-14	0.6915341649192	0.248820546614093	0.189033824390017	1.80992886572143	1.2298675418986	0.471965250831254
ENSG00000183508	TENT5C	7e-17	1.44349007476828	3.06767494319436	2.77677599881781	2.91575732640677	2.77100716752675	0.4290757479242
ENSG00000106689	LHX2	5e-23	2.14970246024541	0.628302041067841	0.775431664158446	0.796231543585893	1.0320612092323	0.380953042196601
ENSG00000145284	SCD5	4e-12	0.903644936104865	0.555389385337809	0.831704783473353	0.855902104640296	1.9951287684473	0.310577975205048
ENSG00000221955	SLC12A8	1e-08	4.06963418783705	3.64081573545467	2.96897310437938	2.87763871649803	3.81658820183564	0.277667633172931
ENSG00000133574	GIMAP4	4e-09	2.16269343221124	1.42675910648441	0.882762324715627	1.5157884151093	2.00606600069935	0.258260085487762
ENSG00000077782	FGFR1	4e-08	2.29147258848385	1.21281505034606	1.33719485154067	1.77099950683979	2.27413599643045	0.255898737903248
ENSG00000064655	EYA2	6e-19	1.77536910646755	0.732716121164849	0.447458976971221	1.07210580048042	0.790076930625769	0.255140438201104
ENSG00000048540	LMO3	8e-06	1.72883771328281	0.722466024471091	0.470629825242161	0.612483563485061	0.681366984674219	0.254289844190222
ENSG00000164749	HNF4G	3e-11	1.69507225763884	0.726690610332816	0.908117898992521	1.0540875155623	1.80969506051212	0.234957725339891
ENSG00000133026	MYH10	6e-07	3.41983519363865	2.35762608205082	2.39085498470027	2.22571277962806	2.77219408247719	0.234708049584699
ENSG00000137766	UNC13C	4e-06	1.42809365210429	0.381354373022555	0.259087221317131	0.461331151552779	0.528378972354789	0.218361661504553
ENSG00000147650	LRP12	1e-06	1.30277699454245	0.294183104404458	0.475310497937262	0.550424082016677	1.24673259350469	0.218126753089789
ENSG00000154451	GBP5	2e-18	1.12703290724909	1.84715297845783	2.21624019435485	2.20802715577854	2.15580743637509	0.215002030944807
ENSG00000163898	LIPH	3e-16	2.08391469296304	2.03191518007676	2.91097755313176	2.75913291951209	2.99451870640105	0.214275023882238
ENSG00000072110	ACTN1	2e-10	1.9918721191166	1.35436307141755	2.34144075129911	2.34134306001996	2.47029555854908	0.20533122090339
ENSG00000226278	PSPHP1	8e-13	4.54589570938677	4.6724253419715	4.58496250072116	4.77909254414225	5.63442358798767	0.203596208815312
ENSG00000251363	LINC02315	5e-06	1.36923380966572	0.42449782852791	0.513771452864203	0.865698908288409	0.232660756790275	0.200636535642301
ENSG00000173930	SLCO4C1	6e-07	1.12402729149347	0.647045009492013	1.19963058145751	1.01081833166379	1.87653074229192	0.200246227479912
ENSG00000137507	LRRC32	3e-06	1.54267077900472	1.42109925206605	0.875863699987894	0.63860046432323	0.579226131172012	0.198556477676797
ENSG00000074706	IPCEF1	9e-06	3.00080127468924	3.28033122931483	3.59896318003047	3.8147598923682	4.12715097775202	0.1947254854308
ENSG00000134247	PTGFRN	2e-26	1.21353244441622	0.19377174339668	0.192311082098587	0.269698136114805	0.279713146980424	0.193626384649908
ENSG00000143776	CDC42BPA	2e-09	1.89021185446189	1.39592867633114	2.29965620254249	2.51259392741622	2.20803478632007	0.188500284130631
ENSG00000154928	EPHB1	9e-13	2.71282552724915	2.1368130738488	2.19226133142041	2.86427935190025	3.13030157514971	0.186079928958902
ENSG00000134460	IL2RA	1e-10	1.79689891727231	3.01059141126772	2.47248777146274	2.40423511823947	2.38845271368788	0.185225618256966
ENSG00000093072	ADA2	8e-06	2.3779017331407	2.66615858356914	2.92114457928876	3.14383577257365	3.4914928278696	0.183753438538893
ENSG00000258602	LINC01629	8e-11	1.873787637015	1.34842589706444	1.53543091487128	1.8314865845305	2.47175740388734	0.182717130236494
ENSG00000170579	DLGAP1	3e-06	1.68565042914559	0.640090546469843	0.69637679560243	0.915607812709628	1.14212508149031	0.179471182571827
ENSG00000230943	LINC02541	5e-06	2.71500026266941	2.50695998871988	2.81173336256818	2.13891309400461	1.7989941418209	0.177350769555422
ENSG00000136111	TBC1D4	1e-14	3.95879169752055	3.0761630025944	3.24453084212192	2.84778143421628	3.35383075749157	0.173628563041115
ENSG00000101746	NOL4	2e-08	1.22916839236182	0.233163876251656	0.348870575313098	0.35267161831847	0.295602268290225	0.172220955516535
ENSG00000136158	SPRY2	3e-14	2.55182021609853	1.56302964529421	2.17537170934038	1.72434514559757	2.31151617750151	0.169491448773619
ENSG00000159217	IGF2BP1	8e-27	1.51248583939466	0.566020937067696	0.690488423682034	0.750996211764188	1.27430551816881	0.168890157944253
ENSG00000131724	IL13RA1	2e-16	1.75430020517148	0.83273014990164	0.786151428952542	0.876160437032344	1.15798838167461	0.162448033932097
ENSG00000123095	BHLHE41	2e-09	1.59542683588195	1.72246602447109	1.73681210780605	1.5983447126419	2.53493453193545	0.156395103715383
ENSG00000241106	HLA-DOB	7e-11	4.15220125223128	3.40885485077541	3.20363436304909	3.19046193244501	3.50297702813996	0.154244637846021
ENSG00000137251	TINAG	8e-09	1.6256044852185	0.940621452921068	1.75693242814849	1.96634842840827	1.49021188973562	0.149155818392691
ENSG00000133687	TMTC1	1e-22	1.46077616210916	0.701658725430254	1.02434986141575	0.939495261040446	1.62959110387423	0.14692316419712
ENSG00000168016	TRANK1	2e-08	2.10875420358029	2.38259445002805	2.87377132102665	2.60039254129076	3.07308847749235	0.14676329904036
ENSG00000106624	AEBP1	2e-12	1.00614474022091	0.709717531729103	1.5793239625614	1.15450994905562	0.660793913680802	0.139102600962715
ENSG00000168916	ZNF608	6e-06	2.20128917235165	1.91918951678385	1.71172920547982	1.54245777220662	2.46883223045842	0.138599421244138
ENSG00000163600	ICOS	2e-16	0.959199468874561	0.553137054865759	1.44701670380991	0.562809358482606	1.01933479131545	0.137659917187287
ENSG00000104490	NCALD	5e-19	3.73275821026326	2.98856510493772	2.9027920273949	2.95869302584309	3.44610750610809	0.133874834803072
ENSG00000166002	SMCO4	2e-08	4.40059798057505	3.46081152791599	3.631525387864	3.85101014509215	4.03898062317209	0.133634452257277
ENSG00000029534	ANK1	8e-79	1.68054693581212	1.02260142893713	1.86537132617025	1.54777353002937	1.94422674688149	0.132696495905123
ENSG00000153064	BANK1	1e-08	1.68449817427207	2.04779551109638	1.8636854422029	1.11937442064315	1.43535890062074	0.132688891083315
ENSG00000252101	RNU6-758P	2e-12	1.58496250072116	1.58496250072116	1.03562390973072	0.925999418556223	0.84799690655495	0.130577642482466
ENSG00000111052	LIN7A	3e-09	3.14630430510378	2.24712801492443	2.62033683082304	2.304762240181	2.64580008637363	0.128097288086994
ENSG00000124097	HMGB1P1	2e-06	1.54731521380329	0.801454320617919	1.04390282187681	0.680119733761496	0.741574847418796	0.125779201316444
ENSG00000152804	HHEX	1e-71	1.26303440583379	0.618832701737962	0.446100506964172	0.488033322984723	0.992518418630548	0.124880220950662
ENSG00000101096	NFATC2	7e-10	2.41226041460827	2.49353947295756	2.01298701684648	2.6229807164368	2.9832882728959	0.123371967696554
ENSG00000154217	PITPNC1	2e-08	2.73466496096657	2.82246181444781	2.5206228596706	2.38208707747756	1.93323312068791	0.123078977173535
ENSG00000196586	MYO6	9e-12	3.54680967776198	3.28812538679662	3.85267891256709	3.93657461985837	4.18426246146358	0.121967023355973
ENSG00000198825	INPP5F	9e-15	1.79187130393148	1.18836760639578	0.887525270741587	1.00696394774976	1.17316337550886	0.12140295301718
ENSG00000177311	ZBTB38	9e-16	4.13606154957603	3.73734520080986	3.47745687525317	3.78614664398165	4.35873761901782	0.121030876211803
ENSG00000171105	INSR	4e-08	3.2353567539138	2.66854913099413	3.44963161464056	2.77825380265684	2.73712768562651	0.120564463102972
ENSG00000141668	CBLN2	6e-06	0.862238829130729	0.222392421336448	0.137503523749935	0.137503523749935	0.6959938131099	0.11750283457126
ENSG00000111885	MAN1A1	5e-08	3.93928858601096	4.78934487680268	4.63708729467479	4.51137009442252	4.70293142004007	0.114235100338956
ENSG00000275342	PRAG1	5e-08	3.3779017331407	2.85431068048715	3.1160673974408	2.89338308928023	3.65097104187679	0.113319532632614
ENSG00000224184	MIR3681HG	6e-06	1.59931779369823	1.03005723385618	0.912201386125459	0.786596361890807	0.793233813812951	0.113284827067027
ENSG00000275410	HNF1B	6e-61	3.31062776154238	3.31125835234415	3.84629058460455	3.96267837379427	3.9311093236889	0.110683106451754
ENSG00000136231	IGF2BP3	1e-11	2.47519893449561	1.83911094332336	2.12030958145566	1.97929764471627	2.62308823244304	0.109941307664722
ENSG00000196126	HLA-DRB1	1e-09	9.59592345341345	9.11749273450784	8.87984391089736	9.30860815542869	9.6769673305641	0.109586547553398
ENSG00000123080	CDKN2C	9e-16	3.67906242697845	3.29278174922785	3.58751820562491	3.57197685912668	4.19845883717929	0.10949365947796
ENSG00000204287	HLA-DRA	2e-11	11.6033614115467	10.9146998390424	10.760808404809	10.9276823972136	11.1844366019887	0.109301499958419
ENSG00000104332	SFRP1	5e-08	1.00212005187437	0.427193561584782	0.19068356160911	0.278366059589784	0.266566096804047	0.108565125787006
ENSG00000011028	MRC2	1e-09	1.1743915531242	0.773724144176324	0.349868484798788	0.55930895588265	0.989180776792834	0.108121332471171
ENSG00000105426	PTPRS	6e-06	1.63022111328887	1.149190895599	0.715241697703178	1.09482354620159	1.22356296504439	0.106822222695313
ENSG00000164742	ADCY1	3e-09	1.26234329442374	0.958403134427464	0.54299023024584	0.598344712641904	0.512562957107756	0.106262249083047
ENSG00000172164	SNTB1	1e-08	1.60219389272338	1.99085934614353	2.29027380415318	2.06817150264158	2.45794046083954	0.105855222838616
ENSG00000172264	MACROD2	8e-06	2.97883929487147	3.45528395394756	3.6253202383373	3.86043955801208	3.54621815999612	0.105284033779166
ENSG00000117322	CR2	7e-06	5.68573072030252	5.165277275809	5.37873296905531	4.80790884605784	5.1417340343278	0.104945039348636
ENSG00000172292	CERS6	1e-09	2.40931549913066	2.84588615995914	3.00956063830809	2.91411182290259	3.29740577575329	0.103430271506327
ENSG00000228789	HCG22	1e-17	1.92135169292291	1.81298453614429	1.7650784139091	1.62864400211457	1.11056525034596	0.101214696562781
ENSG00000204528	PSORS1C3	7e-20	1.25865596532322	1.4523949711933	0.974587580826986	0.833077486719211	0.67626740826589	0.099318029895174
ENSG00000158089	GALNT14	2e-07	1.27320621089109	0.421784331719429	0.7311832415722	0.828202363277975	0.904139984592484	0.0945804982151233
ENSG00000168734	PKIG	3e-18	3.83871909296694	3.40312417773534	3.55131965689352	3.00966309735072	3.30234369856896	0.093767339553197
ENSG00000204475	NCR3	9e-11	3.36411059746049	3.40885485077541	3.14063943981811	3.54432051622381	3.96721006488233	0.0937604983635199
ENSG00000150593	PDCD4	7e-11	5.97274314290314	5.86607504337265	6.20196747084645	5.70520502401248	5.38380135541625	0.093655539267714
ENSG00000136156	ITM2B	4e-06	2.41285595436529	2.90749791830361	3.05274146207197	3.07555103300718	3.17711154203558	0.0912853639391803
ENSG00000244405	ETV5	2e-12	2.5404681907282	2.01134497359401	2.01526675665331	2.09347294100444	2.63017507760476	0.0912824359507095
ENSG00000099282	TSPAN15	2e-11	1.65005752894304	0.941897045436432	1.22348827785772	1.1304349400803	0.89495397584082	0.0906365207302284
ENSG00000160867	FGFR4	2e-12	1.37334066775057	0.933175037310212	1.30130442276151	1.32997230853626	1.76986789007363	0.0882476798709142
ENSG00000244264	RN7SL597P	1e-11	0.341036917835067	1.02384674195437	0.722466024471091	0.443606651475615	0.341036917835067	0.0874873694250557
ENSG00000237541	HLA-DQA2	7e-33	6.47500290283	5.80363813505425	5.87094799088839	5.84688025893067	5.76369524698656	0.0871553855188537
ENSG00000077044	DGKD	4e-18	3.68202991868132	3.47453851102751	3.59896318003047	3.63201798654374	4.23248829907195	0.0866619423399269
ENSG00000122859	NEUROG3	3e-17	0.428966337910246	1.19333851464928	0.623376384326385	0.632857190825468	0.569280878488886	0.0859410987731088
ENSG00000018408	WWTR1	6e-11	0.871583726872566	0.359081093304828	0.465557721434139	0.54405455714095	1.05642765401681	0.0859309301089949
ENSG00000095397	WHRN	4e-10	0.902136241158034	0.365988150162065	0.279471295644467	0.23427541285237	0.210858940820931	0.0827632969445371
ENSG00000179344	HLA-DQB1	6e-24	6.34239219744708	5.99500838189599	5.6712210889459	5.75661012331248	6.21251687816678	0.0824139841795392
ENSG00000138814	PPP3CA	7e-09	2.48032194456145	2.87308788751778	3.24631104824267	2.83805171928052	3.06923100182284	0.0823130463813381
ENSG00000198369	SPRED2	2e-12	1.97803466850321	1.71970224002261	1.82738662687966	1.58444531303292	2.33162149109121	0.0822623876257359
ENSG00000158321	AUTS2	1e-19	1.77714510228809	1.08406426478847	1.16651033702955	1.1061393528406	1.26573355543475	0.0822137478853378
ENSG00000198873	GRK5	7e-09	2.4922053598013	2.89774994175205	3.2607944441359	2.89546941652869	2.68413790581199	0.0821374174994446
ENSG00000069667	RORA	1e-08	1.33077901246963	1.86768841798452	1.94565551491118	1.44838944784571	1.41847803057137	0.0798816478162972
ENSG00000157214	STEAP2	1e-13	1.11218527066157	0.356661926603941	0.656347133957922	0.689427702883809	0.893339892015704	0.0796314393687403
ENSG00000162594	IL23R	5e-06	1.23644962024283	1.88382657754123	1.27893378474714	1.44554445571711	1.2266502553396	0.0766496544241848
ENSG00000164756	SLC30A8	4e-67	0.263034405833794	0.799087306074004	0.20163386116965	0.263034405833794	0.678071905112638	0.07626731424557
ENSG00000138646	HERC5	2e-22	4.2905961538538	4.43997300903716	4.95122270224196	4.62449086490779	4.30069960147834	0.0759961794720851
ENSG00000082074	FYB1	4e-08	1.1187523494528	0.577112605500222	0.835613182099118	0.628031222613042	0.403449525003632	0.0752936754914067
ENSG00000130675	MNX1	6e-07	1.32825571485937	1.34003747543909	1.89621000267485	1.82934765039966	1.74343508949576	0.0746425801342696
ENSG00000196735	HLA-DQA1	7e-40	6.51318529870552	6.25171909260596	5.85002054616007	6.1026671609338	6.46274350769995	0.0738122900521575
ENSG00000069702	TGFBR3	4e-06	1.4679535206307	1.29989244313412	0.825655738800548	0.89819771947714	1.0384523283054	0.0737355016312923
ENSG00000103489	XYLT1	5e-09	1.57382194311596	1.61947479228396	1.18215130377557	1.01158797427521	1.53717040226424	0.0735929985761469
ENSG00000127418	FGFRL1	4e-07	1.35927126655708	1.91677832673921	1.44710081672658	1.46309364062335	1.18533204884055	0.0733466332129254
ENSG00000197381	ADARB1	6e-07	0.913288366806669	0.366657036907951	0.227844977371493	0.304511041809953	0.423807708906576	0.0731873740546296
ENSG00000165025	SYK	5e-06	4.81131293562629	5.05311133645956	5.20986811194225	5.30515465009526	5.52918924760265	0.072626222122985
ENSG00000219061	TRIM51FP	1e-08	0.869832707795422	0.137503523749935	0.424026282506099	0.328325866085513	0.466318004222537	0.0723859794028359
ENSG00000117586	TNFSF4	5e-07	3.49009048763041	3.08656925494683	2.9611109866064	2.76233738387452	3.12417941122073	0.0712738354883966
ENSG00000050820	BCAR1	2e-12	1.69628737197568	1.47890370358891	2.06526429571353	1.79533795728239	2.12269132956132	0.0708380597013456
ENSG00000138771	SHROOM3	1e-08	0.918190495345459	0.630733161223578	0.562839689823016	0.968291140272662	1.21631790692676	0.0707351142520342
ENSG00000130208	APOC1	2e-07	1.30759225384712	0.676131494543202	0.721024050297185	0.839162249180188	1.04200752652158	0.0676679868248662
ENSG00000232629	HLA-DQB2	3e-09	5.18856439235102	4.51869072450432	4.62744366785998	4.87081303998505	4.71862931823191	0.0675944111222118
ENSG00000203756	TMEM244	1e-08	0.874469117916141	0.443606651475615	0.286881147788162	0.245756414401958	0.296981737757132	0.0674648594967575
ENSG00000127838	PNKD	5e-08	3.53659947915976	2.9179844254921	3.06012099243757	2.96665274281156	3.30726477795402	0.0673546772431218
ENSG00000163071	SPATA18	8e-11	1.53932927191533	1.1011546329475	0.938866349248539	1.04279493974079	0.893209483438554	0.0662407947948651
ENSG00000182732	RGS6	1e-09	0.8573956045572	0.344053756958655	0.249148879578844	0.279713146980424	0.282439805006387	0.0658383973955737
ENSG00000111275	ALDH2	1e-14	1.58125853195774	1.40627886450071	1.81827620843495	1.83457639079263	2.07193231738702	0.0654473009758721
ENSG00000100298	APOBEC3H	7e-07	3.37942597526969	2.83315641524405	3.11252269039739	3.11726605216975	2.73615486357961	0.0653633712613221
ENSG00000141655	TNFRSF11A	2e-21	1.43414632222655	1.15874520231225	1.49471518180462	1.85229960894164	1.62019098903214	0.0646645060580683
ENSG00000188404	SELL	1e-23	5.61017306351844	5.8421849062207	6.1176154722864	6.25728644795382	5.86105204523736	0.0641942510100163
ENSG00000152270	PDE3B	3e-08	0.417255324528663	0.551820216098526	0.963871834533129	0.993002273875181	0.785550551739256	0.0639382268344308
ENSG00000105717	PBX4	3e-11	1.73061009912638	1.20097343770154	1.05422039099789	1.31944390134909	1.33290903695167	0.0633206349481729
ENSG00000146242	TPBG	2e-08	0.818110407622725	0.295044800736415	0.20083964422645	0.377157615607755	0.613307126415118	0.063244832470279
ENSG00000134824	FADS2	2e-11	5.14146153731862	4.81438851391213	4.96504740116558	4.95169206563227	5.46678107437284	0.0632171056479341
ENSG00000111245	MYL2	9e-13	1.21274225130273	0.707199267817781	0.61248356348506	0.720563987226717	0.614780788770672	0.0628124575355545
ENSG00000100393	EP300	4e-08	3.0582593979724	3.31125835234415	3.20363436304909	3.18364872006152	3.7116186422341	0.0626549165563983
ENSG00000163975	MELTF	2e-08	2.81368254202961	2.14438990933517	2.49525969777292	2.30946412932131	2.37913495229384	0.0625368433230696
ENSG00000253161	LINC01605	2e-11	0.59978714816458	0.523709538793666	0.290392521454255	0.396433531250992	0.939564146138026	0.061477218277752
ENSG00000164626	KCNK5	4e-09	1.98445914910422	1.4182609764292	1.7874858163215	1.48093943617793	1.87417100963098	0.0614650022972271
ENSG00000185920	PTCH1	4e-08	1.25897618925944	0.971628255723328	0.927614074618318	1.12048037590762	1.53717040226424	0.0607630911269669
ENSG00000153094	BCL2L11	2e-13	2.4437814988761	2.639597757298	2.38499036263706	2.87023212502967	2.93153433327833	0.0601367655358671
ENSG00000163686	ABHD6	1e-14	2.85809032747887	2.61996895054907	2.38499036263706	2.38268212596646	2.88840122404165	0.0600106282122318
ENSG00000074370	ATP2A3	5e-06	4.26121668089832	4.43155258606186	4.60591289587805	4.56347307774694	4.92247583050045	0.0598079382748891
ENSG00000172817	CYP7B1	1e-08	2.97114309060204	2.66424328950637	3.35230174393088	3.03486698681677	3.00707452576027	0.0596929953123645
ENSG00000179715	PCED1B	9e-06	2.59348657302769	2.39938699610355	2.36427438559696	2.45236303496766	2.96097811117082	0.0593553467432962
ENSG00000075420	FNDC3B	6e-06	1.56955518942291	2.1433590446676	2.13889810582169	2.02117402310441	2.10847747034162	0.0593185543432491
ENSG00000143494	VASH2	3e-08	3.23703919730085	3.05585323473352	2.84842317189736	2.6990070516471	2.66356210175961	0.0592109618088096
ENSG00000120833	SOCS2	4e-08	1.81863484692361	1.83102382795124	2.19024498582191	1.58133828733621	1.61702370995345	0.0586503248919466
ENSG00000151474	FRMD4A	7e-22	2.15611920191728	1.70114045240933	1.71032284139683	1.87192841569057	2.20761213071018	0.0580509471638519
ENSG00000027697	IFNGR1	3e-08	5.48620515159383	5.180851377894	5.14498360160963	4.80901605642752	5.10687902030062	0.0580107433456823
ENSG00000100592	DAAM1	5e-06	2.26303440583379	2.29371122099256	2.84842317189736	2.48598075117048	2.34763380907984	0.0574679071603567
ENSG00000136634	IL10	5e-10	2.72030252237973	3.36383504662129	2.94724833322466	2.90502785159133	2.88752527074159	0.0572150346912674
ENSG00000160185	UBASH3A	2e-12	0.607231664562189	0.658000964729549	1.11995654216823	0.775537714548255	0.499571009490512	0.0568680059572517
ENSG00000264371	MIR4425	7e-14	1.18269229751619	0.867896463992655	0.941106310946431	1.47681369686553	1.10433665981474	0.0567258373428254
ENSG00000138083	SIX3	2e-14	1.388504932947	1.26699241940248	1.6228306863116	1.57886932773611	1.88799497448687	0.0566369185929539
ENSG00000112576	CCND3	3e-11	3.9516369784386	3.60880924267552	3.85267891256709	4.04580368961313	4.24792751344359	0.0558630204288532
ENSG00000116574	RHOU	2e-06	1.38167890233241	1.04173056452401	1.30067483730928	1.62211549913862	1.58953523051098	0.0557477600865683
ENSG00000137441	FGFBP2	7e-07	0.435095151620097	0.891553272541689	0.358191638874134	0.348250408067641	0.341630009329911	0.0556515542146115
ENSG00000135114	OASL	2e-08	2.32477895877871	2.56713550374928	2.9027920273949	2.76004920727925	2.8439386899806	0.0554600247111555
ENSG00000149948	HMGA2	5e-16	0.712341807197384	0.137503523749935	0.137503523749935	0.313660478903762	0.289506617194985	0.055373516961763
ENSG00000184384	MAML2	5e-08	2.62919647188153	2.36088172923194	2.87167590302446	2.35868664489748	2.77219408247719	0.0549274664798048
ENSG00000130508	PXDN	1e-05	1.14641824855768	0.573767914652664	1.10691520391651	0.887525270741587	0.814505841485603	0.054314589520903
ENSG00000108557	RAI1	2e-09	2.27651302652969	2.1672226919828	2.50069358382355	2.39747912789454	2.77456498693993	0.054291394605958
ENSG00000160999	SH2B2	9e-06	4.40284809027093	4.14353090660608	3.80406234921525	3.90482073149322	4.05759630133944	0.0535199055024772
ENSG00000147862	NFIB	2e-09	0.800230487624223	0.251538766995964	0.275634442613427	0.299309792225343	0.488326717676037	0.053246312484667
ENSG00000179399	GPC5	5e-08	1.30234369856896	0.84630855640218	1.302770158081	0.87953713849402	0.936434871222534	0.05273860291427
ENSG00000182379	NXPH4	7e-07	0.468843942974638	0.857548338042042	0.946710297358674	0.720431193328558	0.430928872048735	0.0526990248655386
ENSG00000185736	ADARB2	2e-22	0.742029908417487	0.372532770764308	0.900738368626923	0.431157164642121	0.456806149230474	0.0523745567078335
ENSG00000185339	TCN2	2e-07	2.68597710319798	2.45195721525389	2.71920674753663	2.77599075114827	3.08898768751822	0.0523273410703683
ENSG00000237886	NALT1	5e-17	1.39307216778205	1.05688506354165	1.17537170934038	0.922729853324788	0.802663226732882	0.0522020416157107
ENSG00000184164	CRELD2	1e-10	3.58892051428984	3.91597370037096	3.54869895673438	3.78839383297321	3.32516646895391	0.0520078951826793
ENSG00000185436	IFNLR1	3e-11	1.96591110942072	2.31888764056731	2.11783649029386	1.8681089531367	2.40690961839544	0.0519661415661231
ENSG00000173542	MOB1B	5e-16	2.41998332188365	2.52554141446161	3.01716379182591	2.60549943172385	2.59035575949137	0.0517679368759735
ENSG00000101057	MYBL2	7e-11	6.41627554538665	6.55523493097231	6.46012907818237	6.66587074389784	6.98472246534324	0.0515800865379291
ENSG00000216863	LY86-AS1	4e-06	1.80780781643925	1.69223923703923	2.11783649029386	2.11547721741994	1.64890488321231	0.0514558957608639
ENSG00000100284	TOM1	4e-09	2.79370155478385	2.56713550374928	2.3791018032746	2.32811992860163	2.21775352653293	0.0513536777828395
ENSG00000010818	HIVEP2	6e-09	2.29923821576964	2.48542682717024	2.63770396279313	2.32502733354625	2.84167918279847	0.0513133152449247
ENSG00000257718	CPNE8-AS1	1e-10	1.77760757866355	1.22974981412172	1.56383317263556	1.43754850073885	1.74101242722891	0.0509219556940437
ENSG00000162676	GFI1	3e-10	2.26995381977358	2.48488435863936	2.55915331437155	2.58496250072116	2.89058878327942	0.0499150156216137
ENSG00000155465	SLC7A7	2e-08	2.83205536268593	2.48813611442823	2.57469416526733	2.95869302584309	2.97547768086593	0.0497952237853754
ENSG00000232812	LINC01717	7e-09	0.137503523749935	0.137503523749935	0.263034405833794	0.263034405833794	0.678071905112638	0.0495986305450232
ENSG00000135862	LAMC1	4e-09	3.14146153731862	3.34003747543909	3.62780550172689	3.37373052512193	3.68413790581199	0.0495420159370057
ENSG00000089127	OAS1	5e-09	5.2554177266157	5.17959485723897	5.59547572740383	5.45307145385786	5.7001279525989	0.0484595880886111
ENSG00000111859	NEDD9	6e-10	3.02358682031762	3.1392282042194	3.45523976569047	3.14558980931359	3.52708158464066	0.0482501620363937
ENSG00000160179	ABCG1	2e-06	1.02202630633	1.51335775991803	1.43352773308251	1.45971364288624	1.13529136634095	0.0481102184086302
ENSG00000185518	SV2B	4e-08	0.811927651847428	0.413873566145208	0.3636383467722	0.254542944940154	0.326044203359594	0.0480111085279678
ENSG00000112137	PHACTR1	3e-19	3.75312489346421	3.51096191927738	3.31268988803202	3.19724312021026	3.56825077361706	0.0476554091762011
ENSG00000115165	CYTIP	3e-12	6.06039901365138	6.54307253352416	6.5126774313667	6.52894766475074	6.23162570111448	0.0476081780033897
ENSG00000135069	PSAT1	4e-08	4.83372418304655	5.38652054891872	4.96308053645617	5.21781441505742	5.16722079251393	0.0473020038874935
ENSG00000227674	LINC00355	9e-06	0.616671360448494	0.180572245641821	0.53605290024021	0.606178986630852	0.210566985939658	0.046874375433551
ENSG00000104044	OCA2	8e-07	0.638073837180719	0.137503523749935	0.153805336079035	0.137503523749935	0.20163386116965	0.0468590788767051
ENSG00000148655	LRMDA	5e-12	0.717600269299275	0.219730621612933	0.230412984264596	0.245186404500869	0.447579196548883	0.0461165609500399
ENSG00000087085	ACHE	5e-06	1.0831666011439	0.892494374532015	1.28650369301579	1.05763862586794	0.71902342345585	0.0456317635292061
ENSG00000184588	PDE4B	7e-09	2.174146496893	2.61996895054907	2.69807658077261	2.59012420583693	2.38224756416117	0.0453860625444533
ENSG00000215030	RPL13P12	5e-10	4.40209844357135	4.14008977190155	4.43409583509453	4.63763766703957	4.66892481186548	0.0453780098730934
ENSG00000184371	CSF1	1e-14	3.1197392442741	3.20986374681246	2.91708636271441	2.89755273102918	3.40231748176214	0.0444660692944303
ENSG00000172927	MYEOV	4e-07	0.808439247580944	0.709098800733262	0.453172628165615	0.775038700633532	1.04006608131582	0.0444258152690561
ENSG00000173334	TRIB1	3e-09	3.58628304547321	4.03098650605635	3.7133682327252	3.72879827329481	3.46824648337734	0.0442620227454334
ENSG00000144218	AFF3	1e-08	0.305808429524085	0.423717254971257	0.21364637887163	0.445477447122534	0.767654798237347	0.0441285684295395
ENSG00000260172	LINC01413	8e-10	0.153805336079035	0.343954401217361	0.20163386116965	0.250961573533219	0.678071905112638	0.043756299073117
ENSG00000081913	PHLPP1	7e-06	1.83516893420003	1.84292591700753	2.26559011073755	1.87658295718206	2.19315155329985	0.0437207318185726
ENSG00000030582	GRN	8e-06	6.47412934711864	6.03955401643086	5.97337678945632	6.08129014090528	6.3037807481771	0.043460068102822
ENSG00000197872	CYRIA	2e-09	0.997481474412674	0.52395806507178	0.605282485100752	0.49455783892237	0.538364912018498	0.0434053613875987
ENSG00000171700	RGS19	8e-10	4.32113518745279	4.05950101174866	4.51150033878014	4.4026224311705	4.60174992589311	0.0432898432971356
ENSG00000103647	CORO2B	2e-22	0.622930350920177	0.16115479181458	0.146841388329271	0.137503523749935	0.215506035751208	0.0428067939766245
ENSG00000170571	EMB	2e-08	2.62354789892456	2.70626879694329	2.96308053645617	2.90998983426741	3.13897641314881	0.0425361970821526
ENSG00000141956	PRDM15	5e-24	1.58496250072116	1.72016323860167	1.44371949867665	1.47987585825631	1.9505313237357	0.0424911644311705
ENSG00000103811	CTSH	1e-11	6.36833855984432	6.09548030885423	5.79690255764238	6.1632303488683	6.05613534421116	0.042434237588498
ENSG00000197728	RPS26	9e-06	5.37675749378854	5.25550073314839	5.22840935724278	5.24955952158243	5.71779192953482	0.0421430396193532
ENSG00000130222	GADD45G	3e-08	0.864298718884051	1.00454870069163	0.83650126771712	0.622494557217757	0.491934258324627	0.0418058731160439
ENSG00000120278	PLEKHG1	2e-21	1.10985647922863	0.80083179847627	1.07258020916421	0.866833548567806	1.31086293092441	0.0415478567049613
ENSG00000174327	SLC16A13	8e-13	2.44930740136359	2.1096244911745	2.23657403687738	2.31570957215221	2.64061053027107	0.0415343602967411
ENSG00000172575	RASGRP1	2e-14	3.69432918363176	3.82995635099474	3.67422983881824	3.31882218401954	3.46531417537418	0.0411072575746019
ENSG00000155324	GRAMD2B	2e-09	2.21671921292125	2.41028396930821	2.50880622961087	2.69206236960315	2.69669407767908	0.0409575844739305
ENSG00000137269	LRRC1	1e-10	0.953979835776087	0.917984425492103	1.26814129626688	1.31882218401954	1.32061595742457	0.0409121665488437
ENSG00000157483	MYO1E	5e-09	4.5928676988065	4.61377977314227	4.54080817111492	4.60422440288179	5.03404157336054	0.0405995309849791
ENSG00000178764	ZHX2	4e-08	2.93514885565003	2.76106126978367	3.20029865048583	3.10289288181995	3.2504847283658	0.0405644600472224
ENSG00000182240	BACE2	1e-08	0.625773567555747	0.854802084460064	0.979130219462266	0.596103058326357	0.489192018626785	0.0405541226178699
ENSG00000110841	PPFIBP1	2e-09	2.18569231730063	1.86393845042397	2.32192809488736	1.89380059616807	2.18604466680559	0.0404424686893071
ENSG00000048052	HDAC9	8e-13	1.44057259138598	1.74393441711274	1.84543666623639	1.40687017840745	1.46266999270384	0.040127832905841
ENSG00000163376	KBTBD8	4e-06	2.19160429753831	2.54908546439256	2.50069358382355	2.58960886557752	2.73615486357961	0.0401037239046368
ENSG00000143970	ASXL2	2e-10	2.14684138832927	2.30972764128184	2.3280541976842	2.24220090241663	2.67401368853828	0.0398747585972701
ENSG00000215417	MIR17HG	7e-18	1.42825432347792	1.52975520362997	1.65193716419979	1.52585333932892	1.12566595956543	0.0396330975810526
ENSG00000188827	SLX4	3e-09	2.04679421147894	2.14438990933517	2.15277028040325	2.11547721741994	2.54940613131211	0.0395020666105091
ENSG00000134222	PSRC1	4e-10	2.24642479293645	2.02260142893713	2.12489124782781	2.03827001692772	2.50154649253352	0.0388688691368768
ENSG00000196839	ADA	3e-18	5.69524741536376	5.39376300911302	5.54443013934159	5.32270352895112	5.18693494455114	0.0388367853976131
ENSG00000152217	SETBP1	8e-09	0.798898853975129	0.857247678821893	0.633258057761937	0.652361786006743	1.12045632517801	0.0386990875524104
ENSG00000199085	MIR148A	3e-14	1.20163386116965	1.15919859484925	1.44745897697122	1.63226821549951	1.456514135255	0.0386526016171525
ENSG00000159164	SV2A	3e-10	2.01576731585832	1.59906717352199	1.92478723948402	1.87573779310347	2.12269132956132	0.0386168885497959
ENSG00000018189	RUFY3	2e-08	1.74297749140123	1.85220915784186	2.24307267417612	1.83327098122606	2.00808234629786	0.0385803268048021
ENSG00000134250	NOTCH2	1e-23	0.92516476707741	1.14232744287828	0.660701453973596	0.820151505782411	1.08574546053461	0.0384751869795996
ENSG00000175115	PACS1	2e-09	4.48089004657347	4.20163386116965	4.24063911435104	4.24547603444949	4.654193502544	0.0383756371962734
ENSG00000168610	STAT3	2e-09	5.0049458226048	5.52620063085	5.22060987722035	5.3078985349833	5.39386041227439	0.0382416206400825
ENSG00000142552	RCN3	4e-08	0.524038276440217	0.900747402098162	0.434759401322316	0.735668206452074	0.490444901936866	0.0381160888692572
ENSG00000134954	ETS1	2e-21	5.37904506568572	5.64020687490928	5.86379086768732	5.73551053096582	5.83146737817441	0.0378649549006744
ENSG00000120162	MOB3B	2e-08	1.01752605258501	0.802574184003142	1.15759419953159	0.955096775436948	1.31086293092441	0.0377246600591687
ENSG00000184903	IMMP2L	7e-06	2.05444778402238	1.84799690655495	1.82478951539362	1.72715924604942	1.52144604997122	0.0376108076215282
ENSG00000085741	WNT11	1e-08	1.29558309970199	1.17363243145824	1.16651033702955	1.61768271348037	1.17185502854071	0.0375085240175435
ENSG00000197724	PHF2	3e-08	2.58760238259386	2.67807190511264	2.68858513179531	2.60039254129076	3.05954194565441	0.0374570929554101
ENSG00000070081	NUCB2	4e-12	2.29342869768752	2.53866884844722	2.24954216950568	2.14383577257365	2.01972190204347	0.0373775495067204
ENSG00000108175	ZMIZ1	5e-19	4.0049458226048	3.99429388165478	3.74232735520165	3.96665274281156	4.28581780147808	0.0373122394987833
ENSG00000198053	SIRPA	1e-08	1.44115656024273	1.59655857431421	1.18215130377557	1.13468024488241	1.42271680184147	0.0371938761394627
ENSG00000139269	INHBE	2e-10	1.56366772235793	1.61650628292204	1.52008783461686	1.41620049413496	1.92685232726619	0.0370544790424174
ENSG00000132205	EMILIN2	1e-09	1.78866276717255	1.90992465569815	2.23592256021655	2.08910444397731	1.80689170322528	0.0369803074738171
ENSG00000083168	KAT6A	2e-08	1.72102405029718	1.89774994175205	1.90484276695966	1.85744597007383	2.2419429921	0.0369426698866226
ENSG00000072858	SIDT1	9e-09	3.05062607306997	3.22456025801916	3.44963161464056	3.28738967618288	3.53828703934854	0.0366744803569176
ENSG00000081320	STK17B	2e-11	4.54748779530249	4.68871042555898	4.85055261145871	4.49426419042942	4.93895180484082	0.0363497423563327
ENSG00000157827	FMNL2	5e-06	1.7021460400915	1.51016242075823	2.01108447794371	1.79220603938742	1.61437898869789	0.0363176303247711
ENSG00000133121	STARD13	1e-11	2.5928676988065	2.15124358037624	2.47055071060087	2.22106213535848	2.49322129657582	0.0359385818080031
ENSG00000265376	MIR466	5e-06	1.09310940439148	1.15380533607904	1.13750352374994	0.84799690655495	0.736965594166206	0.035834298298565
ENSG00000232613	LINC02576	7e-28	0.842583410368585	1.07975985073246	1.35808161446677	1.12972617315822	1.20796302334012	0.0357571392402439
ENSG00000138623	SEMA7A	2e-07	6.49747901636524	6.49707446053315	6.66488221571672	6.54365552656424	6.94330502318964	0.0355151468385833
ENSG00000125686	MED1	3e-08	3.53659947915976	3.82674917285091	3.7377327811244	3.72293603426215	4.05467290613267	0.0354566245030155
ENSG00000153208	MERTK	7e-09	0.953575662908648	0.552889794948981	0.750104705793371	0.569365645670138	0.920014897212636	0.035456512577532
ENSG00000166562	SEC11C	2e-10	4.9719856238304	5.16231181733244	4.84895582652438	4.99563040037224	4.6561235296424	0.0353926111948711
ENSG00000106392	C1GALT1	7e-08	2.59234203108675	2.9339701296648	3.09466732583968	2.94062145292107	2.8050373391642	0.0352034257355996
ENSG00000167703	SLC43A2	6e-13	1.89265790007774	2.01247457958221	2.3002795315826	2.33305433286774	2.15180045350639	0.0351301636468156
ENSG00000164307	ERAP1	2e-11	4.22691498002714	4.49219052938954	4.44892906043096	4.38639562876552	4.74161847430394	0.0350527170895061
ENSG00000171703	TCEA2	2e-08	2.51179608815918	2.03377073665524	2.41407794151757	2.19555080911781	2.30529836005636	0.0348437351575961
ENSG00000116128	BCL9	6e-06	2.33455570321511	2.46906338096135	2.4760782845693	2.44952587566413	2.8280473172107	0.0346019585790702
ENSG00000163069	SGCB	3e-11	2.19852869307673	1.9958177212904	1.73081336718461	1.95469663813279	2.15362318911321	0.0343302196762957
ENSG00000112195	TREML2	2e-06	2.72678331958587	2.61005348168399	2.56953246015155	2.7714539705515	3.03799416498604	0.033964949256369
ENSG00000182718	ANXA2	7e-06	3.75664796002791	3.9149672859312	4.0883653718027	4.24629365705051	3.97753720304423	0.033842986463717
ENSG00000165671	NSD1	5e-11	2.98606080904213	3.1716113780702	3.11429613258861	3.14207960066977	3.48281928446461	0.0337838224520012
ENSG00000198756	COLGALT2	7e-09	0.569695744067846	0.215506035751208	0.147306698780294	0.147557188413858	0.147186077147274	0.0337257130523459
ENSG00000224220	DTNB-AS1	3e-08	5.66619473396784	5.99643632167693	5.84975443990812	5.82168827307163	5.51755881052215	0.0337018525927067
ENSG00000185022	MAFF	4e-08	1.4353062073721	1.69317879750285	1.89083990756069	1.86598265202831	1.77503870063353	0.0336420163494994
ENSG00000169860	P2RY1	5e-07	1.09131516674595	0.709058411168991	0.873352480831844	0.755461937783595	1.10018393015175	0.0336406472387567
ENSG00000073150	PANX2	1e-06	0.51899284680356	0.896819385139624	0.618693358033706	0.601593175265277	0.400798132495587	0.0336062484775924
ENSG00000171444	MCC	6e-07	0.727540581376938	0.533432200081074	0.757386462783519	0.990662135420664	0.9421190839195	0.0335492764730981
ENSG00000134986	NREP	1e-11	2.64195247930599	2.27876733209839	2.74919189649947	2.51883291165114	2.65869288925453	0.0331466370411595
ENSG00000073849	ST6GAL1	1e-10	5.61147074297709	5.79619334233968	5.82072214579543	5.82962044893331	6.11835785929402	0.0329988465361276
ENSG00000198624	CCDC69	3e-23	5.43361983074421	5.57448398291689	5.62656340518793	5.61312603119855	5.92967399125281	0.0328993378002935
ENSG00000175643	RMI2	4e-08	3.8118774807483	3.37705066612545	3.55131965689352	3.36773178450049	3.4857162634318	0.0327402330796009
ENSG00000146122	DAAM2	4e-10	0.809095555738558	0.414597586166459	0.332150954603479	0.519793486241101	0.492190529389543	0.0326348940689919
ENSG00000284713	SMIM38	4e-07	2.50259359511316	2.70137395488469	2.3731891104047	2.21104569817184	2.40660393028308	0.0325569930702102
ENSG00000247982	LINC00926	8e-10	3.61890983264449	3.69693093236395	4.0284939158253	3.57978226161548	3.65869288925453	0.0323200938818009
ENSG00000167258	CDK12	1e-14	3.01772616889637	3.3385370124428	3.25437532324162	3.26335755401319	3.5143705328911	0.0320125547059555
ENSG00000181019	NQO1	6e-32	3.12338241550528	3.13577677903047	3.27988219830658	3.47764947657852	3.0141145294729	0.0319572218622518
ENSG00000057252	SOAT1	7e-09	3.4879725106791	3.69341359204171	3.88939069092362	3.89755273102918	3.85742191934422	0.0308634530943012
ENSG00000086300	SNX10	2e-09	4.31477619075147	4.19418660897564	4.5932520419947	4.51680142334426	4.23851208669972	0.0306574714625265
ENSG00000172197	MBOAT1	4e-21	3.29633638098462	3.1749782291686	3.36129052715814	3.27942336637283	3.63931021919531	0.0305802464958726
ENSG00000143437	ARNT	4e-06	3.53796502118399	3.8138486841431	3.96504740116558	3.78389594923362	3.9578520101841	0.0301460884639958
ENSG00000228502	EEF1A1P11	4e-08	1.37545959114258	1.2200040325827	1.23331370771379	1.19148114480876	1.60801180642811	0.0299743820062214
ENSG00000167528	ZNF641	3e-13	1.21944513728611	1.25923283567394	1.48980526768082	1.34714745234439	1.63800873508279	0.0298730320871704
ENSG00000243479	MNX1-AS1	1e-24	1.63839215129204	1.41370808889237	1.84372731172257	1.79339833130789	1.57674199391619	0.0298444257427552
ENSG00000114757	PEX5L	7e-06	0.660584478383797	0.833582554677332	0.735429995254981	0.986753449635319	1.07731982180001	0.0298171116704022
ENSG00000012660	ELOVL5	2e-09	5.56634682255381	5.29935264221988	5.25155795164289	5.19893344851246	5.54975222584199	0.0297738585029103
ENSG00000121060	TRIM25	4e-08	4.33769541074568	4.40742431516897	4.53750756331315	4.45660833976977	4.7845980875912	0.0297712882123645
ENSG00000010310	GIPR	1e-32	1.8883819780357	1.90587782263545	2.28429990310855	2.05628517348145	2.18497560781566	0.0297677424280636
ENSG00000138640	FAM13A	2e-09	1.14970246024541	0.806052654744066	1.27640162957162	1.08946899105212	1.05798564017351	0.02974258391652
ENSG00000127804	METTL16	6e-09	2.75430020517148	3.02260142893713	2.90484276695966	2.88710594359407	3.21251687816678	0.0295706364988799
ENSG00000180772	AGTR2	8e-09	0.572251448971602	0.158337027167101	0.167456745851563	0.211504105193712	0.304153393159386	0.0295290733840809
ENSG00000236312	RPL34P34	2e-08	3.71620703399941	3.53736146726043	3.60275808368521	3.55623821168453	3.2521870235968	0.0294614899557587
ENSG00000164715	LMTK2	2e-09	1.5496556319852	1.7375729168613	1.65486451395131	1.63026516756804	1.99594178342565	0.029390968207692
ENSG00000053918	KCNQ1	2e-245	0.401448434530889	0.417779149428286	0.683877526793844	0.341036917835067	0.216976384789267	0.0292829607570038
ENSG00000162341	TPCN2	5e-10	2.59811386837246	2.67093572383101	2.48158476087585	2.41794323045425	2.23162570111448	0.0289876686830518
ENSG00000136573	BLK	4e-08	4.85305244398097	4.52949220207225	4.50678234098217	4.40482110323571	4.63213748331322	0.0289343192924002
ENSG00000105821	DNAJC2	2e-12	2.92683358743803	3.08835587442085	3.04903749330855	3.0439239563949	2.67147149397583	0.028927949152386
ENSG00000175592	FOSL1	5e-08	2.08802227835716	2.05439153750525	2.42555072596152	2.1941955295058	1.99634811916721	0.0286145215273033
ENSG00000120690	ELF1	1e-08	4.92265791146684	5.16823665128954	5.1843478299985	5.11771291450595	5.39540175327665	0.0285417494192053
ENSG00000119888	EPCAM	2e-06	0.516015147003665	0.189033824390017	0.499101764067318	0.22924609237751	0.186798820006708	0.0283871930406944
ENSG00000153093	ACOXL	2e-08	1.02620987932285	1.23427541285237	0.797675321580684	0.923547939562127	0.876851769227135	0.028379142538681
ENSG00000064932	SBNO2	1e-14	2.80054438994071	3.01510689239021	2.96701158804609	2.94868122271502	3.26404717880686	0.028362318842
ENSG00000133116	KL	3e-18	1.24709286196477	0.87308788751778	0.965047401165576	0.869383231188826	1.13599521724466	0.0280741947856469
ENSG00000133056	PIK3C2B	3e-08	3.11608684981476	2.93991939599599	3.19192546946083	3.05516579281682	3.3869039265924	0.0278596846606432
ENSG00000100243	CYB5R3	1e-08	4.860711821309	4.48678210678225	4.53154737334967	4.75775739577126	4.79631309342354	0.0278459422856903
ENSG00000089902	RCOR1	2e-08	2.48938484073892	2.53080673067425	2.53552356798665	2.57458335494116	2.89930600038053	0.0278088586879507
ENSG00000072274	TFRC	2e-09	6.74383570121282	6.76413827443041	6.39450830405157	6.50181578770927	6.7220975670458	0.0278024258300485
ENSG00000109158	GABRA4	1e-06	0.343144580797058	0.172836596862216	0.485426827170242	0.619519722757525	0.383786565294404	0.0276452081128187
ENSG00000167526	RPL13	8e-11	7.6970821274053	7.47633052000358	7.44161980088396	7.44008773336062	7.22925089392658	0.0276013120997122
ENSG00000145675	PIK3R1	1e-10	3.0294237603399	2.99810046708452	3.18350340794285	3.05329822616005	3.40231748176214	0.0275900635593213
ENSG00000183530	PRR14L	1e-17	2.73061009912638	2.86059694333458	2.8945597936978	2.82278496262721	3.17172499548852	0.0274984923595158
ENSG00000170581	STAT2	5e-15	4.63813750562182	4.70859384988953	4.90842456177206	4.81894289633282	5.05808295846697	0.0274454198895336
ENSG00000138433	CIR1	2e-09	3.833168124053	3.90689059560852	3.86220867592842	3.87763871649803	3.50440614667276	0.0274374796556941
ENSG00000252469	RNU7-160P	7e-10	1.38543103719352	1.58496250072116	1.16992500144231	1.29278174922785	1.20945336562895	0.0274020203642979
ENSG00000127603	MACF1	3e-11	3.16992500144231	3.05950101174866	3.3295816674308	3.07922669115057	3.44163864851044	0.0272838421206534
ENSG00000135540	NHSL1	5e-11	0.658782734012828	0.219445137286111	0.31690127781253	0.339385291963908	0.37723546656646	0.0272771776386196
ENSG00000086619	ERO1B	4e-08	3.12338241550528	3.37705066612545	3.24631104824267	3.04580368961312	2.95889479667033	0.027228493103896
ENSG00000173064	HECTD4	1e-10	2.0582593979724	2.28189343308511	2.21359547309929	2.13326653086346	2.48716257437086	0.0269574788920662
ENSG00000074755	ZZEF1	5e-30	2.57169014362812	2.80083179847627	2.80516070864469	2.77372414417632	3.03404157336054	0.0268940609955511
ENSG00000181690	PLAG1	3e-06	1.29633638098462	1.2160872110613	0.928420725486908	0.952694285221644	1.02490930509641	0.0268677749583141
ENSG00000223534	HLA-DQB1-AS1	4e-19	2.88301919198968	2.54738681927159	2.48378148005305	2.49866265432694	2.62484529189419	0.0267442777886704
ENSG00000197943	PLCG2	2e-08	5.24416777326216	5.22008552005997	4.86957743714046	5.06724640158975	5.24707410020315	0.0266533170214552
ENSG00000153989	NUS1	8e-13	3.06585254729463	3.40885485077541	3.42840472301667	3.31882218401954	3.13529136634095	0.0266421219682738
ENSG00000174945	AMZ1	1e-08	0.568660688392056	0.674270334952781	0.674229838818243	0.762794584018065	1.00081027524786	0.0266177159780923
ENSG00000214269	LGMNP1	9e-06	0.957363589465558	1.29247179218704	1.2858743821919	1.19216021991703	0.980415603681598	0.0265142947859373
ENSG00000150594	ADRA2A	2e-15	0.346450414021431	0.137503523749935	0.137503523749935	0.137503523749935	0.491475871843047	0.0263949030961204
ENSG00000107185	RGP1	3e-10	2.40808473863708	2.55167790900908	2.56175510955983	2.53230355144859	2.84844711565234	0.0262569124778665
ENSG00000101596	SMCHD1	1e-09	3.65207669657969	4.05950101174866	3.99134091740783	3.94566408315411	4.01311091549094	0.026225005595246
ENSG00000264226	MIR3168	1e-11	1	1.0898855035172	0.84799690655495	1.29278174922785	1.09310940439148	0.0261522484793407
ENSG00000187416	LHFPL3	1e-08	0.686884974918947	0.250961573533219	0.566583971406302	0.516886753234485	0.560714954474479	0.0260012919538616
ENSG00000111716	LDHB	4e-10	5.30758865561484	5.10742358298123	5.19611813454731	5.19046193244501	4.87796477808164	0.0258554267619792
ENSG00000134242	PTPN22	4e-06	3.86724479114823	4.15721394969276	4.26559011073755	4.12972617315822	4.25303741857627	0.0257999442008769
ENSG00000106948	AKNA	7e-10	4.20473236024113	4.23910856658831	4.2607944441359	4.2372742213367	4.59170092979012	0.025779696942262
ENSG00000115339	GALNT3	6e-12	0.410933100946107	0.65703820524044	0.538168289242215	0.845409112065795	0.621652310050337	0.025611396662914
ENSG00000168297	PXK	6e-06	2.61114643252481	2.69693093236395	2.57726810893116	2.42373719422923	2.85742191934422	0.0254566133027451
ENSG00000197756	RPL37A	4e-09	7.90484135948457	7.66742905507993	7.68664952744577	7.66808434482871	7.45472672288033	0.025394790706882
ENSG00000105185	PDCD5	9e-07	5.35174014618396	5.31584076500845	5.32307872239024	5.33505412372284	4.97753720304423	0.0252324025200529
ENSG00000104870	FCGRT	2e-08	0.671692992549933	0.367614168697531	0.773637267110094	0.699707819060092	0.705077784421163	0.0251986692270102
ENSG00000090686	USP48	6e-09	4.47519893449561	4.56585367777345	4.57276068938148	4.54564957669633	4.19580763574549	0.0251683677876994
ENSG00000112799	LY86	4e-06	6.21009594378858	5.86242528888321	6.23310969229369	6.14580891403585	5.98753548501489	0.0250707429759094
ENSG00000125834	STK35	2e-08	2.8952173833763	2.94387198762149	2.94923688631811	2.95068914933127	3.28415475225544	0.0249436890502651
ENSG00000136485	DCAF7	3e-12	5.11517230459181	5.06450169280703	5.12489124782781	5.06724640158975	5.43902540797546	0.0246992483485074
ENSG00000173214	MFSD4B	1e-09	1.57488666275165	1.74710467903395	1.73450785074235	1.64174489807135	1.98779094230478	0.0245896165967584
ENSG00000203497	PDCD4-AS1	5e-14	2.53932927191533	2.36383504662129	2.6524254684999	2.38268212596646	2.25558560005867	0.0245196119025252
ENSG00000197183	NOL4L	2e-12	1.49782990899518	1.19036533813556	1.37200365837343	1.19283897553571	1.11672360630168	0.0245055666024324
ENSG00000177732	SOX12	1e-09	2.57435440115518	2.14782081473545	2.33719485154067	2.26174108881227	2.34763380907984	0.0244625125576139
ENSG00000123610	TNFAIP6	2e-12	0.992603654908898	0.80344458827744	1.15828201601227	0.951892565256089	0.77046030608393	0.0244594922840254
ENSG00000066827	ZFAT	2e-08	4.1078349967694	3.9625003169579	3.74919189649947	3.7543128377301	3.9836981876709	0.024353191435305
ENSG00000137801	THBS1	3e-09	0.148863385914483	0.521186590287842	0.205809537140844	0.180572245641821	0.167456745851563	0.0243052045782585
ENSG00000137802	MAPKBP1	1e-13	2.12520055694426	2.19169562411353	2.53552356798665	2.27462238010901	2.28913815976969	0.0242782221443589
ENSG00000170006	TMEM154	1e-27	2.19956449188219	2.49353947295756	2.45103569751624	2.22239242133645	2.52708158464066	0.0242398097942489
ENSG00000169925	BRD3	6e-16	2.05062607306997	1.88135550350138	1.98456995943039	1.9037846847407	2.26910040653315	0.0242375589007356
ENSG00000138639	ARHGAP24	2e-08	0.664376997215749	0.696183279922292	0.999232404855056	0.691728349594221	0.927704732041882	0.0242024991210903
ENSG00000137731	FXYD2	4e-09	1.38466385023533	1.20097343770154	1.37259650614873	1.52531451764538	1.13674956761002	0.0241918749662052
ENSG00000132510	KDM6B	5e-06	2.88881014098316	3.01510689239021	3.08022219849408	2.92436556216315	3.28082289155769	0.0241100185451929
ENSG00000141524	TMC6	5e-12	3.81413345468867	3.77554963838685	3.86537132617025	3.91308242932279	4.16902416154986	0.0240822656201353
ENSG00000196793	ZNF239	6e-10	0.823122237915921	0.7099870851894	0.913831550186914	0.701155518225679	0.500743455748367	0.0240641512044917
ENSG00000102572	STK24	4e-09	2.84975736441939	3.03191518007676	3.06195999210135	3	3.28082289155769	0.024053979365974
ENSG00000166439	RNF169	4e-09	1.78498710902915	1.99238681589012	1.93325118214541	1.87869370377787	2.1991650021669	0.0240445011650968
ENSG00000168214	RBPJ	3e-08	4.23619822086148	4.56264412129756	4.22266646351429	4.18620744678761	4.23076258709479	0.0240046678036788
ENSG00000123473	STIL	8e-09	2.96184717704082	3.07219608459703	3.09106958073107	3.12439929310924	3.38069209765913	0.0239829408296964
ENSG00000132819	RBM38	2e-06	5.60627300696657	5.20534312056704	5.43586971339607	5.31493036876254	5.48535445903093	0.0239480772325035
ENSG00000183049	CAMK1D	3e-07	3.46087215299651	3.29123129766445	3.58496250072116	3.18364872006152	3.35081505632452	0.0239183222842826
ENSG00000037749	MFAP3	3e-13	1.38277365010789	1.54440729226311	1.5793239625614	1.56884283535788	1.81428541596622	0.0237895437824759
ENSG00000049618	ARID1B	4e-10	2.02358682031762	1.9339701296648	2.05274146207197	1.9120523007243	2.29905362863478	0.0237654594547094
ENSG00000140391	TSPAN3	1e-07	3.40509469603127	3.1201423630885	3.24307267417612	3.09927710288244	3.00606600069935	0.0237147771841536
ENSG00000186088	GSAP	3e-09	1.40688946512969	1.76464116005947	1.67855144476834	1.79935474421378	1.67096251706426	0.0237038915790545
ENSG00000171862	PTEN	4e-10	4.22776138371284	4.39231742277876	4.62966664372771	4.54299023024584	4.48643960014331	0.0237005432831398
ENSG00000119522	DENND1A	2e-09	3.09397614820901	2.78108357321548	2.75375017846177	2.70876870233555	2.88401612935593	0.023619966890827
ENSG00000134532	SOX5	2e-08	0.711086962340601	0.326500824677186	0.350497247084133	0.434294617959925	0.421916307664349	0.0235870229081582
ENSG00000124782	RREB1	2e-14	1.85414913353655	1.8772276178787	1.87167590302446	1.84454548136602	2.20374666853905	0.0235448325343681
ENSG00000095015	MAP3K1	4e-06	2.1164525056375	2.19832871644598	2.46221943600892	2.30633123983634	2.45500390659649	0.023528561720411
ENSG00000132170	PPARG	3e-11	0.571583470919957	0.263034405833794	0.254860474388093	0.39639650156603	0.558730959147977	0.0235191275689568
ENSG00000086666	ZFAND6	2e-09	3.79940616894211	3.53080673067425	3.49797919912652	3.57067184317076	3.81773821787174	0.0234613864308113
ENSG00000177469	CAVIN1	2e-09	1.45405622207787	1.17632277264046	1.07695201566385	1.37612305475963	1.32839759021692	0.0234567239770334
ENSG00000231721	LINC-PINT	1e-18	0.998413749108048	1.05219621112543	1.04309129203825	1.0600101821114	0.700190311097358	0.0234504879048703
ENSG00000127152	BCL11B	2e-10	0.512129620709714	0.167456745851563	0.137503523749935	0.236067358233525	0.350497247084133	0.0234381646000508
ENSG00000109501	WFS1	9e-12	1.49502037540836	1.71045119812275	1.28901819481292	1.47374502212261	1.56373400731213	0.0233436930793736
ENSG00000107338	SHB	4e-06	1.00395801356868	0.828460555069256	0.982241153370421	0.886266923482667	0.623351329925466	0.0233090515334341
ENSG00000102908	NFAT5	2e-22	2.38094860869956	2.63226821549951	2.55654681855707	2.41794323045425	2.75067876182239	0.0232683175375034
ENSG00000172216	CEBPB	2e-14	1.38459638571471	1.76821218921167	1.40772880326467	1.52961946687738	1.54607939261844	0.023264576782291
ENSG00000110931	CAMKK2	4e-08	3.71016305766542	3.54518804183076	3.40830715365962	3.55095360855626	3.79572959693798	0.0231451579620923
ENSG00000164916	FOXK1	2e-09	2.52011135637119	2.42732387260667	2.49253506043639	2.48320900192042	2.81197894858305	0.0230737334714806
ENSG00000128708	HAT1	1e-08	4	3.99714976191609	3.9787408806282	4.02689522706306	3.6638179214324	0.0229928026931482
ENSG00000173482	PTPRM	4e-22	0.51236736998852	0.168642035558839	0.155051724960782	0.173331602885562	0.269432177031944	0.0226401019184285
ENSG00000159461	AMFR	3e-08	4.1096728250955	4.03005723385618	3.84629058460455	3.97949434456536	4.2504847283658	0.0225975139493731
ENSG00000115267	IFIH1	1e-11	5.15976046684244	5.23225681025512	5.40649903831969	5.35641647127265	5.03552506453587	0.0223912132315357
ENSG00000107249	GLIS3	4e-27	0.480391237272943	0.281020151307156	0.232660756790275	0.323829296622053	0.591431996050714	0.0223563694542216
ENSG00000138709	LARP1B	9e-09	2.20301179350066	2.51229343302292	2.31577586790577	2.30319153230578	2.11298120461587	0.02228846898919
ENSG00000164938	TP53INP1	6e-09	3.1926450779424	3.53866884844722	3.33415439722062	3.53899199662662	3.4638457833483	0.0222556677641969
ENSG00000153815	CMIP	2e-09	2.40509469603127	2.29123129766445	2.46777896135082	2.44668312589531	2.69919225153428	0.0222320826135789
ENSG00000157933	SKI	8e-10	2.06585254729463	2.15806484623225	2.23331370771379	2.25200407744699	2.46678107437284	0.0221360301892135
ENSG00000117280	RAB29	1e-15	3.58628304547321	3.37997110242816	3.48433013761466	3.69206236960315	3.74343508949576	0.0221085046715053
ENSG00000086758	HUWE1	3e-11	5.21031007292306	5.42943977869246	5.45733721462917	5.32734740111817	5.60641561038747	0.0219579960154561
ENSG00000156170	NDUFAF6	6e-09	2.1646307017728	1.9808911770523	1.9884429685776	1.97654102717601	1.74826824323171	0.0218830577168779
ENSG00000163584	RPL22L1	2e-13	6.94920140046648	6.72433433528971	6.61126029449876	6.7120276924163	6.56729385262815	0.0218754018608951
ENSG00000185862	EVI2B	7e-10	5.32667640978553	5.45874116873616	5.64661615562189	5.6709036721322	5.61702370995345	0.0216164226201036
ENSG00000010810	FYN	8e-24	2.31811815858628	2.24456663823585	2.35620376139987	2.59911298906419	2.51918565774871	0.0215892255503839
ENSG00000008988	RPS20	2e-07	8.04457426483423	7.86958572656184	7.85923738140048	7.8744030105071	7.63181060100959	0.0215887082777703
ENSG00000130638	ATXN10	4e-09	5.27233497942661	5.00804522855602	4.9099568986563	4.97111085979015	4.9347179205376	0.0213963958947963
ENSG00000132182	NUP210	3e-08	5.66775491043749	5.6316557361692	5.6423205908635	5.73870973506881	5.98344200458563	0.0213759714880442
ENSG00000110328	GALNT18	3e-08	2.61719398137103	2.39304039700631	2.35230174393088	2.65387365733479	2.36787361552416	0.0213614945393634
ENSG00000263001	GTF2I	2e-09	2.28336824835632	2.37558822804696	2.38204908732493	2.37073427266201	2.66637362633615	0.021278046089875
ENSG00000021645	NRXN3	5e-27	0.53605290024021	0.200797273705855	0.185279248319348	0.214124805352847	0.283792966000591	0.0212704325598199
ENSG00000196781	TLE1	3e-06	0.705256734438868	0.321197431391932	0.398325772174748	0.53130718858956	0.475776657136523	0.0212691839451505
ENSG00000133256	PDE6B	8e-06	1.40478204497323	1.4870530099923	1.75329499781723	1.6080461138342	1.42271680184147	0.0212128568976576
ENSG00000198353	HOXC4	3e-09	1.86945001622127	1.68941687870665	1.49471518180462	1.73417057545364	1.82164142956193	0.0211345049059017
ENSG00000129657	SEC14L1	8e-21	4.07246392730109	4.42732387260667	4.17418199786503	4.23480455732553	4.37523472001604	0.0210986238727153
ENSG00000198169	ZNF251	3e-09	1.74723392962003	1.78769639628714	1.90893552159354	1.80513709680779	1.5163551780476	0.0210679993369238
ENSG00000170324	FRMPD2	2e-10	0.812328957841918	0.56953246015155	0.48323261375733	0.436517226689295	0.575203534258828	0.0209882606589118
ENSG00000187079	TEAD1	7e-06	0.560270295805251	0.237863830098888	0.197939377611909	0.407175381505873	0.33014860169233	0.020879631088701
ENSG00000054219	LY75	9e-09	3.81863484692361	3.87515923753748	3.80516070864469	3.76576285847364	3.50583385093662	0.0207998459839856
ENSG00000251230	MIR3945HG	1e-08	0.707109610006947	0.990456227329129	1.060648945251	1.04880617777465	0.946795382828255	0.0206614136021069
ENSG00000168769	TET2	2e-13	2.42589601475354	2.66854913099413	2.57983746854329	2.35868664489748	2.67655141134018	0.0206585786181186
ENSG00000129244	ATP1B2	1e-10	0.633990836648521	0.643354295512961	0.30106230702414	0.537989837260927	0.439285045525521	0.0206474083175638
ENSG00000213445	SIPA1	7e-11	4.92318053238937	4.7515088237085	5.05551321132203	4.94717344166063	5.12835643050278	0.0206122133603366
ENSG00000126603	GLIS2	2e-09	0.576387764983146	0.512293433022924	0.594141927495552	0.568137878079797	0.875647549707935	0.0205187794667261
ENSG00000139645	ANKRD52	4e-13	3.68942205291136	3.86372983281955	3.93124045702427	3.89546941652869	4.08746284125034	0.0203959674181603
ENSG00000133773	CCDC59	7e-10	3.42442011176969	3.52685954615759	3.52089029781038	3.5628168598412	3.21251687816678	0.0201779463880419
ENSG00000124602	UNC5CL	3e-06	0.739183419416025	1.09192248944104	0.933251182145414	0.99300227387518	0.805964819132432	0.0201229758471693
ENSG00000130749	ZC3H4	1e-13	3.46948528330122	3.5229015325889	3.59769599062894	3.62574811556766	3.8394161312899	0.0200890438517584
ENSG00000181830	SLC35C1	1e-13	2.18220333122075	2.41028396930821	2.2940340887517	2.42950798208718	2.55493370528054	0.0200787479559896
ENSG00000237149	ZNF503-AS2	1e-09	0.492984178348324	0.155481264678991	0.216976384789267	0.220892738206719	0.3949145342648	0.0200544717673387
ENSG00000260284	TPSP2	2e-08	0.249613890071472	0.229867541898595	0.219445137286111	0.192645077942396	0.53605290024021	0.0200362043587623
ENSG00000147324	MFHAS1	2e-13	3.26038968457823	3.33251950615508	3.42840472301667	3.41358243607846	3.63670607581515	0.0200100882343501
ENSG00000167895	TMC8	5e-12	4.92526912492337	4.68162680228926	4.81609855512958	4.80513709680779	5.05759630133944	0.0200044727405414
ENSG00000113161	HMGCR	2e-08	5.00938261249085	4.81006420931559	4.93174340109103	4.88920136159626	5.18024443152054	0.0197881767276815
ENSG00000102109	PCSK1N	5e-09	0.485426827170242	0.169925001442312	0.168642035558839	0.192645077942396	0.159198594849254	0.019722845700078
ENSG00000033327	GAB2	4e-08	1.7557093165069	2.1409508253684	1.97288815438276	1.8912937405575	1.90753885220936	0.0196629982815737
ENSG00000196301	HLA-DRB9	1e-11	1.24927250458931	1.01771235101514	1.11226115661913	0.883291041265501	0.97502234491138	0.0195027617392787
ENSG00000196284	SUPT3H	5e-08	0.905607629725045	0.945844229953095	1.17060696554903	1.06965043156749	0.817048318261448	0.0194017420339795
ENSG00000183495	EP400	1e-08	2.41701786340708	2.56457071188998	2.7215355535966	2.57978226161548	2.76744055250655	0.0193616800477508
ENSG00000185722	ANKFY1	2e-08	2.17519994348299	2.27249473508286	2.35830048455232	2.2842084289382	2.54663438206206	0.0192658765258532
ENSG00000189337	KAZN	1e-12	0.543314803362665	0.252307999240735	0.265617566847796	0.227844977371493	0.204617719608472	0.0192387421525085
ENSG00000053254	FOXN3	4e-12	3.27192471494471	3.44555944405574	3.57211562116555	3.30946412932131	3.56044018158709	0.0192380533418048
ENSG00000165868	HSPA12A	1e-08	0.538845033956494	0.446952679355606	0.318753847092219	0.455003906596489	0.694373717441738	0.0191386023197434
ENSG00000133812	SBF2	9e-11	0.509539283287049	0.544927838918904	0.436366008719356	0.401498445625127	0.755007571660512	0.0191371115953025
ENSG00000138018	SELENOI	7e-09	2.86507041991389	3.07580282407776	3.18350340794285	3.14558980931359	3.20726115271529	0.0190574748355048
ENSG00000107854	TNKS2	1e-27	3.31397934177187	3.41028396930821	3.47331714489225	3.3450117080004	3.66125768111383	0.0189622634328825
ENSG00000176986	SEC24C	3e-10	4.43545275570286	4.758819318997	4.59070648325596	4.55689742807292	4.75248401132704	0.0189285461857108
ENSG00000008083	JARID2	7e-11	3.05253819401374	2.95174483139278	3.12489124782781	2.88500747771007	3.23162570111449	0.0188690329533413
ENSG00000186951	PPARA	4e-06	1.78682610869293	1.99619842984014	1.95320578852106	1.91616840919653	2.16451150525595	0.0187586642859498
ENSG00000164258	NDUFS4	1e-11	5.32825571485937	5.27837609276287	5.25517927703278	5.2426107007551	4.97907991754613	0.0187159851739177
ENSG00000104447	TRPS1	1e-19	0.471723024537395	0.697541769310862	0.806024636079634	0.511814827987346	0.648059336046198	0.0187120036958653
ENSG00000143457	GOLPH3L	4e-07	3.93825476651785	4.19584487932015	4.01526675665331	4.05423231168371	4.27413599643045	0.0187115904746039
ENSG00000206560	ANKRD28	5e-11	2.93099721237956	3.29123129766445	3.22677086184702	3.17164762259132	3.12603735744131	0.0187107236880145
ENSG00000154102	C16orf74	6e-07	1.71808758396052	1.34662103610677	1.61232739989234	1.51395252535153	1.54995984271437	0.0186960448296449
ENSG00000179361	ARID3B	1e-06	2.63431241710385	2.78989395199138	2.87377132102665	2.87446911791614	3.00606600069935	0.0186580491822774
ENSG00000135272	MDFIC	3e-06	5.173883015011	5.43997300903716	5.13584570471742	5.08974234092016	5.18871385358157	0.0186276175831672
ENSG00000108788	MLX	2e-06	3.5915531702045	3.69575943815351	3.72965689815203	3.76576285847364	3.96305842161186	0.0185250233614916
ENSG00000152969	JAKMIP1	7e-23	0.548436624696042	0.632768543245429	0.269348179765996	0.461927631441367	0.436614577817298	0.0185216604180473
ENSG00000178607	ERN1	7e-12	1.78682610869293	1.98473324334669	1.96897310437938	1.88290595506478	2.15362318911321	0.018502410913123
ENSG00000196712	NF1	4e-11	2.07716786052246	2.21477923722657	2.26559011073755	2.17851761195836	2.44610750610809	0.0185004994709665
ENSG00000111880	RNGTT	2e-08	4.35561731874294	4.26777232484046	4.48295810228454	4.31180933987441	4.11016801872437	0.0184051889241481
ENSG00000011405	PIK3C2A	1e-15	2.59811386837246	2.93793903186775	2.77408607565031	2.62574811556766	2.74826824323171	0.0183862603742325
ENSG00000095564	BTAF1	6e-12	4.58760238259386	4.82621394930892	4.82965527056544	4.6035864656435	4.55631229596441	0.0183619857936262
ENSG00000164050	PLXNB1	3e-06	1.29891607776654	0.943477215409178	1.23266075679027	1.14102487048446	1.10847747034162	0.0183339143637011
ENSG00000184937	WT1	1e-12	0.524955191356879	0.229543340764446	0.353188843090399	0.432330644990761	0.566346822553809	0.0183285992400871
ENSG00000147251	DOCK11	2e-16	3.10507385709234	3.32798984767456	3.4312530853257	3.39305594086035	3.42211202503911	0.0182837011077673
ENSG00000198162	MAN1A2	8e-10	2.62663168002223	2.99810046708452	2.85480208446006	2.76462193706907	2.80271602725408	0.0182808053708668
ENSG00000276043	UHRF1	3e-11	2.81863484692361	2.77887254590013	2.93325118214541	2.99611656551277	3.11298120461587	0.0182713044046757
ENSG00000127824	TUBA4A	9e-06	5.7589919004962	5.86242528888321	6.00502723413509	6.11323805036965	5.93868755078002	0.0182324706305784
ENSG00000137135	ARHGEF39	7e-06	2.26699241940248	2.05950101174866	2.09646283950129	2.15083916031141	2.38845271368788	0.0181485166249872
ENSG00000204469	PRRC2A	2e-14	5.58496250072116	5.6913578430351	5.64875915130213	5.65313400336274	5.93312700505836	0.0181132096042667
ENSG00000141452	RMC1	2e-14	4.00889030911091	4.03098650605635	4.22759034215357	4.24792751344359	4.30398592417701	0.0181087867855002
ENSG00000165322	ARHGAP12	1e-18	2.45220729186938	2.39592867633114	2.62033683082304	2.30319153230578	2.28913815976969	0.0180533336174193
ENSG00000162433	AK4	2e-10	4.21671921292125	3.98473324334669	4.06563097382985	3.9192478021285	3.87807502950815	0.0180161746035423
ENSG00000060138	YBX3	4e-08	4.68880748632447	4.66795186539219	4.82207921018003	4.6908616245976	4.45056256381471	0.0179742843856962
ENSG00000166224	SGPL1	3e-08	2.31238432221649	2.34602377050483	2.37022365192814	2.41212590385894	2.64838788086279	0.0179326907677514
ENSG00000160752	FDPS	2e-09	6.23640851093413	5.95566520076412	5.96135732743188	5.99319711418082	6.18470821924278	0.01788861544112
ENSG00000154122	ANKH	3e-09	1.9768268868999	2.17766606420947	2.13540911974181	1.98518700535451	1.84619466392096	0.0178428525861539
ENSG00000117222	RBBP5	2e-08	3.27192471494471	3.42449782852791	3.35830048455232	3.39305594086035	3.63148364462498	0.0177796642848133
ENSG00000164080	RAD54L2	2e-06	2.27356507332596	2.44695267935561	2.53552356798665	2.40335569423121	2.6249289080388	0.0177482526314843
ENSG00000138028	CGREF1	1e-10	0.640224274491278	0.331621491091206	0.326563795587516	0.409308139211461	0.34268665505416	0.017659884952262
ENSG00000125910	S1PR4	3e-08	4.49009048763041	4.29742313137871	4.64569675354666	4.49770163556501	4.58900933378386	0.0175529255342276
ENSG00000119242	CCDC92	8e-18	0.89819771947714	0.932379506525848	1.07476776840197	0.989881244987045	1.22955335930607	0.0175523997426548
ENSG00000257621	PSMA3-AS1	1e-08	2.45220729186938	2.43295940727611	2.60780247707927	2.48874718546185	2.2419429921	0.017461793174765
ENSG00000124406	ATP8A1	2e-06	4.24792751344359	3.99810046708452	4.17162930765456	4.05329822616005	4.31624338993229	0.0174606097507303
ENSG00000111728	ST8SIA1	4e-08	0.156119201917282	0.137503523749935	0.137503523749935	0.137503523749935	0.437063805608843	0.0174589294083232
ENSG00000154310	TNIK	2e-08	4.29762680597306	4.12101540096137	3.9422649257104	4.07830865418616	4.19137811110863	0.0174469689037521
ENSG00000052749	RRP12	1e-08	2.82536071011192	3.05402588168251	2.99423305678111	3.05703094503638	2.77693200148385	0.0173403020034585
ENSG00000111371	SLC38A1	2e-06	5.08326013383808	5.34639709048126	5.31114441917412	5.25606915492065	5.43790399708271	0.0173374059420042
ENSG00000091157	WDR7	6e-09	1.44581982100066	1.56969574406785	1.55393560510053	1.53658772695287	1.80039097430784	0.0173095972915603
ENSG00000162413	KLHL21	1e-19	2.20301179350066	2.54128006190376	2.43693299439806	2.50250034052918	2.40690961839544	0.0172598960977338
ENSG00000166352	IFTAP	2e-06	1.29029648583825	1.05255052205371	1.3553042320924	1.37730485192374	1.32259125051425	0.0171978740659071
ENSG00000142046	TMEM91	4e-12	1.76133203895072	1.45195721525389	1.58086393250754	1.48819432282206	1.45204453111594	0.0171481736485942
ENSG00000137309	HMGA1	1e-08	7.98643594101587	7.6944403690955	7.6920033137642	7.83111991951283	7.91235114269016	0.0171120530602901
ENSG00000139990	DCAF5	1e-08	3.18220333122075	3.22130728022407	3.28461493641931	3.21071061628881	3.50440614667276	0.0170468390652156
ENSG00000173473	SMARCC1	2e-10	5.15220125223128	5.18670071419314	5.15277028040324	5.17336818933179	5.45611210921728	0.0170148289203387
ENSG00000142694	EVA1B	2e-08	1.50193446680516	1.34748472763311	1.53551787518646	1.48141376466362	1.71062846028659	0.0170127009981892
ENSG00000153774	CFDP1	1e-14	4.23871968093977	4.0856751148247	4.12664956010017	4.05703094503638	3.87961766545841	0.0170126725925714
ENSG00000169194	IL13	2e-14	0.443878627165154	0.764621937069072	0.641744898071351	0.607158246835352	0.478219343199325	0.0168174480814401
ENSG00000138821	SLC39A8	3e-08	3.87698910989466	4.05128050494369	4.20363436304909	4.17336818933179	4.11485361894864	0.0167937676758365
ENSG00000165661	QSOX2	1e-21	3.32034184399541	3.49757875242557	3.50069358382355	3.49288691582278	3.68665789779051	0.0167936213576667
ENSG00000232790	LINC01162	4e-08	0.485426827170242	0.286881147788162	0.263034405833794	0.552541023028779	0.475084882948783	0.0167416734594388
ENSG00000100567	PSMA3	1e-08	5.76308465513009	5.87231036389837	5.89223598910267	5.98660666771388	5.65032568510428	0.0167268095302811
ENSG00000145715	RASA1	9e-09	3.70287670358693	3.639597757298	3.62656340518793	3.38119404430705	3.67781860074171	0.0166579069130971
ENSG00000110921	MVK	5e-19	3.12520055694426	2.81816167701419	2.91911689794178	2.94667049759387	3.09980581586813	0.0166074614715394
ENSG00000145743	FBXL17	2e-08	1.60072981657947	1.62981673650542	1.66457966878452	1.62071252567036	1.91228385437874	0.0165881314997457
ENSG00000229666	MAST4-AS1	2e-08	0.432959407276106	0.137503523749935	0.137503523749935	0.137503523749935	0.180572245641821	0.0165573280552352
ENSG00000116127	ALMS1	7e-22	1.80418067426246	1.96930320277708	2.08565608454471	2.04128820849063	2.13455322611463	0.0165472534284814
ENSG00000230131	LINC02641	3e-09	0.640192021441549	0.434937056716548	0.296981737757131	0.366298258961157	0.41647947345275	0.0165337138413402
ENSG00000043591	ADRB1	9e-09	0.636399055947716	0.367903523687749	0.359685409509083	0.308327792840194	0.395484701857443	0.0165111910030261
ENSG00000030419	IKZF2	2e-09	5.14684138832927	4.97365960782122	5.24307267417612	5.03164562661647	5.26573355543475	0.0163961420180989
ENSG00000102781	KATNAL1	2e-07	2.0196823658617	1.81816167701419	1.95320578852106	1.80469312233409	1.69719405863744	0.0163727175881331
ENSG00000103111	MON1B	3e-10	3.41255821521638	3.51096191927738	3.49117080970505	3.48320900192042	3.74826824323171	0.0163725535749731
ENSG00000124191	TOX2	4e-13	3.65711228647699	3.84588615995914	3.56823914313003	3.57848429028106	3.80271602725408	0.0163368176172858
ENSG00000100883	SRP54	1e-08	5.04583465371767	5.33778619533458	5.19779179487526	5.18364872006152	5.02311577556533	0.0163346185392524
ENSG00000159199	ATP5MC1	4e-08	5.65962350563304	5.5298209465287	5.52055599238868	5.56543994245634	5.31094460292425	0.0163308392901532
ENSG00000154556	SORBS2	3e-10	0.427366010468404	0.263034405833794	0.21377929103174	0.495582720003624	0.472154470077205	0.0163119731611854
ENSG00000144824	PHLDB2	4e-08	0.524955191356879	0.188597371492757	0.264574923909576	0.29322112643267	0.36910270920301	0.016286535631572
ENSG00000076685	NT5C2	2e-12	2.81413345468867	2.95174483139278	2.99423305678111	2.93657461985837	3.16631826196158	0.0162097915536085
ENSG00000128849	CGNL1	7e-19	0.468618539483688	0.169008713675157	0.184862791676681	0.185655145935047	0.200774346672444	0.0162056036210187
ENSG00000213949	ITGA1	2e-10	0.709780764839976	0.767320260255351	0.795908395406496	0.637762300536331	0.97769622563551	0.0161583392398299
ENSG00000071564	TCF3	3e-08	5.2391394961736	5.23266075679027	5.02661173024732	5.06678362851734	5.32839759021692	0.0161575446881849
ENSG00000118503	TNFAIP3	3e-13	6.64179372331783	6.96164769628331	6.8873178528646	6.79105783157038	6.72516517407205	0.0161135185576489
ENSG00000143409	MINDY1	6e-08	1.83161001770913	1.98473324334669	2.10718924609435	2.02689522706306	2.16089118957725	0.0160521855091223
ENSG00000079387	SENP1	2e-16	3.02553509210714	3.19169562411353	3.15104353568378	3.11905267164376	3.36975661997798	0.016047114857857
ENSG00000151883	PARP8	4e-08	2.73775806605699	2.7155466105313	3.03037364904352	2.85101014509215	2.88401612935593	0.0160432139955997
ENSG00000181896	ZNF101	2e-08	2.27356507332596	2.49623358212682	2.42269107182228	2.48874718546185	2.61966359182616	0.015945377881145
ENSG00000118407	FILIP1	4e-08	0.588313710220794	0.269849227390105	0.294659851086772	0.360948162360718	0.352160296306778	0.0159291553067458
ENSG00000151320	AKAP6	3e-16	0.457206953522784	0.170433798852237	0.148170448801791	0.191843357976841	0.207892851641333	0.0159203321992376
ENSG00000108256	NUFIP2	2e-06	3.53796502118399	3.80192103600698	3.78303305031487	3.74739895049993	3.87188793760174	0.0158992735312656
ENSG00000086015	MAST2	3e-11	2.99005719675242	3.00946032924907	2.87377132102665	2.98440314494898	3.21949486052935	0.015837932551897
ENSG00000118971	CCND2	1e-12	6.49396538812852	6.49623358212682	6.57017868414484	6.73040622173116	6.39096595191563	0.0158361252018517
ENSG00000053900	ANAPC4	3e-12	2.69677650405051	2.77444029958487	2.86326366320826	2.83805171928052	2.55217256560349	0.0157548888298421
ENSG00000090905	TNRC6A	3e-09	2.44349007476828	2.61501973457734	2.61031807499805	2.55095360855626	2.7887091692602	0.0157074231505562
ENSG00000174197	MGA	8e-14	2.06206096813225	2.20493145127023	2.25276607037997	2.15780871512626	2.4007835155986	0.0156755278705537
ENSG00000090615	GOLGA3	2e-13	3.39307216778205	3.67212754136338	3.56175510955983	3.59655047499637	3.71779192953482	0.0156704540751654
ENSG00000153250	RBMS1	2e-13	0.223036337901875	0.325686746707397	0.561235125758603	0.425305834732671	0.401291491910023	0.0156680940856425
ENSG00000179218	CALR	7e-20	8.35382542148467	8.6247088944463	8.34387082875647	8.54764087451542	8.40686185889727	0.0155714952883129
ENSG00000112531	QKI	2e-21	2.44057259138598	2.60006939311136	2.67182334111115	2.63076619033428	2.78400983272438	0.0155359501514917
ENSG00000122033	MTIF3	1e-08	4.18656324702276	4.17413725272923	4.170777406218	4.18961203843463	3.90256142494549	0.0154883363329601
ENSG00000214530	STARD10	3e-06	2.64955229516415	2.38724643323134	2.3879256536616	2.51068973834253	2.34763380907984	0.0153890003439547
ENSG00000154678	PDE1C	6e-24	0.360541879747224	0.189520481517549	0.172060745786303	0.21627281495655	0.456378294659744	0.0153723538591488
ENSG00000197386	HTT	3e-08	4.25292530726693	4.38506768369937	4.31037106346496	4.25281800979066	4.54940613131211	0.015357691562818
ENSG00000070540	WIPI1	4e-12	2.95368480708746	3.30358850418443	3.14411581509271	3.13503345703765	3.12974608709527	0.0153480968132217
ENSG00000073614	KDM5A	1e-08	3.10691520391651	3.27406544295809	3.2924684944137	3.2372742213367	3.45204453111594	0.015324148964371
ENSG00000166532	RIMKLB	2e-08	1.53386451143852	1.25223716604858	1.302770158081	1.37552529422036	1.50726014372791	0.015287573076562
ENSG00000167984	NLRC3	1e-11	2.52837897235479	2.61501973457734	2.74461916670964	2.61565929794407	2.84167918279847	0.0152674265287587
ENSG00000196628	TCF4	4e-20	2.18080537080043	2.37851162325373	2.18687813472351	2.20775707496805	2.44610750610809	0.0152566348150667
ENSG00000131374	TBC1D5	8e-09	3.75547456017397	3.75432493828779	3.88003937595909	3.76576285847364	4.03799416498604	0.0151981394625251
ENSG00000189283	FHIT	1e-09	1.60958872673279	1.53133220692879	1.48158476087585	1.47374502212261	1.27647993689875	0.0151853906033395
ENSG00000198521	ZNF43	7e-23	1.85414913353655	1.9808911770523	2.06379665058097	1.96466692688772	1.74681999645703	0.0151716700603872
ENSG00000075539	FRYL	1e-10	2.75430020517148	2.87101355927992	2.9903755811116	2.92232063617812	3.08077262370553	0.015147870107347
ENSG00000124783	SSR1	1e-09	4.39984716346683	4.74359433263211	4.53154737334967	4.56347307774694	4.58225829179278	0.0151467475373437
ENSG00000111276	CDKN1B	2e-10	4.56500789434551	4.89008824004398	4.68262110907738	4.64695542843361	4.75608774769101	0.0150714282736021
ENSG00000204267	TAP2	2e-10	3.73180388905043	3.80192103600698	3.99230560821	3.99805958943056	3.96513573664447	0.0150662177674127
ENSG00000261236	BOP1	9e-14	4.73537934327425	4.71265369790989	4.74290064948334	4.88553238040492	4.54107485672016	0.0150421427828433
ENSG00000167114	SLC27A4	2e-10	2.51457317282976	2.66136557238024	2.64508349315873	2.85315861167073	2.71409112791362	0.015012759997064
ENSG00000173442	EHBP1L1	1e-11	3.86941589018986	3.92099526840935	3.97191038745893	4.05049233540675	4.1824780517854	0.0149815664552611
ENSG00000198945	L3MBTL3	1e-08	1.57169014362812	1.4458381987742	1.66457966878452	1.49040450332463	1.74295088239577	0.0149386706905144
ENSG00000117448	AKR1A1	3e-09	5.92631228841126	5.86346901838498	5.71891538228452	5.74653238022206	5.61669338481386	0.0149342889280816
ENSG00000165891	E2F7	3e-06	2.88881014098316	3.14782081473545	2.94724833322466	2.96665274281156	3.15362318911321	0.0148848445383259
ENSG00000253320	MAILR	2e-08	1.24909521487592	1.18770108060851	1.35889898903753	1.1325591540212	1.03443732018537	0.0148728449848603
ENSG00000122008	POLK	2e-10	2.55290129148886	2.6828098241193	2.71920674753663	2.59526750911289	2.86411657191823	0.0146841859536484
ENSG00000247498	GPRC5D-AS1	6e-10	0.645335118700638	0.520715577173381	0.396433531250992	0.628569943695064	0.393565968976019	0.0146759412711094
ENSG00000148396	SEC16A	1e-13	3.81300590868294	4.02260142893713	3.95716380208974	3.98145986944825	4.14906202489384	0.0146747466525587
ENSG00000196756	SNHG17	9e-06	2.73775806605699	2.91396016893331	2.88420300090062	2.94264062055772	3.07501335441685	0.0146601781821723
ENSG00000100307	CBX7	7e-07	2.15398345757329	2.18168845075815	1.88835464417109	2.01543004056961	2.12417941122073	0.0145996668556941
ENSG00000112242	E2F3	1e-09	2.72821955170139	2.72706059854834	2.91708636271441	2.87658295718206	3.00202483547749	0.0145657921098908
ENSG00000085511	MAP3K4	2e-06	3.40808473863708	3.673318375142	3.68977498344287	3.68604862583547	3.65483713183903	0.014541603712821
ENSG00000137941	TTLL7	5e-10	0.38729250879594	0.176709606009422	0.161751069996612	0.245476034449489	0.423909903282796	0.0145151590539127
ENSG00000200488	RN7SKP203	1e-23	0.584962500721156	0.485426827170242	0.485426827170242	0.263034405833794	0.400537929583729	0.0144850534190916
ENSG00000134198	TSPAN2	8e-06	0.422233000683048	0.165337731946661	0.137503523749935	0.137503523749935	0.194647430853544	0.0144435758871495
ENSG00000169926	KLF13	6e-10	4.54952023758401	4.66316481814355	4.75715946332732	4.66968517962658	4.87133422619947	0.0143797485489799
ENSG00000170385	SLC30A1	1e-09	2.31557259984754	2.35495689527483	2.3731891104047	2.35868664489748	2.61437898869789	0.0143711232372627
ENSG00000269891	ARHGAP19-SLIT1	2e-09	0.413137966363362	0.137503523749935	0.137503523749935	0.150559676575381	0.15754127698648	0.0143709204952537
ENSG00000179562	GCC1	3e-07	2.78452699260334	2.92799622862017	2.91505296556188	2.93454693851138	3.12045632517801	0.014367956787689
ENSG00000122966	CIT	1e-08	2.45510136513856	2.43576894086293	2.40541308039044	2.47206844431522	2.70417565904854	0.0143512813796416
ENSG00000154822	PLCL2	3e-08	3.40957743927815	3.42449782852791	3.41263740715836	3.14558980931359	3.40231748176214	0.0142863247955841
ENSG00000169410	PTPN9	2e-22	2.84975736441939	2.78549548809386	2.91911689794178	2.84238414007655	3.09412217736455	0.0142468548239824
ENSG00000048471	SNX29	8e-06	3.65459668855821	3.63715871184658	3.86009638412958	3.61439322060008	3.84280937873633	0.0142464520010053
ENSG00000175155	YPEL2	3e-08	0.658117298736992	0.54700814935995	0.799440086376749	0.81575170047876	0.807817992207909	0.0141971115313877
ENSG00000141699	RETREG3	2e-12	4.17080549890076	4.02353551446079	4.10718924609435	4.18023000983405	4.34683739998377	0.0141705480852656
ENSG00000132849	PATJ	5e-08	1.39367567962557	1.45749752559914	1.60679500843435	1.57666516632821	1.69017850796929	0.0141134577220031
ENSG00000196683	TOMM7	2e-11	6.34180593463878	6.20924813125334	6.21937451675592	6.24056054403537	6.01561864259704	0.014017467735743
ENSG00000143870	PDIA6	2e-08	6.05110434094801	6.24171978004485	6.02165927816561	6.15062081826924	6.29637491108572	0.0140159640610413
ENSG00000137478	FCHSD2	2e-13	4.66588249610472	4.70452254491541	4.74576370865058	4.70163252105393	4.96149847007308	0.0140153051119074
ENSG00000150347	ARID5B	8e-10	2.38374268704075	2.49623358212682	2.3731891104047	2.37073427266201	2.64320764175711	0.0139953012148752
ENSG00000227268	KLLN	3e-14	1.36810826292614	1.46521838904667	1.59820299996148	1.64273883200036	1.62229865199413	0.0139631566563156
ENSG00000049192	ADAMTS6	3e-08	0.609606238390971	0.556765608890504	0.520456045189191	0.36882906985639	0.686154251410496	0.0139547493117017
ENSG00000116497	S100PBP	9e-13	3.09397614820901	2.94189704543643	3.10896925253964	3.04580368961312	3.2674179631461	0.0139318922518297
ENSG00000106366	SERPINE1	4e-08	0.595728931590226	0.744619166709641	0.426625473554056	0.664284953382562	0.576291129516433	0.0139187345347836
ENSG00000189079	ARID2	1e-08	1.86289276660852	1.99619842984014	1.99230560821	1.92844673897497	2.17890259756157	0.013914420363325
ENSG00000144711	IQSEC1	3e-24	3.74723392962003	3.84377232069322	3.96602982887864	3.82168827307163	4.04095151834321	0.0138921566066271
ENSG00000135124	P2RX4	5e-08	1.98806038668847	1.92199748799873	1.96897310437938	2.10829961534689	2.21076709621682	0.0138731627554337
ENSG00000168675	LDLRAD4	2e-09	1.97602113706556	1.9339701296648	2.08203576886601	1.80956934312305	1.80318058853354	0.0138565659258468
ENSG00000030066	NUP160	9e-14	3.61244323714326	3.75769703575029	3.80076224474718	3.76690287832031	3.9421190839195	0.0138443221164678
ENSG00000196498	NCOR2	6e-09	3.98806038668847	4.1052193120545	4.11783649029386	4.00966309735072	4.28498651649923	0.0138124942507142
ENSG00000111912	NCOA7	2e-08	3.28499565410237	3.29123129766445	3.35680313616582	3.30004497698891	3.56181352299578	0.0136707709510887
ENSG00000168137	SETD5	1e-11	3.9465046534212	4.07129298908028	4.09106958073107	3.97555524303046	4.24365538997568	0.0136691475471968
ENSG00000199488	RNU1-70P	3e-48	0.545968369105292	0.632268215499513	0.584962500721156	0.84799690655495	0.641546029087524	0.0136599034035876
ENSG00000107719	PALD1	1e-06	3.0294237603399	2.88011837747941	2.81173336256818	2.72528378911857	2.94106409663966	0.0136557754118541
ENSG00000144712	CAND2	4e-10	0.339063326500079	0.196921733820329	0.212993723334198	0.195920209975257	0.460742563789644	0.013652808995781
ENSG00000152409	JMY	2e-15	1.77714510228809	2.07400058144378	1.85903907734654	1.87023212502967	1.80364500026808	0.0136323521336637
ENSG00000140836	ZFHX3	3e-12	0.951636978438601	0.787696396287136	0.895797627356653	0.713506621342217	0.995941783425647	0.0136124077050208
ENSG00000104093	DMXL2	5e-09	2.1926450779424	2.0444861543839	2.2940340887517	2.03069679722292	2.04900415604598	0.0135648422444941
ENSG00000278135	U2	3e-06	1.16349873228288	0.948600847493356	0.993427346076514	1.21723071622067	1.01435529297707	0.0135207851066598
ENSG00000131149	GSE1	4e-12	2.80281814146083	2.74529395392535	2.85903907734654	2.8117803704384	3.04782852509061	0.0134529685561998
ENSG00000163637	PRICKLE2	1e-11	0.437405312307299	0.210566985939658	0.157852169141737	0.156119201917282	0.233797184608697	0.0134135652248083
ENSG00000179603	GRM8	3e-31	0.538538163629805	0.374848409163145	0.306456686124923	0.442641960673445	0.58937779120915	0.0133927665614278
ENSG00000081189	MEF2C	4e-11	4.49993347443356	4.60006939311136	4.48227159499541	4.46996997843122	4.74464489672883	0.0133631140325452
ENSG00000143515	ATP8B2	5e-10	2.67459971320583	2.95762139772945	2.83558010452255	2.93454693851138	2.91872926364392	0.0133542639690174
ENSG00000198793	MTOR	3e-11	2.99005719675242	3.18836760639578	3.2152489919518	3.20230817529312	3.30398592417701	0.013315235162186
ENSG00000146215	CRIP3	4e-10	1.53222103864918	1.35198532874354	1.64410173399128	1.59012420583694	1.60535049772124	0.013229299767094
ENSG00000009413	REV3L	1e-09	2.40209844357135	2.63471553591826	2.68381588764744	2.56150352789717	2.66637362633615	0.0131881071902123
ENSG00000118007	STAG1	6e-13	2.53659947915976	2.76999439455368	2.74003189721399	2.7111396067983	2.84619466392096	0.0131342327052745
ENSG00000030110	BAK1	5e-09	3.45075807523232	3.53997504594785	3.50745728604285	3.67272948343797	3.72271161048596	0.013131291680861
ENSG00000123609	NMI	2e-12	4.45798964446339	4.38506768369937	4.65303561654912	4.58107906623393	4.41300981793186	0.0131290086739713
ENSG00000140368	PSTPIP1	3e-12	2.21432979671524	2.04485423578426	2.10004717685033	1.98753603443394	1.91228385437874	0.0130966450429875
ENSG00000188342	GTF2F2	1e-06	3.53932927191533	3.55684886451224	3.57855336072296	3.5978323009722	3.31705686333467	0.0130955483202617
ENSG00000070610	GBA2	3e-10	3.30918898305668	3.43155258606186	3.54344323128289	3.51068973834253	3.60508409664193	0.0130341224880428
ENSG00000103018	CYB5B	2e-19	4.74013287324489	4.67153175566799	4.77071660341204	4.76918021903138	4.97547768086593	0.012905824429763
ENSG00000197124	ZNF682	1e-08	0.909320677409593	1.07327905352632	1.15346040002458	1.11261046030996	0.91572498908327	0.0128802163687851
ENSG00000213390	ARHGAP19	9e-11	3.44930740136359	3.48135333258382	3.48980526768082	3.44952587566413	3.71779192953482	0.0128652831947647
ENSG00000206530	CFAP44	7e-10	0.631756712200097	0.635693302842086	0.722466024471091	0.693501945682244	0.432358909851874	0.0128614297135862
ENSG00000103222	ABCC1	7e-06	4.0323333983834	4.09991528019457	4.12840573200405	4.07647082586007	4.32516646895391	0.0128428757528201
ENSG00000163933	RFT1	4e-08	2.83650126771712	2.82031334786924	2.85055261145871	2.90792441510162	3.09601921253715	0.0128219591786366
ENSG00000163939	PBRM1	2e-21	3.25209354302314	3.43997300903716	3.41551703893454	3.39600623849566	3.56866068839206	0.0127833226093013
ENSG00000123933	MXD4	8e-06	2.32509537396605	2.05913664881179	2.08384706231283	2.09710327769834	2.22297123580395	0.0127806187014998
ENSG00000138587	MNS1	1e-08	1.28271677169549	1.3213205164236	1.25147737441139	1.19012203491937	1.03285368112308	0.0127534925759597
ENSG00000134294	SLC38A2	2e-06	4.76949275993166	4.99334066388579	4.98650776367189	4.94314497121515	5.07308847749235	0.0127358361309916
ENSG00000171456	ASXL1	2e-12	3.47519893449561	3.59253572042596	3.39377837990704	3.42084312096005	3.6561235296424	0.0127013039373118
ENSG00000108061	SHOC2	1e-11	4.55829455025908	4.69282653403122	4.78024307644036	4.62323251764887	4.83544722908696	0.0126975544687636
ENSG00000176871	WSB2	2e-06	4.16197624832682	4.11138280344686	4.12928301694497	4.04955582447423	4.34763380907984	0.0126788567396724
ENSG00000065029	ZNF76	3e-09	2.58760238259386	2.59001572844744	2.64262784143241	2.61312603119855	2.85518344714822	0.0126771391308113
ENSG00000087460	GNAS	1e-08	6.22352439082637	6.18461438694467	6.15836797001991	6.16560942825457	6.42814841476978	0.0126552006865515
ENSG00000078699	CBFA2T2	2e-15	1.69677650405051	1.84377232069322	1.88420300090062	1.77825380265684	1.99594178342565	0.0126528291499812
ENSG00000122958	VPS26A	4e-08	4.27520356872172	4.33402623740523	4.37762590029075	4.41212590385894	4.12603735744131	0.0126271144512742
ENSG00000158169	FANCC	3e-08	1.39246840337027	1.36972360598375	1.48980526768082	1.53176713387748	1.64735332001466	0.01260302849857
ENSG00000156639	ZFAND3	2e-10	4.54952023758401	4.59379406768488	4.68918018028421	4.58431598713611	4.82633424156012	0.0125472828284081
ENSG00000124172	ATP5F1E	2e-23	5.88398596581447	5.68546808167719	5.72531186412512	5.71999595775881	5.57173134235202	0.0125147936147069
ENSG00000161813	LARP4	2e-08	3.20473236024113	3.48407027320016	3.40541308039044	3.43238474284274	3.4594316186373	0.0124421079227709
ENSG00000184185	KCNJ12	9e-09	0.593230116704757	0.359497245335085	0.511252814538147	0.651912744645783	0.490747159103505	0.0123620450670677
ENSG00000148219	ASTN2	3e-10	1.20301179350066	0.997720260193166	0.917086362714407	0.996116565512772	0.953045460371188	0.0123540476717763
ENSG00000088205	DDX18	4e-08	4.54341430071607	4.64749629693939	4.7377327811244	4.67758704708727	4.46090450803617	0.0122235111182526
ENSG00000002919	SNX11	3e-08	4.92631228841126	4.84957794237443	5.0062216170503	4.76918021903138	4.73858568983437	0.0122139688846504
ENSG00000103381	CPPED1	8e-06	1.58971081561932	1.37324523923985	1.47221120766608	1.6202079986357	1.62702966565919	0.012204801055415
ENSG00000173517	PEAK1	5e-09	1.47918506897788	1.5339567210979	1.69807658077261	1.42142240024544	1.62124520540414	0.0122009683289896
ENSG00000196504	PRPF40A	1e-08	4.49290962881255	4.61253874507358	4.61533614976467	4.60230974428505	4.36189450220501	0.0121784783075204
ENSG00000256259	LINC02425	2e-13	0.603543926462882	0.512450000936788	0.43041272516576	0.726831217032493	0.576192291093424	0.0121390287129709
ENSG00000161847	RAVER1	5e-10	3.11791420286577	3.1253726831648	3.10487194955221	3.16474476233663	3.36944295652617	0.0121355102850117
ENSG00000164327	RICTOR	4e-08	2.16816239274305	2.25351163171529	2.46777896135082	2.30004497698891	2.26842766460401	0.012083716691089
ENSG00000114841	DNAH1	7e-21	0.880222645146438	1.05950101174866	1.10932499043834	1.02308361311304	1.17172499548852	0.0119919984211573
ENSG00000120756	PLS1	9e-06	0.522840788813359	0.418103802326627	0.474422234981431	0.465342581126909	0.700439718141093	0.0119857730178624
ENSG00000121691	CAT	9e-25	4.3115861506659	4.34452952382449	4.56694466566239	4.4748616592069	4.51039303321287	0.0119690907790864
ENSG00000213066	CEP43	4e-12	1.2309731966015	1.14163929831914	1.3002795315826	1.21973062161293	1.01371316765618	0.0119396950788357
ENSG00000206527	HACD2	6e-12	3.3548427173601	3.45666783418882	3.47469837529061	3.44240847079498	3.65354958597857	0.0119264552876043
ENSG00000243417	RPS3AP18	1e-27	1.44698328480637	1.7178567712185	1.56642654928373	1.6337686784958	1.4888962357542	0.011912170031236
ENSG00000174405	LIG4	5e-13	2.44640167018818	2.60257190031453	2.71687417622674	2.67272948343797	2.52708158464066	0.0119073610801205
ENSG00000154359	LONRF1	1e-08	2.66713104230198	2.90587782263545	2.92721057998811	2.79846309088448	2.74585369029841	0.011896073690857
ENSG00000137809	ITGA11	2e-22	0.400537929583729	0.146841388329271	0.144978644312082	0.169212383477273	0.172060745786303	0.0118927294931121
ENSG00000252051	RN7SKP276	2e-11	0.782408564927373	0.505890929729957	0.54908546439256	0.675063155240299	0.609837169360186	0.0118655501645591
ENSG00000276966	H4C5	2e-08	0.634823015247881	0.848840341271103	0.840933514032381	0.630766190334281	0.793549122532574	0.0118542614063076
ENSG00000170629	DPY19L2P2	1e-12	1.44057259138598	1.28376584741788	1.40077045356536	1.2707700546134	1.16884392605198	0.0118493452131972
ENSG00000178718	RPP25	5e-06	1.74176658043003	1.81773095748841	1.83858706267117	2.02689522706306	1.91830046440138	0.0117756628932239
ENSG00000135250	SRPK2	6e-09	3.27356507332596	3.33703498727757	3.51150033878013	3.32811992860163	3.50011453704039	0.011769762280733
ENSG00000140464	PML	4e-13	3.18917288603559	3.1288490584394	3.31268988803202	3.25200407744699	3.40843708814204	0.0117687809676526
ENSG00000083123	BCKDHB	4e-09	3.52425108673211	3.31888764056731	3.3417435522323	3.26980536381123	3.2521870235968	0.0117565470556305
ENSG00000169758	TMEM266	4e-08	0.603016336389023	0.388987066912293	0.371410566878586	0.319416875731313	0.415442693788147	0.011738713052387
ENSG00000179195	ZNF664	1e-17	3.76133203895072	3.99905054617114	3.9903755811116	3.90585603476039	4.02809230702935	0.0117065483054039
ENSG00000182179	UBA7	2e-09	4.77355587478234	4.63410409490851	4.86115291661245	4.73347097386834	4.90905031912695	0.0116765450406119
ENSG00000139083	ETV6	1e-08	3.98405845613098	4.09014028409903	4.07658820402634	4.00387300914721	3.82003550345411	0.0116298282176259
ENSG00000213638	ADAT3	5e-06	1.0703893278914	0.823651154321993	0.909566533556338	0.943197311437618	1.07400058144378	0.0116280600088027
ENSG00000232530	LIF-AS1	4e-14	0.137503523749935	0.137503523749935	0.137503523749935	0.37851162325373	0.137503523749935	0.0116169808052862
ENSG00000241749	RPSAP52	4e-47	0.137503523749935	0.137503523749935	0.37851162325373	0.137503523749935	0.137503523749935	0.0116169808052862
ENSG00000183347	GBP6	2e-18	0.445898462983604	0.20163386116965	0.230368216913471	0.203328159709526	0.347484727633105	0.0115986832477217
ENSG00000178222	RNF212	3e-07	0.450661409009565	0.232007510213169	0.294416531318791	0.25206328801279	0.452858964713811	0.0115978611486022
ENSG00000101849	TBL1X	2e-15	2.39909595540982	2.59756253750079	2.57211562116555	2.48043191724985	2.67655141134018	0.0115651909698086
ENSG00000195401	Y_RNA	9e-14	0.941106310946431	1.0703893278914	0.951090399519053	1.11547721741994	0.84799690655495	0.0115404453378955
ENSG00000114268	PFKFB4	5e-06	4.91163891050668	4.65836183396249	4.70633068198527	4.70163252105393	4.84111375263607	0.0115296208519889
ENSG00000259974	LINC00261	2e-09	0.370562870138239	0.15704371014558	0.147557188413858	0.167007518060018	0.331843563752445	0.0115255448807005
ENSG00000198373	WWP2	2e-08	2.84314454134773	2.85850456437334	2.88212269045958	2.89546941652869	3.10546715095856	0.0115190468718421
ENSG00000166228	PCBD1	3e-08	4.99254932907171	4.97559157334715	5.15277028040324	5.2290255136689	5.07116102892124	0.0115104903605987
ENSG00000111328	CDK2AP1	6e-17	3.56500789434551	3.3445295238245	3.62904652979558	3.53899199662662	3.55355379600185	0.0114998713088106
ENSG00000145416	MARCHF1	9e-06	0.967128060181101	1.01585810044722	1.13959489165551	0.971803108169348	0.841679182798472	0.0114654360516509
ENSG00000186665	C17orf58	7e-07	1.56044622111412	1.62883497733797	1.35949724533509	1.5003086271705	1.42332132522802	0.0114301690490977
ENSG00000156467	UQCRB	9e-09	4.17256488331502	3.97800289772747	3.96897310437938	4.0249906788777	3.88291776992649	0.0113518172884077
ENSG00000141564	RPTOR	5e-09	2.1646307017728	2.23104429158936	2.29090119926674	2.2842084289382	2.45204453111594	0.0113345925058664
ENSG00000187676	B3GLCT	9e-12	0.362391957890453	0.452157980762947	0.589049458244399	0.620712525670358	0.552172565603486	0.0113195382851784
ENSG00000087274	ADD1	3e-08	4.23029761942179	4.34751647114589	4.47469837529061	4.34729988459567	4.48860743682602	0.0113179543240811
ENSG00000175087	PDIK1L	7e-10	2.11791420286577	2.30050911125246	2.34325660432787	2.26819611094957	2.4007835155986	0.0113084537913298
ENSG00000122490	SLC66A2	4e-07	3.43031468602054	3.21150410519371	3.18856254243486	3.23067903252141	3.36504449262866	0.0112939579784124
ENSG00000148053	NTRK2	2e-07	0.979241439833203	1.02931338488848	1.23722521948419	1.17783208329691	1.07354448506125	0.0112915246906387
ENSG00000177548	RABEP2	1e-09	3.01576731585832	2.94584422995309	3.15793814876219	3.0249906788777	3.20022360197535	0.0112668748953826
ENSG00000186470	BTN3A2	9e-13	4.15665264434928	4.10345346723075	4.23331370771379	4.174227703829	4.37991373506087	0.0112226945026975
ENSG00000095002	MSH2	2e-06	3.04871141447323	2.96930320277708	2.99230560821	3.0476809768538	2.7910531097285	0.0111874143225053
ENSG00000132294	EFR3A	4e-08	4.10599482427388	4.28111254265149	4.33947099459638	4.30083225943185	4.38224756416117	0.0111714323577246
ENSG00000162419	GMEB1	1e-10	2.23029761942179	2.32192809488736	2.36725208539685	2.37672056772774	2.52144604997122	0.0111517273931248
ENSG00000197535	MYO5A	5e-12	3.06963418783705	3.26777232484046	3.27195963561328	3.29846912206337	3.34444553144879	0.011149520279142
ENSG00000058668	ATP2B4	8e-11	0.680119733761496	0.520087834616858	0.791758067006586	0.593393175061042	0.711494906650088	0.0111066551625682
ENSG00000198355	PIM3	2e-17	4.91163891050668	5.1318840303434	4.91860953199989	5.02069623040559	4.87410066049085	0.0110026560318959
ENSG00000100354	TNRC6B	2e-11	1.97602113706556	2.01885902725132	1.97288815438276	1.90792441510162	2.18604466680559	0.0109984827509277
ENSG00000164548	TRA2A	1e-14	5.11608684981476	5.06495544184077	5.12048606870781	5.12484395177847	4.87851595097884	0.0109913186854503
ENSG00000170379	TCAF2	8e-06	2.3336124569959	2.60756392965829	2.47055071060087	2.40920842047665	2.3881430892547	0.0109875255219554
ENSG00000207007	RNU6-891P	3e-09	0.82781902461732	0.722466024471091	0.925999418556223	1	0.84799690655495	0.0109833225191933
ENSG00000164465	DCBLD1	6e-06	1.33832253313803	1.20756410718488	1.41465375275686	1.21372355516506	1.42332132522802	0.0109764227293678
ENSG00000133612	AGAP3	5e-08	2.45510136513856	2.18168845075815	2.39960745870924	2.35262489211028	2.39771068154898	0.0109623283214735
ENSG00000077585	GPR137B	4e-08	4.33691112421324	4.09548030885423	4.15535652855486	4.13944132799143	4.29245089381053	0.0109498586185084
ENSG00000008869	HEATR5B	3e-09	2.75430020517148	2.79865085317674	2.82695409950695	2.76233738387452	3.01009587773551	0.0109335416526468
ENSG00000164330	EBF1	2e-19	2.84755645622612	2.81816167701419	3.07658820402634	2.84454548136602	2.90147709942215	0.0109203432057043
ENSG00000107560	RAB11FIP2	2e-08	1.59654201961604	1.82674917285091	1.85055261145871	1.75086003582459	1.68363337877734	0.0109021813875292
ENSG00000155542	SETD9	5e-08	1.20919625420624	1.17967865933831	1.20163386116965	1.26432656448792	0.991056806836698	0.0108863790544069
ENSG00000021826	CPS1	8e-06	0.492435885689605	0.229087073910456	0.303392143449935	0.328325866085513	0.428653769765124	0.0108832345563024
ENSG00000199370	U3	7e-09	0.916476644437716	0.768269714084216	0.647698256069119	0.864485029343519	0.843983844048327	0.010881888948768
ENSG00000133275	CSNK1G2	9e-06	3.99603109779705	3.94189704543643	4.08022219849408	4.0439239563949	4.21688207072818	0.0108077805122984
ENSG00000116299	ELAPOR1	4e-06	0.198328716445979	0.185866545311334	0.202696619995528	0.235683917688838	0.434364857987247	0.0108015869606399
ENSG00000214193	SH3D21	2e-08	2.39488194645244	2.61996895054907	2.55053394658588	2.42084312096005	2.39061822611038	0.0107982114606259
ENSG00000160293	VAV2	1e-09	4.44203207056041	4.38942189738956	4.37688738220915	4.41721734614164	4.63082950947849	0.0107111253383193
ENSG00000167778	SPRYD3	4e-08	3.92787562073785	4.15721394969276	4.09286957477728	4.15083916031141	4.18515383933617	0.0106869862613318
ENSG00000166435	XRRA1	4e-08	1.0552109128637	1.25287453961357	1.18215130377557	1.11045664795538	0.990241033537671	0.0106570204280749
ENSG00000131153	GINS2	3e-11	4.48867884853453	4.26461544165327	4.32269528184556	4.47904136770519	4.46531417537418	0.0106499077092033
ENSG00000149930	TAOK2	1e-13	2.63941028474353	2.673318375142	2.74232735520165	2.76233738387452	2.90580952021819	0.0106135567782409
ENSG00000141458	NPC1	7e-24	2.63431241710385	2.63471553591826	2.72849950134636	2.7714539705515	2.87961766545841	0.0105852447735546
ENSG00000008196	TFAP2B	4e-09	0.415037499278844	0.244418727666447	0.137503523749935	0.330148601692331	0.285128176684411	0.0105794082037751
ENSG00000247271	ZBED5-AS1	7e-06	2.43764919617922	2.2407160264102	2.22677086184702	2.21572869105544	2.17531826021253	0.0105408290421835
ENSG00000250266	LINC01612	9e-09	0.552541023028779	0.359895945086383	0.289506617194985	0.364572432295856	0.321928094887362	0.0104868195711866
ENSG00000164741	DLC1	5e-06	0.363122730240303	0.137503523749935	0.137503523749935	0.159198594849254	0.284096021361624	0.0104578883233678
ENSG00000128512	DOCK4	8e-08	0.307054818405832	0.217417605921155	0.211578622641154	0.359081093304828	0.45494622071548	0.0104213251752036
ENSG00000264775	PPIAP14	2e-08	0.482098809452487	0.37851162325373	0.230612928141416	0.42701014094492	0.471142601163994	0.010415547234524
ENSG00000072310	SREBF1	2e-14	2.68942205291136	2.74075717332858	2.77856649863298	2.82934765039966	2.95680846942186	0.0104103930760281
ENSG00000171988	JMJD1C	3e-13	3.34239219744708	3.47999294111961	3.56305424971145	3.40628502526988	3.58225829179278	0.0103972978959917
ENSG00000264232	LINC01916	2e-09	0.432959407276106	0.214124805352848	0.208586621811417	0.232660756790275	0.180572245641821	0.0103814084038478
ENSG00000167930	FAM234A	2e-21	2.47519893449561	2.21477923722657	2.33689109429334	2.24220090241663	2.30890141459112	0.0103805638013968
ENSG00000231361	RPS29P23	2e-09	0.979241439833203	0.765534746362977	0.7311832415722	0.840692105931717	0.748461233004036	0.0103788128033258
ENSG00000175970	UNC119B	8e-14	3.73418850949563	3.65776033508328	3.86747591449517	3.69685538079205	3.88291776992649	0.0103647450482777
ENSG00000120705	ETF1	6e-09	5.39533403661362	5.5978761327723	5.54344323128289	5.59173345869859	5.39694144930421	0.010332450818662
ENSG00000165355	FBXO33	5e-06	3.53112434909361	3.80409704703925	3.69689355894257	3.73113651536401	3.65097104187679	0.0103166491230962
ENSG00000223883	LINC01707	7e-06	0.539365634281046	0.393796351704673	0.282933963271499	0.309798873169715	0.341811519217911	0.0102968855987579
ENSG00000169375	SIN3A	2e-11	3.16109034406755	3.19169562411353	3.2591923395394	3.23891831842733	3.42211202503911	0.0102570748738498
ENSG00000076201	PTPN23	2e-07	3.09397614820901	3.21150410519371	3.18181307964065	3.18705934822417	3.37132391512494	0.0102015599318956
ENSG00000172020	GAP43	2e-12	0.756728848987636	0.656838070673418	0.741221817730171	0.512001699532038	0.606000490491943	0.0101587072353158
ENSG00000119912	IDE	1e-09	3.20816735005645	3.47999294111961	3.3234620610509	3.37223317673543	3.4007835155986	0.0101380586143216
ENSG00000204536	CCHCR1	8e-10	3.28986688565506	3.21967803663941	3.06929263833582	3.15258470806324	3.051743575094	0.0100931159579539
ENSG00000084731	KIF3C	6e-09	0.676088818833536	0.515484061026422	0.527560189676234	0.600392541290762	0.752123142094099	0.0100737185255074
ENSG00000285533	RELA-DT	1e-16	1.54101915313356	1.36324486660042	1.57520932150951	1.54299023024584	1.63069864685053	0.0100698856591612
ENSG00000244564	PRICKLE2-DT	7e-06	0.458050388238937	0.236067358233525	0.222392421336448	0.222392421336448	0.292781749227846	0.0100579694143166
ENSG00000080298	RFX3	2e-08	1.86724479114823	1.95370634772606	2.06379665058097	1.85744597007383	1.80966878789585	0.0100548117031555
ENSG00000243943	ZNF512	4e-15	3.28173900477166	3.09014028409903	3.23494479329272	3.10289288181995	3.051743575094	0.0100002764252165
ENSG00000181789	COPG1	2e-12	5.56299716922436	5.84059574317305	5.67212437294133	5.66693980288777	5.66285836367112	0.0100002502597744
ENSG00000138101	DTNB	5e-12	2.49502037540836	2.68517296148778	2.63276322152286	2.61058830839665	2.44610750610809	0.00993637370166207
ENSG00000197429	IPP	4e-12	2.58760238259386	2.60507007416973	2.53552356798665	2.54564957669633	2.78165441172625	0.00991821509376757
ENSG00000111252	SH2B3	1e-31	4.05158245032799	3.96833332372147	3.99904044223873	3.97949434456536	3.7887091692602	0.00991713732048308
ENSG00000101187	SLCO4A1	3e-14	2.33140914789825	2.47726830378308	2.39960745870924	2.59269814950076	2.49868115883913	0.00989651724590201
ENSG00000105810	CDK6	4e-08	4.17080549890076	4.35718156038935	4.44329627615147	4.29214843269402	4.31868243538371	0.00988922618470637
ENSG00000065485	PDIA5	4e-16	2.8118774807483	3.02633414781346	2.81173336256818	2.85744597007383	2.77456498693993	0.00988826021022371
ENSG00000164794	KCNV1	3e-06	0.383328639551506	0.20945336562895	0.171611378070199	0.266907414981	0.389042290745899	0.00984514935906305
ENSG00000164068	RNF123	2e-06	1.78682610869293	1.70160741957343	1.82911544079641	1.82716340313778	1.97547768086593	0.00983587434220649
ENSG00000154124	OTULIN	6e-09	3.0902578599629	3.21314260058947	3.22348827785772	3.21405793807092	3.36975661997798	0.00983291403166833
ENSG00000095066	HOOK2	8e-06	1.00711662466266	1.03673467203958	1.23200751021317	1.1325591540212	1.00081027524786	0.00982665081860564
ENSG00000258704	SRP54-AS1	4e-08	1.32129380380619	1.34183597354139	1.31392507221783	1.3019337335854	1.10051899407579	0.0098225771649797
ENSG00000148834	GSTO1	1e-23	6.06372101027912	5.85614700499841	5.97239935375437	6.03377821390928	6.11298120461587	0.00977923732426077
ENSG00000174326	SLC16A11	9e-24	0.652076696579693	0.42809365210429	0.503631422547832	0.444854118082426	0.606302870967444	0.00975240675326149
ENSG00000147889	CDKN2A	6e-65	1.43119679857685	1.33342373372519	1.49743570880519	1.5724985351551	1.55879044436799	0.00973135353940137
ENSG00000078674	PCM1	2e-12	4.4110685970759	4.40599235967584	4.33795396497091	4.31102802653774	4.16812275880833	0.00973106343651692
ENSG00000120647	CCDC77	3e-08	2.78682610869293	2.79865085317674	2.82911544079641	2.90171035650284	2.63279102581177	0.00970215740639665
ENSG00000175183	CSRP2	3e-06	0.523270178314914	0.373781471341333	0.645083493158727	0.524775494646067	0.469764848274654	0.00969520236168181
ENSG00000103227	LMF1	5e-11	0.497829908995182	0.594045605483595	0.750104705793371	0.692542387920971	0.677058420672722	0.0096385981037021
ENSG00000171634	BPTF	1e-19	3.27520356872172	3.47453851102751	3.37466955695934	3.30161911248702	3.4914928278696	0.00961525868550521
ENSG00000146535	GNA12	3e-08	3.88022264514644	3.65896308216493	3.76846590866401	3.68363609176008	3.85069605615591	0.00960957706076666
ENSG00000115596	WNT6	1e-09	0.667167128773765	0.637797908129311	0.697630681861174	0.88318633501725	0.76776629366156	0.0095966990569173
ENSG00000004534	RBM6	1e-14	4.22606807947985	4.37265889700829	4.40902976576634	4.37373052512193	4.19403745755912	0.00953904698232383
ENSG00000108479	GALK1	3e-08	3.01125183473582	2.8138486841431	2.82565573880055	3.00580562168121	2.85943357903463	0.00952884557017121
ENSG00000162702	ZNF281	5e-09	3.13786379221001	3.1288490584394	3.11074706550754	3.07001992703395	3.32192809488736	0.00950404775146353
ENSG00000271615	ACTG1P22	7e-10	0.315122916982248	0.51564144021725	0.274089594342789	0.441598325549979	0.410376121908981	0.00947395483443959
ENSG00000183955	KMT5A	1e-08	2.52287249604825	2.58242923397563	2.63276322152286	2.582374706232	2.77929513885233	0.00944970105843598
ENSG00000129003	VPS13C	1e-08	3.08091999538357	3.23104429158936	3.2783011624871	3.08289300834835	3.26066850035189	0.00944845193048759
ENSG00000038532	CLEC16A	2e-16	2.65962350563304	2.69458699189565	2.90073836862692	2.69685538079205	2.78165441172625	0.0094330492788648
ENSG00000213341	CHUK	1e-09	2.73299669196326	2.92999027875226	2.94126617520953	2.98440314494898	2.89713162914619	0.00939603517910991
ENSG00000135845	PIGC	2e-10	2.32825571485937	2.13058410981014	2.32499439793515	2.22239242133645	2.13529136634095	0.00939371301914982
ENSG00000163694	RBM47	7e-06	2.71620703399941	2.83315641524405	2.89249437453201	2.93657461985837	2.95680846942186	0.00936001181442016
ENSG00000163636	PSMD6	7e-15	3.6317567122001	3.70510486380965	3.73081336718461	3.76004920727925	3.51862000589246	0.00935381386556384
ENSG00000168071	CCDC88B	3e-08	3.72342654051249	3.74416109557041	3.96209609763197	3.83588062023889	3.8652293332853	0.00934437747963774
ENSG00000247809	NR2F2-AS1	2e-08	0.407424315168969	0.172836596862216	0.210566985939658	0.244887059123534	0.340110628852435	0.00931780509223044
ENSG00000223442	TH2LCRR	2e-14	0.711123636210752	0.733825886635639	0.897446421868558	0.690895945470221	0.643856189774725	0.00930293454668257
ENSG00000135469	COQ10A	4e-13	1.45567948377619	1.31034012061215	1.39960745870924	1.45971364288624	1.57411511848416	0.00926613035568777
ENSG00000152601	MBNL1	1e-09	5.4431257118314	5.53801530594867	5.63832036743438	5.59462559807188	5.69356526482645	0.00924945416693773
ENSG00000181274	FRAT2	8e-16	1.72582503656101	1.70114045240933	1.86747591449517	1.92436556216315	1.76123745529294	0.00917945432125516
ENSG00000178385	PLEKHM3	1e-10	0.840048153439459	0.863938450423972	0.905662247266209	0.879537138494019	1.07962260766944	0.00916570139565969
ENSG00000223891	OSER1-DT	3e-08	1.26830934787447	1.29804085566171	1.39377837990704	1.25915097134657	1.12715097775202	0.00915780789590036
ENSG00000115761	NOL10	3e-06	3.58231777946559	3.7155466105313	3.70868034869502	3.75661012331248	3.53549382445686	0.00908116703572937
ENSG00000175354	PTPN2	3e-16	2.8073549220576	2.9595749458152	2.82911544079641	2.82934765039966	2.69168471486534	0.00905450408354544
ENSG00000139044	B4GALNT3	3e-08	0.608283574955776	0.510961919277379	0.599912842187128	0.609684930132388	0.773468927905194	0.00902202870564755
ENSG00000060749	QSER1	1e-13	2.37484840916315	2.48542682717024	2.61533614976467	2.50250034052918	2.58766165032211	0.00900082867868866
ENSG00000104613	INTS10	4e-20	2.68449817427207	2.89978620890857	2.87377132102665	2.90585603476039	2.89930600038053	0.00898765829652522
ENSG00000158717	RNF166	7e-23	1.94753258010586	2.01885902725132	2.1135870172925	2.09019780897158	2.1966919110051	0.00897884492423854
ENSG00000273802	H2BC8	2e-08	1.32762420027678	1.50428585442156	1.57056627964465	1.54352249184232	1.48194905519872	0.00897328176155045
ENSG00000164815	ORC5	5e-07	3.19783774716272	3.25032335408424	3.28618907191742	3.32502733354625	3.08077262370553	0.0089710652505552
ENSG00000163634	THOC7	3e-08	5.88961260417668	5.79646660591487	5.81282589956919	5.81039887551249	5.63213748331322	0.00895188704964668
ENSG00000266028	SRGAP2	4e-11	0.826702128191722	0.816438026820043	0.829979071496188	0.892129843183561	1.04154226224318	0.00890417300265464
ENSG00000281649	EBLN3P	1e-09	4.41850135458241	4.55813871264545	4.58240226040259	4.43668915689875	4.63474987884983	0.00889324677470282
ENSG00000107175	CREB3	7e-09	4.33140914789825	4.55426570349824	4.41767299705565	4.44525964769311	4.55009823736563	0.00888696015397474
ENSG00000183826	BTBD9	3e-07	1.15825178921009	1.23169109502583	1.26047416551523	1.1730242401012	1.39463128861701	0.00887556588440932
ENSG00000196295	GARS1-DT	9e-06	1.15967176475867	1.2232599469434	1.3565034799095	1.17646004796679	1.10847747034162	0.00886810697307459
ENSG00000007047	MARK4	3e-08	2.39909595540982	2.41028396930821	2.39960745870924	2.34348423825381	2.59035575949137	0.00886403643619801
ENSG00000126432	PRDX5	3e-08	7.71220573170571	7.53801530594867	7.50585377563899	7.49185309632967	7.63319933958375	0.0088168857079328
ENSG00000125510	OPRL1	3e-12	0.420575682820274	0.289929632896854	0.481035058053084	0.393941663823336	0.538364912018497	0.00880486600022068
ENSG00000253958	CLDN23	2e-09	0.329123596291566	0.323871991486272	0.306888695423221	0.362376934590138	0.53545340094179	0.00880068656399223
ENSG00000147408	CSGALNACT1	4e-20	0.271302021817394	0.245756414401958	0.469125014841142	0.358709615736673	0.260360271535468	0.00879292129549363
ENSG00000109670	FBXW7	4e-13	3.53386451143852	3.72706059854834	3.72502172937485	3.56936564567014	3.56729385262815	0.00878760607521093
ENSG00000165895	ARHGAP42	5e-19	0.375987221838183	0.529229152560916	0.494170460242218	0.59218372801523	0.611729410283942	0.00877865499797772
ENSG00000056972	TRAF3IP2	8e-24	2.9679387907677	3.02819689183065	3.17333160288556	3.04955582447423	3.18069143231138	0.00875441519873417
ENSG00000256211	SKP1P2	8e-06	1.2208061704445	1.15397595816437	1.3144626446408	1.19195130777231	1.05863135701523	0.00874463334922936
ENSG00000119866	BCL11A	6e-09	0.833783047335249	0.896934629472148	0.976792608838674	0.800691191776593	0.731587414439639	0.00874356507378955
ENSG00000207632	MIR588	1e-24	1.11547721741994	1.05889368905357	0.925999418556223	1	0.887525270741587	0.00872520045220339
ENSG00000161395	PGAP3	3e-08	1.99205124688451	2.07760281812397	2.24307267417612	2.15432814639129	2.13897641314881	0.00871163454037374
ENSG00000183196	CHST6	3e-06	0.504255088413327	0.543886557718241	0.345569163587281	0.335480686546841	0.415456826426365	0.00868805218619506
ENSG00000151702	FLI1	6e-06	3.4110685970759	3.44555944405574	3.37614848588525	3.53364372343618	3.60375135286042	0.00868423173396594
ENSG00000185619	PCGF3	2e-19	3.13425705272928	3.11489301209068	3.21855035504205	3.12083708132195	2.96097811117082	0.00868011112742612
ENSG00000163412	EIF4E3	3e-08	0.183962834842595	0.416200494134963	0.212408332763826	0.247391428081293	0.213753503062575	0.0086511906776001
ENSG00000131446	MGAT1	5e-08	3.62277592260673	3.72476514056068	3.72965689815203	3.76233738387452	3.88181857365169	0.00865020839990488
ENSG00000166166	TRMT61A	9e-11	2.47519893449561	2.48813611442823	2.60729883069926	2.6407502789069	2.42211202503911	0.00864545378770388
ENSG00000167491	GATAD2A	9e-06	4.0029695277192	4.0066287384659	4.08294169984767	4.15780871512626	4.21339097394686	0.00859012215759744
ENSG00000141034	GID4	2e-09	2.28336824835632	2.35792235375139	2.31268988803202	2.29689154395004	2.51010850603694	0.00858143145705686
ENSG00000138182	KIF20B	9e-09	3.2554177266157	3.51495277947341	3.36427438559696	3.37672056772774	3.385353475029	0.00850438794255718
ENSG00000247774	PCED1B-AS1	9e-06	2.19125720381815	2.16756075760611	2.2591923395394	2.26174108881227	2.40384981864639	0.00847831387962066
ENSG00000090266	NDUFB2	7e-08	3.81526012014295	3.62120360620071	3.72734117527781	3.75316282169401	3.59572893159023	0.0084769517863344
ENSG00000252994	RNU6-1231P	2e-12	0.765534746362977	0.887525270741587	0.84799690655495	1	0.793549122532574	0.00845882477375248
ENSG00000105329	TGFB1	6e-23	5.79255792012952	5.71699089440494	5.83235139364667	5.91565453740449	5.9429098184095	0.00843862219297612
ENSG00000011454	RABGAP1	7e-09	2.71861755259009	2.82246181444781	2.84629058460455	2.78276928377933	2.96721006488233	0.00843839784959254
ENSG00000166135	HIF1AN	1e-12	2.9205655325056	2.92399984090987	2.99808024583663	2.93454693851138	3.13713506632464	0.00842793068477791
ENSG00000048405	ZNF800	9e-47	2.75430020517148	2.97510882445829	2.93525910876166	2.90792441510162	2.97753720304423	0.00842129654694287
ENSG00000122971	ACADS	8e-14	3.33140914789825	3.28501277492929	3.44400157806769	3.44240847079498	3.2419429921	0.00840385952844159
ENSG00000112701	SENP6	9e-12	3.28499565410237	3.34900762894365	3.42269107182228	3.34348423825381	3.17711154203558	0.00836941906856045
ENSG00000037042	TUBG2	1e-10	2.3687223063663	2.23104429158936	2.13889810582169	2.21572869105544	2.32516646895391	0.00836192484066187
ENSG00000144736	SHQ1	3e-11	2.78912156668059	2.85220915784186	2.6228306863116	2.68484286309007	2.69168471486534	0.00835139720163203
ENSG00000155096	AZIN1	2e-08	5.38512758343189	5.60569394230524	5.58304274655779	5.54332291675507	5.59572893159023	0.00830930696448955
ENSG00000121716	PILRB	9e-09	0.762734302182022	0.788575820295402	0.950031540725915	0.806458559779071	0.704175659048537	0.00830601007287353
ENSG00000111445	RFC5	1e-14	3.8661580151715	3.96055072876812	3.87795304871062	3.93758739283144	4.09412217736455	0.00830492159062541
ENSG00000106829	TLE4	8e-06	1.83294564043148	1.65559286027979	1.78526115120699	1.75086003582459	1.89887138822454	0.00829421477735583
ENSG00000232818	RPS2P32	5e-08	1.55721751023825	1.34960366078063	1.3237686586593	1.40218229437727	1.39030906613044	0.00826512056869136
ENSG00000184076	UQCR10	6e-09	6.50378206297748	6.35384327496412	6.39195195221547	6.40353895177873	6.2521870235968	0.00825840920103707
ENSG00000153814	JAZF1	3e-12	0.388452713687883	0.301262458944673	0.424805275527665	0.454062656260907	0.549557164589957	0.00824910879465001
ENSG00000147905	ZCCHC7	8e-09	4.43838060052486	4.29973823490984	4.51955261107487	4.3172667175175	4.37445340667938	0.00820087517199235
ENSG00000104763	ASAH1	2e-09	3.12156197988091	3.06132144737303	3.24145075715213	3.19216021991703	3.02211840598472	0.00817140317346091
ENSG00000131196	NFATC1	1e-08	2.12083316196145	2.23104429158936	2.17673017934743	2.14383577257365	2.34763380907984	0.00816054098887464
ENSG00000140382	HMG20A	2e-26	3.55694812455156	3.53866884844722	3.61408326645459	3.48736463141173	3.72393891386997	0.00815320318687351
ENSG00000153495	TEX29	3e-08	0.519374159093579	0.652076696579693	0.732367882427778	0.605947525850492	0.522643724325015	0.00813576245724102
ENSG00000110092	CCND1	5e-09	2.21774203823236	2.1201423630885	2.11571331840089	2.09310940439148	2.30726477795402	0.00811568943265365
ENSG00000188352	FOCAD	6e-10	3.88987999274957	3.8138486841431	4.00956063830809	3.85423164633595	4.00908946329575	0.00808735474944233
ENSG00000164758	MED30	1e-09	3.84093351403238	3.70160741957343	3.86537132617025	3.88080136673986	3.94527942481283	0.00807862131656101
ENSG00000144642	RBMS3	4e-09	0.432345102373961	0.315641832039931	0.363963314684574	0.261567506835135	0.199787802004277	0.00807399971261556
ENSG00000182247	UBE2E2	3e-37	3.84093351403238	3.65414606586716	3.86957743714046	3.73696559416621	3.83601488403856	0.00807063355584073
ENSG00000165630	PRPF18	1e-10	2.76133203895072	2.90587782263545	2.8945597936978	2.87869370377787	2.70666092243813	0.00805566267372635
ENSG00000242498	ARPIN	2e-24	0.146520397107369	0.137503523749935	0.137503523749935	0.154509949055625	0.343954401217361	0.00804590970009416
ENSG00000135956	TMEM127	3e-08	3.42884329880387	3.50962917549587	3.50475560914679	3.52153712057952	3.67401368853828	0.00801782703037026
ENSG00000145247	OCIAD2	1e-10	4.14146153731862	4.06767494319436	4.2567858418323	4.27622448470551	4.1251086834209	0.0080139911274767
ENSG00000009335	UBE3C	2e-12	3.78797429422181	3.90992465569815	3.90893552159354	3.91308242932279	4.04095151834321	0.00800639717038427
ENSG00000106367	AP1S1	4e-08	5.17826810969672	4.94928917966647	5.11916188776043	5.1486542514569	5.07549417263189	0.00800121468291248
ENSG00000043143	JADE2	2e-08	3.4110685970759	3.49084032335661	3.44822616392942	3.47625624127866	3.64450444637556	0.00798727852173545
ENSG00000130429	ARPC1B	1e-08	2.53659947915976	2.34303372789901	2.50069358382355	2.48598075117048	2.57954900453479	0.00797917356532568
ENSG00000103510	KAT8	4e-08	3.14325705098023	3.14782081473545	3.19192546946083	3.21238524798107	3.36189450220501	0.00792864537994715
ENSG00000220875	H3C9P	9e-13	0.683785556307031	0.561413427032731	0.536052900240209	0.54109100228524	0.435013066044081	0.00787847654997223
ENSG00000229108	LINC02587	2e-09	0.20163386116965	0.222392421336448	0.137503523749935	0.222392421336448	0.37851162325373	0.0078751921422876
ENSG00000172687	ZNF738	2e-13	2.51734492207981	2.48271244247321	2.55393560510053	2.4748616592069	2.32192809488736	0.00784928398165186
ENSG00000055483	USP36	1e-12	3.03523718005654	3.26461544165327	3.2152489919518	3.19216021991703	3.12789291401979	0.00784514411093851
ENSG00000164970	FAM219A	5e-07	0.940115108543381	1.1368130738488	1.07330976419411	1.16474476233663	1.11672360630168	0.00779237684784656
ENSG00000139746	RBM26	2e-08	3.79826704922964	3.9369478294647	3.90791342091963	3.87129254039596	3.71902342345585	0.00778590124098635
ENSG00000238554	RNU1-88P	3e-09	0.963474123974886	0.790281408698663	0.821029858954681	0.99397621237223	0.906890595608518	0.00776596564778528
ENSG00000213918	DNASE1	7e-10	1.15255786947222	1.07255716457411	1.15207983050211	1.02841705741608	1.25762090964743	0.00771680624216119
ENSG00000108784	NAGLU	3e-16	3.13064127379178	2.92999027875226	3.07111999138683	3.02308361311304	3.14631838848998	0.00770744726727956
ENSG00000169862	CTNND2	2e-20	0.367731784500487	0.166072675946706	0.202661787854312	0.144771524213974	0.229481846122767	0.00768992424047274
ENSG00000173926	MARCHF3	1e-07	1.48768987867881	1.40856885710991	1.6183386379262	1.41968386413521	1.54274496499953	0.00767187021133012
ENSG00000196810	CTBP1-DT	9e-42	1.43413328451002	1.42449782852791	1.54344323128289	1.49921152062265	1.63800873508279	0.00766613399784312
ENSG00000108515	ENO3	4e-08	2.07716786052246	1.86477261930578	2.02283997635811	1.92027280752927	1.91228385437874	0.0076497715971322
ENSG00000140463	BBS4	9e-06	2.36257007938471	2.35495689527483	2.43693299439806	2.30633123983634	2.20022360197535	0.00762404511601496
ENSG00000166272	WBP1L	2e-12	2.78682610869293	2.79646660591487	2.84629058460455	2.80069119177659	2.99594178342565	0.00762193854626352
ENSG00000204120	GIGYF2	2e-10	3.23198596957456	3.37265889700829	3.30649805431776	3.29846912206337	3.46237589525284	0.00759993828177341
ENSG00000148660	CAMK2G	3e-09	2.20645087746743	2.10256973364055	2.21690061782296	2.21572869105544	2.34763380907984	0.00756717948907924
ENSG00000103966	EHD4	5e-06	4.60399309560232	4.64628394809419	4.81827620843495	4.66480089213143	4.75428700473924	0.00756187731120635
ENSG00000137310	TCF19	2e-32	5.03475362213652	5.00804522855602	4.85745166287401	5.02308361311304	5.09032060720469	0.00756148582504931
ENSG00000108179	PPIF	2e-06	5.84590356884934	5.83075703275105	5.74547765827969	5.96367299295871	5.75968250463613	0.00755162020176668
ENSG00000278259	MYO19	6e-09	2.28662122615141	2.38142910663602	2.47331714489225	2.49976017818427	2.46090450803617	0.00753859198283851
ENSG00000277506	RN7SL802P	2e-08	0.37851162325373	0.263034405833794	0.432959407276106	0.450661409009565	0.485426827170242	0.00753738070802527
ENSG00000129084	PSMA1	7e-14	4.03426990208475	4.08388517037562	4.14237867455665	4.17594519812814	3.9578520101841	0.00752915507251206
ENSG00000235016	SEMA3F-AS1	4e-08	0.755239765635097	0.743027346953407	0.86241973511114	0.836749451966982	0.64280657529344	0.00752535307438969
ENSG00000163257	DCAF16	4e-08	3.52287249604825	3.50294692621326	3.56823914313003	3.50113090991769	3.33964986484714	0.00751316964680864
ENSG00000103351	CLUAP1	1e-08	1.22759214269664	1.16485401189489	1.29591056208048	1.22305710461975	1.06420081420539	0.00751238061815201
ENSG00000161057	PSMC2	2e-12	4.91427012597412	5.06948510032128	5.03973575224721	5.09701263052789	4.91551015846104	0.00751182649716499
ENSG00000144741	SLC25A26	9e-10	2.28662122615141	2.33703498727757	2.33110752166176	2.33735813545697	2.13529136634095	0.0074972641067832
ENSG00000254093	PINX1	6e-10	2.69921967997884	2.72706059854834	2.7215355535966	2.86385321246697	2.6249289080388	0.00748710222832915
ENSG00000177051	FBXO46	4e-10	3.94135400517674	3.75094494055069	3.75602392998189	3.78051330983896	3.88949541828515	0.00747748391640659
ENSG00000101577	LPIN2	9e-06	3.54748779530249	3.58622746795773	3.57726810893116	3.41503749927884	3.64838788086279	0.00745954615880996
ENSG00000213343	RPL21P18	2e-13	0.41903942983634	0.254421275529086	0.237039197300849	0.407805930047768	0.286881147788162	0.00744830783001597
ENSG00000011198	ABHD5	4e-08	1.45510136513856	1.53343220008107	1.51687351087899	1.58960886557752	1.68413790581199	0.00744236445437371
ENSG00000174132	FAM174A	1e-11	2.64955229516415	2.71323274469305	2.72849950134636	2.72293603426215	2.5242665690336	0.00743082949020187
ENSG00000146733	PSPH	2e-08	3.53523264339585	3.45528395394756	3.45103569751624	3.52153712057952	3.6638179214324	0.00742935784196623
ENSG00000152128	TMEM163	7e-08	0.327804661224032	0.483028331121725	0.404695555057385	0.54860102501995	0.389566811762725	0.007398629824637
ENSG00000103657	HERC1	1e-13	3.32351260360335	3.36530944127275	3.3627832277992	3.19893344851246	3.43115716464212	0.0073934675053741
ENSG00000164187	LMBRD2	3e-08	2.17870588698452	2.27876733209839	2.30959729297664	2.24220090241663	2.409962942373	0.00734579065624433
ENSG00000167740	CYB5D2	2e-08	2.68449817427207	2.51760723291939	2.45663840374562	2.50796510100599	2.53828703934854	0.00733862279936371
ENSG00000157764	BRAF	2e-10	1.74487079225155	1.92999027875226	1.94126617520953	1.8488584742371	1.9421190839195	0.00733273863651721
ENSG00000174579	MSL2	5e-08	3.55425149752179	3.65414606586716	3.66941282252047	3.65313400336274	3.79456189550564	0.00733238676706942
ENSG00000272168	CASC15	2e-21	0.32883646422954	0.137503523749935	0.137503523749935	0.137503523749935	0.137503523749935	0.00732165882251439
ENSG00000204217	BMPR2	6e-11	2.9679387907677	3.05767827614184	3.04346364848396	2.88920136159626	3.10734933653654	0.00729562881358362
ENSG00000164687	FABP5	6e-06	2.22657627946428	2.22130728022407	2.24954216950568	2.38861915097431	2.15726176617656	0.00729471032338411
ENSG00000165476	REEP3	8e-09	3.09397614820901	3.11664491885227	3.15277028040325	3.04580368961312	3.27245941862306	0.00729446637100152
ENSG00000126602	TRAP1	7e-10	5.27356507332596	5.19169562411353	5.13147389821778	5.25159693901028	5.06681483136881	0.00728427867924177
ENSG00000196591	HDAC2	8e-06	3.36564947231668	3.31888764056731	3.3597962804778	3.37821326836881	3.17172499548852	0.00725913860025543
ENSG00000123415	SMUG1	1e-08	2.42589601475354	2.30358850418443	2.3791018032746	2.36773178450049	2.53269519110418	0.00725887957451881
ENSG00000128245	YWHAH	1e-08	5.85798099512757	5.77859592907618	5.86589776114814	5.99684550618052	5.94974475667893	0.00725055622157966
ENSG00000119772	DNMT3A	9e-11	2.88881014098316	3.00568363850358	3.06746296777874	2.87658295718206	3.02411245611681	0.00724675792868026
ENSG00000198909	MAP3K3	3e-08	2.93514885565003	2.92599941855622	3.00956063830809	2.96863582909066	3.13529136634095	0.00723299060039557
ENSG00000004059	ARF5	5e-24	5.56801873726276	5.38397707381433	5.45348955919062	5.49323135775849	5.59270898505943	0.00721928896827811
ENSG00000198663	C6orf89	5e-08	3.33298328339636	3.43717165856302	3.36725208539685	3.34958443779023	3.53968162142029	0.0072139479954107
ENSG00000089041	P2RX7	2e-13	2.11066020112216	2.23943020186796	2.29090119926674	2.14979081701164	2.09450178400821	0.00720456533531252
ENSG00000169372	CRADD	4e-08	1.20370026645139	1.24968485217477	1.28209274164948	1.24809079735988	1.42513337701435	0.00720294658754344
ENSG00000221387	RNU6ATAC8P	2e-06	0.881011963782913	0.765534746362977	0.84799690655495	0.944858445807539	0.736965594166206	0.00719767264987281
ENSG00000099365	STX1B	5e-10	0.719099173372692	0.582936243308172	0.487641248235684	0.559925949783832	0.614908320951449	0.00716914169629736
ENSG00000139146	SINHCAF	4e-32	3.66713104230198	3.73962074551016	3.6957095662287	3.67516030969273	3.87299472326468	0.00716892624059587
ENSG00000173511	VEGFB	3e-11	5.51734492207981	5.49656999230461	5.36539174337133	5.33850876295985	5.5004726591822	0.00715982897232068
ENSG00000151414	NEK7	2e-09	3.57568468713315	3.72476514056068	3.80406234921525	3.67637418863762	3.73493791281922	0.00715633422047613
ENSG00000127419	TMEM175	7e-06	2.14325705098023	2.0990293759353	2.18350340794285	2.01504629404762	1.9832882728959	0.00713306795673305
ENSG00000129968	ABHD17A	2e-09	1.34020226635625	1.36501468286108	1.43466371348836	1.41910388622151	1.55768957057105	0.00712742587513774
ENSG00000125821	DTD1	4e-10	2.46948528330122	2.36383504662129	2.43976458518122	2.44098076653113	2.26235882865409	0.00705767130372468
ENSG00000138081	FBXO11	1e-08	2.37484840916315	2.58242923397563	2.55654681855707	2.48320900192042	2.55217256560349	0.00704367738689371
ENSG00000227117	HORMAD2-AS1	3e-14	0.419838485542665	0.197301440373617	0.271847475640103	0.242424126158508	0.268141296266882	0.00700321315312164
ENSG00000227624	SNRPEP3	4e-12	0.459431618637297	0.356143810225275	0.350497247084133	0.552541023028779	0.450661409009565	0.00700263371362149
ENSG00000067208	EVI5	1e-10	0.689913517757154	0.687532234361704	0.580863932507535	0.506327845251434	0.688167782848145	0.00699766489875875
ENSG00000133863	TEX15	3e-12	0.422233000683048	0.257559275767643	0.249798578677099	0.300394933337721	0.413137966363362	0.00699144444952594
ENSG00000172954	LCLAT1	4e-22	1.39909595540982	1.45805038823894	1.47276428225245	1.43180984941378	1.61649515342038	0.00698447781333248
ENSG00000185950	IRS2	9e-08	0.471433555090742	0.275471509072016	0.299053628634776	0.310862930924409	0.409510739747937	0.00697900652978349
ENSG00000219545	UMAD1	8e-06	2.09953567355091	2.18168845075815	2.29090119926674	2.20567502639151	2.30234369856896	0.00697831165269946
ENSG00000138778	CENPE	2e-10	3.24709286196477	3.37997110242816	3.30183667694789	3.2842084289382	3.15180045350639	0.00694012695139988
ENSG00000133131	MORC4	1e-09	0.308549065086162	0.194647430853543	0.187798640204216	0.306794791362207	0.382377713215966	0.00693042335948888
ENSG00000124641	MED20	1e-08	2.77760757866355	2.75657387879136	2.81827620843495	2.82278496262721	2.96928141490203	0.00692979511480222
ENSG00000262919	CCNQ	2e-09	3.14505033280328	3.12711191790334	3.16479996926445	3.33120590847537	3.15362318911321	0.00692841500140236
ENSG00000143919	CAMKMT	2e-08	1.67708070270959	1.77444029958487	1.74003189721399	1.70876870233555	1.55768957057105	0.00691143533040802
ENSG00000153147	SMARCA5	3e-08	5.03716979259054	5.13750352374993	5.13846244371936	5.10289288181995	4.94264628839856	0.00690187827181257
ENSG00000133112	TPT1	1e-06	8.53463424530199	8.40581326526298	8.38204908732493	8.38421510427467	8.30583119627793	0.00689196774854017
ENSG00000112874	NUDT12	3e-18	1.8906235585672	1.8200159675133	2.03337613720504	1.85809032747887	1.85697450267421	0.00688682248750725
ENSG00000100485	SOS2	2e-09	2.88666805441162	2.97703885155669	2.98068652494317	2.84454548136602	3.05369712317975	0.00688665022498134
ENSG00000134758	RNF138	6e-23	3.9005351005687	4.0075732197048	4.09915192702893	4.08197730216661	3.96097811117082	0.00688009696818522
ENSG00000158636	EMSY	4e-10	1.78682610869293	1.9179844254921	1.86326366320826	1.87023212502967	2.01210660285665	0.00686089221579629
ENSG00000133624	ZNF767P	5e-08	2.13606154957603	2.154658244789	2.28146150338043	2.10108612511431	2.06342538014163	0.00683760554433511
ENSG00000206120	EGFEM1P	1e-10	0.482848283068465	0.294183104404458	0.356143810225276	0.35434957257974	0.270623560845476	0.00677704934167645
ENSG00000162631	NTNG1	1e-08	0.420050818318218	0.406305206915681	0.221567788538409	0.294061301454418	0.329659137721261	0.00672179761694617
ENSG00000149600	COMMD7	9e-06	3.22691498002714	3.13577677903047	3.28303908149377	3.30161911248702	3.34922530956212	0.00668694676903493
ENSG00000231208	ZBTB46-AS1	1e-08	0.321928094887362	0.137503523749935	0.137503523749935	0.222392421336448	0.137503523749935	0.00667814962136333
ENSG00000204520	MICA	2e-11	2.62919647188153	2.64203268621506	2.60275808368521	2.68000970935413	2.46678107437284	0.00667231954344377
ENSG00000167772	ANGPTL4	3e-17	0.605671397553265	0.766437276915332	0.642573223891251	0.592680413881993	0.553330891672046	0.006653283036484
ENSG00000221988	PPT2	2e-18	0.916791586052405	0.82674917285091	0.978351436695236	0.955896717259987	0.791053109728503	0.00664657316534198
ENSG00000121542	SEC22A	4e-16	2.21330454850849	2.26619474672712	2.23331370771379	2.2487437482834	2.06342538014163	0.00664307925887336
ENSG00000179588	ZFPM1	2e-10	0.969558886435864	1.02558837625853	1.0299372841541	1.0607540310791	1.18818041114958	0.00664082638372647
ENSG00000175220	ARHGAP1	2e-11	3.70895121799661	3.65776033508328	3.71804093329873	3.70520502401248	3.87188793760174	0.00663088860773453
ENSG00000181220	ZNF746	5e-08	1.73061009912638	1.76106126978367	1.81173336256818	1.82278496262721	1.9421190839195	0.00656315638906404
ENSG00000145632	PLK2	4e-06	0.621889069719514	0.605070074169731	0.801202695076009	0.709717531729103	0.731380749278839	0.0065612968853665
ENSG00000171448	ZBTB26	2e-12	2.41404629687579	2.41882907844122	2.55654681855707	2.35262489211028	2.36661691244741	0.00651399938056981
ENSG00000157895	C12orf43	4e-12	2.08091999538357	2.13750352374994	2.1801207685482	2.24220090241663	2.28248978376033	0.00647198690703648
ENSG00000259330	INAFM2	2e-20	1.91427012597412	1.79208816540429	2.00765357254344	1.85744597007383	1.92514600531579	0.0064696881218269
ENSG00000115271	GCA	3e-14	3.59811386837246	3.60507007416973	3.65973026912313	3.67516030969273	3.47117284349	0.00645634346258939
ENSG00000200408	RNA5SP74	3e-09	0.84799690655495	0.879705766282288	1.02856915219677	0.887525270741587	0.821029858954681	0.00644766949267981
ENSG00000189067	LITAF	8e-06	6.25832011738803	6.16760301023951	6.07408451239067	6.05889368905357	6.14746220448654	0.00643306177976066
ENSG00000137764	MAP2K5	3e-08	2.47519893449561	2.36678233067162	2.3553042320924	2.27782481214735	2.45500390659649	0.00643285167011967
ENSG00000036448	MYOM2	2e-06	0.307428525192247	0.424234659056022	0.525628361338754	0.421988289455103	0.466216223204407	0.00639338357896653
ENSG00000135749	PCNX2	4e-07	0.651067466009758	0.795591980219157	0.840302514764949	0.749015157004271	0.844390167074216	0.00638304171687647
ENSG00000233827	CCNQP1	2e-09	0.321928094887362	0.180572245641821	0.137503523749935	0.137503523749935	0.137503523749935	0.0063791743924901
ENSG00000140262	TCF12	2e-12	3.44785526732968	3.59756253750079	3.6228306863116	3.50386847248652	3.62624223998283	0.00636833118199135
ENSG00000218208	RPS27AP11	5e-06	1.17791779219584	0.972105993864338	1.07496205768122	1.03126830179773	1.00439176911716	0.00636546555445797
ENSG00000070444	MNT	3e-07	1.37301330816411	1.38550369691205	1.4042538235656	1.41445565009133	1.56866068839206	0.00633882496911892
ENSG00000142186	SCYL1	4e-17	4.30197348851172	4.51362371900089	4.41982573812789	4.47276725519878	4.43415965280364	0.00633046637721728
ENSG00000058866	DGKG	6e-06	0.541695046816987	0.512293433022924	0.42383561376322	0.444784842672896	0.622298651994129	0.00632323868419369
ENSG00000129933	MAU2	8e-26	2.58496250072116	2.6273610847791	2.68858513179531	2.63326869753745	2.7910531097285	0.00631879976787506
ENSG00000173253	DMRT2	1e-09	0.326360341202623	0.222392421336448	0.137503523749935	0.137503523749935	0.242856523896164	0.00630727747514349
ENSG00000157538	VPS26C	2e-06	3.4110685970759	3.46494335424632	3.54080817111492	3.44525964769311	3.60774589636544	0.0063066639852706
ENSG00000200355	SNORA72	4e-08	0.765534746362977	0.799087306074004	0.925999418556223	0.881011963782913	0.948600847493356	0.00629992280963798
ENSG00000120656	TAF12	4e-06	3.62277592260673	3.70043971814109	3.72037162046296	3.83261783322989	3.77693200148385	0.00629864572870886
ENSG00000147874	HAUS6	2e-13	2.34707374306154	2.49084032335661	2.47883414985981	2.46926981096255	2.32516646895391	0.00629848546149519
ENSG00000198176	TFDP1	3e-08	6.08886102747597	5.99952535119135	6.03342300153745	6.09088074154807	6.20813843765621	0.00629379691469612
ENSG00000276778	LINC02227	2e-19	0.991253957535183	0.892033056101871	0.784370323737566	0.828037498917864	0.83986902567155	0.00628686648267814
ENSG00000113621	TXNDC15	2e-06	3.31716410032983	3.50026533614587	3.30959729297664	3.36472303462815	3.32678293415483	0.00627667500965899
ENSG00000137038	DMAC1	7e-09	3.76832976507554	3.56585367777345	3.65120439771952	3.67394540853388	3.59170092979012	0.00626398442323688
ENSG00000084444	FAM234B	6e-10	0.644997211440424	0.782408564927373	0.774534744613929	0.846272226085489	0.829872358619032	0.00626115767657522
ENSG00000005700	IBTK	2e-08	3.71379248106611	3.89264666426632	3.89765238875318	3.83261783322989	3.77219408247719	0.00625405739204101
ENSG00000135547	HEY2	4e-13	0.369723605983745	0.195920209975257	0.241660755041227	0.16115479181458	0.238786859587116	0.00624538424025056
ENSG00000149187	CELF1	5e-09	4.30518483105279	4.41669754142571	4.40468865404287	4.40042040320666	4.52708158464066	0.00621395883648479
ENSG00000166822	TMEM170A	7e-10	3.10323015710866	3.05950101174866	3.16479996926445	3.15780871512626	3.26910040653315	0.00620961596393115
ENSG00000204498	NFKBIL1	6e-14	3.55290129148886	3.639597757298	3.53948883399427	3.52961946687738	3.41908433234155	0.00618505244898993
ENSG00000171843	MLLT3	4e-09	3.48514369596712	3.43014439166905	3.64385618977472	3.51205012980673	3.51010850603694	0.00618011847580696
ENSG00000256223	ZNF10	3e-11	1.00474831489816	1.04999753906022	1.1150048995107	1.01849634361739	0.899306000380527	0.00617417865732038
ENSG00000020426	MNAT1	1e-09	2.86724479114823	2.97510882445829	2.94923688631811	2.95269428522164	2.78636141440378	0.00616027202254292
ENSG00000167779	IGFBP6	4e-08	0.508597675441182	0.317111078589587	0.363728405453267	0.472804742801136	0.404479307580267	0.0061024769440823
ENSG00000242137	RPL11P5	2e-10	0.321928094887362	0.232660756790275	0.137503523749935	0.238786859587116	0.137503523749935	0.00607849614542589
ENSG00000177119	ANO6	1e-09	3.7589919004962	3.81060545675803	3.91505296556188	3.72762772958687	3.87410066049085	0.00606693045605868
ENSG00000103479	RBL2	3e-10	3.52837897235479	3.60382152797247	3.60528248510075	3.42229088329016	3.58900933378386	0.00606285734061952
ENSG00000157837	SPPL3	7e-12	3.11791420286577	3.09192248944104	3.22840935724278	3.22737009749083	3.27078089017207	0.00604397680846742
ENSG00000226124	FTCDNL1	9e-07	0.77305859674479	0.653180729570927	0.772739230952315	0.848858474237104	0.837149524317957	0.00603662652532443
ENSG00000152377	SPOCK1	2e-19	0.316145742293356	0.155278225477911	0.149377624038227	0.137503523749935	0.246546283045225	0.00603003857815282
ENSG00000129083	COPB1	9e-15	5.46984305020718	5.673318375142	5.60212629254706	5.58140308533487	5.52285699877893	0.0060226629823211
ENSG00000225377	NRSN2-AS1	1e-09	2.94753258010586	2.81600679231051	2.90073836862692	2.81839319351005	2.75067876182239	0.00601269411237999
ENSG00000034152	MAP2K3	1e-10	3.93411206434354	3.97607416075452	4.04811001334033	4.09292760172715	4.11765769182534	0.00600072911779641
ENSG00000222020	HDAC4-AS1	2e-18	0.895856545333542	0.726981505593584	0.778306389547106	0.767654798237347	0.691368727726096	0.00598178910350547
ENSG00000148572	NRBF2	4e-13	4.0323333983834	4.11489301209068	3.94126617520953	3.9834227201468	3.9230102609718	0.00597314780032812
ENSG00000020633	RUNX3	3e-12	5.93618490240256	5.9921482553206	6.1013890108093	6.01519021095541	6.12162082200521	0.00597236337573923
ENSG00000079739	PGM1	5e-10	5.28377527192818	5.11270013274936	5.14585086646346	5.08197730216661	5.16586678486796	0.00596510738321667
ENSG00000074603	DPP8	4e-08	2.60072981657947	2.7178567712185	2.791924881488	2.72762772958687	2.78636141440378	0.00593628055749334
ENSG00000124596	OARD1	5e-08	3.0902578599629	2.9808911770523	3.0284939158253	2.99611656551277	2.87961766545841	0.00592731563906974
ENSG00000165209	STRBP	3e-11	4.31477619075147	4.34452952382449	4.22348827785772	4.15083916031141	4.24108603036355	0.00590619513835486
ENSG00000168280	KIF5C	1e-21	0.32678682706513	0.367614168697531	0.310593025344306	0.443834763586279	0.489017111165561	0.00586888098100874
ENSG00000251141	MRPS30-DT	3e-11	0.933489631728342	0.883826577541228	0.928420725486908	0.853158611670729	0.745370294401478	0.005861177128018
ENSG00000185104	FAF1	7e-15	3.72462628697738	3.59505131834474	3.75033281790404	3.73347097386834	3.80155396916396	0.0058452753653175
ENSG00000150967	ABCB9	2e-07	0.244080080106293	0.43068386257581	0.329276302832158	0.259108702619994	0.359895945086383	0.00582350614396185
ENSG00000138750	NUP54	7e-10	3.87266642489028	3.91396016893331	3.95221458611801	3.96267837379427	3.77456498693993	0.00580412621308381
ENSG00000176444	CLK2	5e-08	4.05921073004834	4.1061014246108	4.23657403687738	4.16041364217924	4.22557303099223	0.00579942412533865
ENSG00000234745	HLA-B	8e-12	9.8363798820183	9.67922079853326	9.70653275683837	9.65482848281115	9.65264359178433	0.00579543061026936
ENSG00000040341	STAU2	4e-08	2.59549316821333	2.64446351246982	2.70279899101501	2.6080461138342	2.77929513885233	0.00574590972346896
ENSG00000174306	ZHX3	3e-09	1.42943203378078	1.54908546439256	1.61533614976467	1.51558115586227	1.60588315234825	0.00571832450867511
ENSG00000204301	NOTCH4	5e-12	0.374807654490311	0.299275511313346	0.481035058053084	0.405992359675837	0.304776511502649	0.00571323110190144
ENSG00000066084	DIP2B	2e-08	3.35948409951097	3.49892266965446	3.5421263028109	3.43668915689875	3.5284870353518	0.00568336950346526
ENSG00000203760	CENPW	1e-24	5.41069595209362	5.30474158407069	5.28225050807108	5.45448724890857	5.31135289358522	0.00567422453027204
ENSG00000204371	EHMT2	3e-10	3.29148698132323	3.13058410981014	3.18350340794285	3.23562824849314	3.31216912842503	0.00565181752627472
ENSG00000105708	ZNF14	2e-08	2.28662122615141	2.22130728022407	2.13191167550558	2.13326653086346	2.10922906975476	0.0056292502518876
ENSG00000168291	PDHB	1e-10	4.07434734146008	3.94584422995309	3.87481788983634	3.93353202813475	3.91765702647759	0.00561156330470715
ENSG00000137073	UBAP2	1e-09	3.15220125223128	3.32344592252962	3.31268988803202	3.33274642655116	3.29905362863478	0.00558820561730443
ENSG00000179674	ARL14	2e-20	0.37851162325373	0.196538994046887	0.201633861169651	0.241501244284152	0.227233684405947	0.00557473436561928
ENSG00000157557	ETS2	1e-09	1.48486050918814	1.41712410084563	1.44653781377665	1.45914953924626	1.60960623839097	0.00556738316133316
ENSG00000116786	PLEKHM2	3e-10	4.41404629687579	4.50227699583629	4.50880622961087	4.48043191724985	4.62032280821455	0.00554931566330258
ENSG00000140455	USP3	2e-15	2.98004539362435	2.98856510493772	3.14758383368791	2.96267837379427	3.01210660285665	0.00554848944811634
ENSG00000196865	NHLRC2	8e-09	2.54748779530249	2.60756392965829	2.72618191845297	2.63076619033428	2.7116186422341	0.00553521410507357
ENSG00000167720	SRR	3e-09	2.10323015710866	2.05585323473352	2.01905833581568	2.02689522706306	2.20022360197535	0.00552622239873548
ENSG00000112282	MED23	3e-12	2.90159629593901	3.09370249588633	3.00765357254344	2.93251640328401	2.97547768086593	0.0055228242090203
ENSG00000104976	SNAPC2	1e-09	3.2636948293019	3.08478042019702	3.18856254243486	3.25200407744699	3.24536575774079	0.00549727434275224
ENSG00000114416	FXR1	5e-11	4.21330454850849	4.17749822114711	4.14671761028099	4.09746580943562	4.02311577556533	0.00548619748234042
ENSG00000090263	MRPS33	5e-07	3.67211444981624	3.62613168969756	3.63647036285402	3.6908616245976	3.50154649253352	0.00548256015646758
ENSG00000145730	PAM	4e-14	3.46805332780809	3.5425838984506	3.58624091909536	3.48043191724985	3.3930891238086	0.00547726951883071
ENSG00000236950	LINC01774	7e-09	0.20163386116965	0.169925001442312	0.137503523749935	0.263034405833794	0.321928094887362	0.0054711613369316
ENSG00000232258	TMEM114	1e-06	0.358646317428445	0.351692025654191	0.394278939112046	0.246437895303099	0.227805917522812	0.00545926114173996
ENSG00000241997	RN7SL323P	2e-07	0.53605290024021	0.432959407276106	0.37851162325373	0.53605290024021	0.405992359675837	0.00545867533157292
ENSG00000164663	USP49	1e-08	1.36503411933619	1.37851162325373	1.3731891104047	1.33305433286774	1.52257491938789	0.00543919290542084
ENSG00000130856	ZNF236	6e-13	1.79598610797841	1.82674917285091	1.85055261145871	1.77372414417632	1.96305842161186	0.00543493652230319
ENSG00000214711	CAPN14	3e-06	0.37851162325373	0.240851786047779	0.228562188576654	0.185866545311334	0.227970756139055	0.00540730533092815
ENSG00000226167	AP4B1-AS1	4e-06	0.632268215499513	0.748278509295237	0.834289487134352	0.771058792834614	0.760759187414904	0.00538136205919311
ENSG00000047849	MAP4	1e-10	4.37484840916315	4.42802951949816	4.43693299439806	4.44739433864863	4.57343444140577	0.00538035509848901
ENSG00000127870	RNF6	3e-22	3.83428002780044	4.00284461815634	4.00287484992019	3.93454693851138	3.88949541828515	0.00535031407188452
ENSG00000258038	LINC02327	5e-08	0.137503523749935	0.237499313726656	0.137503523749935	0.194647430853544	0.31034012061215	0.00534005060855875
ENSG00000237638	LINC02245	7e-28	2.05062607306997	1.9339701296648	2.08565608454471	1.98753603443394	2.11298120461587	0.00533689117000923
ENSG00000227500	SCAMP4	9e-06	2.64195247930599	2.60257190031453	2.65486451395131	2.6678555090695	2.79572959693798	0.00533529010918111
ENSG00000131462	TUBG1	2e-12	5.10184583423812	5.0771530301107	4.94426035485409	5.13415026445366	5.04045904691297	0.00533004191931883
ENSG00000129116	PALLD	8e-07	0.330148601692331	0.191531457631687	0.222877279361811	0.20163386116965	0.34332219479143	0.00532851613236752
ENSG00000166199	ALKBH3	3e-08	3.60425383932992	3.68399187665646	3.75602392998189	3.78951611621992	3.67401368853828	0.00530963129670381
ENSG00000243927	MRPS6	8e-08	4.05730743816162	4.05950101174866	4.11695221503425	4.14558980931359	3.95576417329165	0.00529879225230913
ENSG00000206344	HCG27	1e-17	0.966316873743711	1.06095754396818	1.0849327478332	1.07628691419676	1.17028517995895	0.00528404279213797
ENSG00000108306	FBXL20	3e-06	1.59023744276183	1.45694445101277	1.47276428225245	1.49316247594985	1.61702370995345	0.00527319369952575
ENSG00000197013	ZNF429	5e-10	1.36195341126637	1.38434070205593	1.54344323128289	1.41620049413496	1.4673674166044	0.00526564991285092
ENSG00000163945	UVSSA	1e-23	1.50343261522456	1.64931291213121	1.65973026912313	1.56936564567014	1.51862000589246	0.00522607764892555
ENSG00000141580	WDR45B	5e-09	4.26286925271806	4.39087038650811	4.32881813471073	4.28181788151321	4.19845883717929	0.00520788665452052
ENSG00000013810	TACC3	3e-16	4.66962489779054	4.64446351246982	4.64016800274461	4.75316282169401	4.80213511521044	0.00520660660651876
ENSG00000104081	BMF	8e-11	4.16816239274305	4.25032335408424	4.16821867949191	4.16647357625338	4.32759048807509	0.00516369236388767
ENSG00000100344	PNPLA3	4e-21	0.376629437675753	0.229714332633767	0.230169771928167	0.193628398467267	0.290326097501533	0.00516264086232151
ENSG00000114650	SCAP	2e-11	3.57302288740963	3.58496250072116	3.58368294849458	3.582374706232	3.74101242722891	0.00514221248346804
ENSG00000062524	LTK	4e-11	0.332297068270907	0.382125892469848	0.490956519800039	0.45792331213202	0.336615538214901	0.00513723948225246
ENSG00000149294	NCAM1	9e-22	0.263034405833794	0.165337731946661	0.286881147788162	0.137503523749935	0.137503523749935	0.00512894746284296
ENSG00000154079	SDHAF4	3e-08	3.54205390925187	3.40025028228123	3.36576400373744	3.37522632104741	3.40384981864639	0.00511530211605695
ENSG00000166971	AKTIP	4e-08	1.53057569153199	1.55426570349824	1.59515826782704	1.59012420583694	1.41908433234155	0.00511112612679406
ENSG00000159899	NPR2	2e-15	1.21125186373125	1.25287453961357	1.36962982807087	1.2487437482834	1.18176366947771	0.00510951536012776
ENSG00000280620	SCAANT1	8e-18	0.759567023103338	0.876851769227135	0.883062173474862	0.723138452840705	0.83650126771712	0.00510709202274919
ENSG00000214413	BBIP1	1e-11	1.74013287324489	1.76553474636298	1.84201592950422	1.73230421679634	1.64320764175711	0.00509491777642864
ENSG00000181915	ADO	3e-08	4.17256488331502	4.12624256262492	4.05458988646434	4.04580368961313	4.20813843765621	0.00508580565815932
ENSG00000257595	LINC02356	2e-11	0.502985198554546	0.407805930047768	0.48752834981553	0.540783052152607	0.369233809665719	0.00502006554642538
ENSG00000134453	RBM17	6e-09	4.32113518745279	4.44486232152906	4.42555072596152	4.40555324993545	4.28165657840024	0.00499530218126491
ENSG00000106459	NRF1	8e-09	2.73299669196326	2.83315641524405	2.81609855512958	2.85101014509215	2.92940803216995	0.00497603324658758
ENSG00000107742	SPOCK2	5e-08	0.619425910289378	0.494078697423151	0.51580047621376	0.456325707769476	0.440227407740146	0.00497343555323035
ENSG00000141252	VPS53	8e-09	1.78222420673392	1.83953532780675	1.83772857110112	1.81398801439005	1.96721006488233	0.00496784211779479
ENSG00000173327	MAP3K11	4e-08	2.80508831508566	2.73620608109739	2.82045057966929	2.80956934312305	2.93153433327833	0.00494776633821856
ENSG00000154783	FGD5	3e-14	0.294743265561132	0.137503523749935	0.137503523749935	0.137503523749935	0.137503523749935	0.00494486728097037
ENSG00000175662	TOM1L2	2e-12	2.00395801356868	1.8772276178787	1.92519141235146	1.8488584742371	2	0.00493907491856629
ENSG00000198089	SFI1	4e-09	2.35018635492888	2.48271244247321	2.4760782845693	2.33735813545697	2.37288950946294	0.00492392915598546
ENSG00000145725	PPIP5K2	6e-37	2.50901364748786	2.63226821549951	2.65973026912313	2.5588732718525	2.50726014372791	0.00491237168358115
ENSG00000163848	ZNF148	2e-10	3.1504168425531	3.27720173776039	3.18350340794285	3.13679822183372	3.28415475225544	0.0048903654534472
ENSG00000178409	BEND3	2e-12	1.56795189786221	1.50428585442156	1.46555772143414	1.37612305475963	1.49408475498018	0.00487747700970638
ENSG00000089094	KDM2B	9e-07	3.22860729111959	3.11664491885227	3.13191167550558	3.0363804357265	3.16089118957725	0.00487622003211894
ENSG00000207582	MIR30B	2e-08	1	0.887525270741587	0.895302621333307	0.84799690655495	1	0.00486474509423893
ENSG00000120526	NUDCD1	4e-08	3.57834158482861	3.67925784438278	3.75375017846177	3.73113651536401	3.64709456384127	0.00486251787711148
ENSG00000118193	KIF14	5e-09	2.82536071011192	2.89366876494023	2.90689059560852	2.93048300613148	3.01812201827442	0.00485745383632951
ENSG00000227939	RPL3P2	2e-302	2.31238432221649	2.18168845075815	2.25598278306351	2.20230817529312	2.13159688278321	0.0048435144722235
ENSG00000108443	RPS6KB1	7e-09	2.38094860869956	2.54908546439256	2.54080817111492	2.52423627018048	2.5242665690336	0.00483733503233932
ENSG00000188211	NCR3LG1	2e-12	0.316145742293356	0.45736704396497	0.338047760250639	0.318887640567311	0.442053417834586	0.004814282733255
ENSG00000115421	PAPOLG	3e-06	1.89308479608349	2.03005723385618	2.01146518649345	2	2.08268728230227	0.00481077883853929
ENSG00000171791	BCL2	1e-15	4.534548739595	4.71958696735738	4.67182334111115	4.61249201886539	4.62164033802383	0.00481050143896956
ENSG00000099889	ARVCF	5e-10	0.299103660541315	0.447252124144014	0.330148601692331	0.348270619966756	0.263034405833794	0.00480874062921069
ENSG00000069248	NUP133	5e-11	3.80395367480626	3.87515923753748	3.95419631038688	3.97949434456536	3.90797086150765	0.00476894254877949
ENSG00000138785	INTS12	9e-06	3.16286160891974	3.21967803663941	3.21028273905845	3.18194037759915	3.04782852509061	0.0047649393525161
ENSG00000152359	POC5	3e-08	2.9516369784386	2.95566520076412	3.06012099243757	2.9941709211978	2.87078030219924	0.00475778244527376
ENSG00000032219	ARID4A	4e-08	2.3532922657967	2.46081152791599	2.47055071060087	2.36472303462815	2.31542945758862	0.0047514971397826
ENSG00000141337	ARSG	4e-08	1.06509502822188	1.21804695106048	1.23200751021317	1.17233609554206	1.21984287525565	0.00474773825425635
ENSG00000145723	GIN1	4e-16	1.4568350265219	1.48542682717024	1.42840472301667	1.48320900192042	1.31868243538371	0.00472895550136816
ENSG00000240590	RPSAP48	9e-06	0.263034405833794	0.263034405833794	0.137503523749935	0.137503523749935	0.137503523749935	0.0047274007070255
ENSG00000102543	CDADC1	5e-21	1.49782990899518	1.60006939311136	1.57983746854329	1.60039254129076	1.44848524878211	0.00471355355739924
ENSG00000132204	LINC00470	3e-15	0.286881147788162	0.222392421336448	0.27500704749987	0.241008099503795	0.398549376490275	0.00471289623190731
ENSG00000225406	ELF2P4	3e-09	0.321928094887362	0.307428525192247	0.214124805352848	0.21864028647534	0.159198594849254	0.00470563444491245
ENSG00000131477	RAMP2	9e-09	0.415037499278844	0.321158452275943	0.317858430578315	0.28174293287207	0.440572591385981	0.00470453470077916
ENSG00000117676	RPS6KA1	1e-08	5.0930474741886	5.14438990933517	4.99423305678111	5.02356061594129	5.14265207129221	0.00469551385908326
ENSG00000007392	LUC7L	4e-09	2.93099721237956	2.97124100701858	3.03225093628419	3.00966309735072	2.85965692372753	0.00467999348781536
ENSG00000131148	EMC8	2e-06	2.96184717704082	2.98856510493772	3.05274146207197	3.10108612511431	3.11859117295845	0.00467989821846708
ENSG00000061794	MRPS35	2e-08	5.4166467521405	5.41776370359338	5.40287599512757	5.44881571318812	5.27329795107381	0.00467691194897905
ENSG00000164087	POC1A	2e-09	3.84535218529939	3.78769639628714	3.68739429801669	3.85744597007383	3.82232913675262	0.00467171595428257
ENSG00000145779	TNFAIP8	6e-09	4.41404629687579	4.46150098792476	4.40686084272056	4.46084118889197	4.29410441266304	0.00466580165063245
ENSG00000175105	ZNF654	8e-09	3.11425717925768	3.18336114084801	3.14585086646346	3.09201824459595	3.26573355543475	0.00465978804551343
ENSG00000259790	ANP32BP1	3e-14	0.187307079670549	0.177740654858658	0.182415945625509	0.191386364725233	0.336904302460153	0.00465875653935478
ENSG00000062650	WAPL	6e-09	4.32430420584044	4.40240624040234	4.39960745870924	4.41358243607846	4.51507964818721	0.004639761372207
ENSG00000185963	BICD2	5e-09	3.06016143521677	3.07400058144378	3.17673017934743	3.18364872006152	3.20726115271529	0.00462696242212904
ENSG00000139734	DIAPH3	2e-08	2.78682610869293	2.87515923753748	2.85692213633443	2.96267837379427	2.92940803216995	0.00462252220326486
ENSG00000172757	CFL1	2e-09	7.41738887923551	7.2965540088672	7.39542019020853	7.47031993478003	7.45148897175825	0.00460652244313435
ENSG00000117154	IGSF21	2e-21	0.189033824390017	0.147557188413858	0.137503523749935	0.296981737757132	0.137503523749935	0.00460401284394837
ENSG00000135776	ABCB10	3e-20	3.41850135458241	3.43295940727611	3.49525969777292	3.4748616592069	3.59035575949137	0.00460101318483877
ENSG00000164038	SLC9B2	6e-10	2.69921967997884	2.79865085317674	2.89042599419079	2.79399653920259	2.78400983272438	0.00459999539942065
ENSG00000107341	UBE2R2	4e-09	5.15842936260448	5.05676604402742	5.12884444115776	5.1283962959331	5.24451082732117	0.00459792458396233
ENSG00000109184	DCUN1D4	7e-13	2.56098363778672	2.52554141446161	2.67182334111115	2.57978226161548	2.49293336222881	0.00459727460536258
ENSG00000128731	HERC2	3e-08	2.1504168425531	2.2407160264102	2.29090119926674	2.25850271474573	2.33162149109121	0.00457801791456039
ENSG00000166483	WEE1	1e-09	3.06774460663583	3.05585323473352	2.98456995943039	2.94465696615622	3.11298120461587	0.00456907041503256
ENSG00000112992	NNT	5e-08	4.265344566521	4.39448525946147	4.37688738220915	4.31102802653774	4.43415965280364	0.00456662238870193
ENSG00000201558	RNVU1-6	9e-22	1.00799279075353	1.09680560891701	1.15312024146819	1.08114481345652	1.18181971224863	0.00456501319547656
ENSG00000189403	HMGB1	3e-09	4.45148286552181	4.4038417579744	4.48775452811605	4.50386847248652	4.33804776025064	0.00453704572301701
ENSG00000233041	PHGR1	2e-20	0.169925001442312	0.137503523749935	0.137503523749935	0.137503523749935	0.292781749227846	0.00452906095232085
ENSG00000136280	CCM2	7e-09	3.860711821309	4.04024645466872	3.90893552159354	3.95669621577914	3.96305842161186	0.00448390431547019
ENSG00000108528	SLC25A11	5e-08	4.84535218529939	4.69693093236395	4.7824754870071	4.82607003814351	4.70976149324447	0.00448069373196569
ENSG00000152785	BMP3	2e-08	0.250961573533219	0.137503523749935	0.178337241258512	0.145197915539936	0.288936269276551	0.00447122991893689
ENSG00000123552	USP45	3e-07	1.99205124688451	2.08835587442085	2.14585086646346	2.05329822616005	1.98779094230478	0.00445932002031845
ENSG00000198901	PRC1	1e-22	1.12955477063444	1.08406426478847	1.14585086646345	1.16266744730402	1.26438461186673	0.00444006920400245
ENSG00000159111	MRPL10	1e-08	4.54477341060546	4.4955605263456	4.47814567690908	4.50796510100599	4.64515241182139	0.00443638234386387
ENSG00000127663	KDM4B	3e-11	3.35639150445558	3.31584076500845	3.31268988803202	3.29056392397803	3.45795722398584	0.00443308340906893
ENSG00000141101	NOB1	2e-08	5.61244323714326	5.52389205445472	5.54475895872556	5.56051774375161	5.43078141388055	0.00443184719584109
ENSG00000231765	PPP1R11P2	5e-09	0.37851162325373	0.425305834732671	0.286881147788162	0.302562770020431	0.42701014094492	0.00441527657334806
ENSG00000179832	MROH1	1e-08	1.83116453521651	1.89366876494023	1.98418208604699	1.98047744173518	1.96222665736807	0.00440251110791101
ENSG00000158296	SLC13A3	9e-06	0.312882955284355	0.141355849245542	0.162938571126205	0.218046951060484	0.208994566120905	0.00439269502178421
ENSG00000137522	RNF121	7e-19	3.40659049195675	3.53736146726043	3.46639108722657	3.50113090991769	3.57954900453479	0.00439099502001276
ENSG00000090621	PABPC4	9e-09	5.78682610869293	5.80001433030393	5.64722876499028	5.74941892588467	5.80909066925823	0.00438724406901936
ENSG00000117758	STX12	4e-09	3.69921967997884	3.78989395199138	3.85692213633443	3.85423164633595	3.76386509828273	0.00437211049384569
ENSG00000152620	NADK2	6e-09	1.78222420673392	1.79208816540429	1.92519141235146	1.90792441510162	1.87741339453168	0.00436625798972569
ENSG00000278053	DDX52	4e-11	2.60072981657947	2.72706059854834	2.75375017846177	2.76690287832031	2.71655938350437	0.00434526526549929
ENSG00000131061	ZNF341	2e-16	1.21944513728611	1.28501277492929	1.17128860744259	1.27782481214735	1.34252917733808	0.00431644870082011
ENSG00000011523	CEP68	9e-26	1.98004539362436	1.92999027875226	2.03037364904352	1.89963304147023	1.86411657191823	0.0043138877905164
ENSG00000151465	CDC123	1e-61	5.58562292418926	5.60288440871842	5.62127253188766	5.69954446831969	5.51755881052215	0.00430716273716093
ENSG00000117000	RLF	4e-08	3.43031468602054	3.53212006261828	3.48295810228454	3.42084312096005	3.57411511848416	0.00430635787199045
ENSG00000091844	RGS17	5e-16	0.43823434931678	0.291851678254908	0.328737652884623	0.32888695312842	0.426874644815129	0.00428495881310934
ENSG00000231327	LINC01816	3e-08	0.67262982004439	0.604071323668861	0.541310753951306	0.545968369105293	0.675787351918084	0.00427073529663421
ENSG00000157823	AP3S2	8e-13	1.05749788038233	1.1243281350022	1.10790151223614	1.04730571477836	1.21076709621682	0.00426244626131667
ENSG00000184381	PLA2G6	4e-08	1.67658484601425	1.62391613506573	1.66941282252047	1.547242834772	1.71902342345585	0.00426226239469204
ENSG00000119655	NPC2	6e-09	4.61503335460897	4.63226821549951	4.6008618796345	4.6908616245976	4.51081971879026	0.00424500975488469
ENSG00000165609	NUDT5	3e-08	4.22182610335434	4.20328359838874	4.19779179487526	4.29135639586881	4.10922906975476	0.004241765585135
ENSG00000214194	SMIM30	4e-08	4.05349330496613	3.94387198762149	4.01811137480965	4.04015712647198	3.90364493610486	0.00422628953136904
ENSG00000121101	TEX14	2e-08	0.341454062565713	0.402837045673317	0.343861381130228	0.389211511910939	0.237347762170144	0.00422037162760059
ENSG00000153113	CAST	3e-09	3.78567700863944	3.73506606125072	3.75375017846177	3.7714539705515	3.90039195830978	0.00421953369636079
ENSG00000100902	PSMA6	2e-12	2.66463286844679	2.72476514056068	2.79413930255344	2.76462193706907	2.64061053027107	0.00421336090063873
ENSG00000167693	NXN	4e-06	0.351125735458651	0.386665755002171	0.371410566878586	0.376123054759628	0.229328468546824	0.00419955396631551
ENSG00000118961	LDAH	2e-09	3.51318529870552	3.50294692621326	3.50745728604285	3.48043191724985	3.64320764175711	0.00419855157564283
ENSG00000178741	COX5A	5e-06	7.2713090993856	7.11741070960286	7.11152417031539	7.17733915828947	7.15339547306177	0.00417645016220433
ENSG00000179889	PDXDC1	7e-10	3.80961797356617	3.9595749458152	3.8473572722989	3.8073549220576	3.81543726835546	0.00415870723664139
ENSG00000224961	LINC01752	1e-08	0.464668267003444	0.37851162325373	0.289506617194985	0.342761598304528	0.347350691767269	0.00415516344759003
ENSG00000123444	KBTBD4	4e-09	2.04679421147894	2.10256973364055	2.12489124782781	2.09383638603493	2.22123409526789	0.00414922861451075
ENSG00000141556	TBCD	2e-09	3.16639762794699	3.11664491885227	3.14758383368791	3.13679822183372	3.0040468330627	0.0041223514273216
ENSG00000073803	MAP3K13	5e-14	1.52617890324236	1.59001572844744	1.63028649123065	1.6407502789069	1.69919225153428	0.00411809749483912
ENSG00000213179	RPL17P41	7e-06	0.263034405833794	0.263034405833794	0.37851162325373	0.222392421336448	0.341036917835067	0.00409981881769001
ENSG00000101166	PRELID3B	1e-16	5.33180284282248	5.42591154254685	5.38241707483895	5.39821500908412	5.263625276467	0.0040974082643072
ENSG00000184640	SEPTIN9	4e-09	5.99205124688451	5.85562257931438	6.00646037502203	5.97703366677134	5.90743082966871	0.00409503357755846
ENSG00000124299	PEPD	2e-16	3.17870588698452	3.24392558288609	3.23168077597083	3.27301849440642	3.11110635699543	0.00408121646255461
ENSG00000121988	ZRANB3	7e-09	1.08839511594571	1.20887863578689	1.23331370771379	1.17577354067765	1.10395963249235	0.00406482611998497
ENSG00000273082	LARGE1-AS1	1e-07	0.405992359675837	0.388565287917653	0.505890929729957	0.330148601692331	0.396890152568584	0.00402933208275578
ENSG00000051825	MPHOSPH9	1e-08	2.34707374306154	2.48542682717024	2.51418942630778	2.45519462575083	2.44014594786938	0.00402013525453048
ENSG00000134030	CTIF	4e-08	1.39065559260917	1.4154171059225	1.52702773163701	1.38921151191094	1.49408475498018	0.00401596905115166
ENSG00000243970	PPIEL	1e-15	0.994440474658099	1.11944355220494	1.14168323224823	1.03485875721165	1.02888696143716	0.00400731068196959
ENSG00000114735	HEMK1	9e-08	1.20713771158699	1.1970045354986	1.34567419189133	1.2336505990527	1.19598453416284	0.00399720083687434
ENSG00000183098	GPC6	3e-10	0.263034405833794	0.137503523749935	0.137503523749935	0.137503523749935	0.241008099503795	0.00399493784233788
ENSG00000135823	STX6	4e-08	3.46374891375208	3.34602377050483	3.48707029995958	3.40482110323571	3.49581012298437	0.00399055110882946
ENSG00000002822	MAD1L1	8e-10	3.04102726826005	3.03005723385618	3.06195999210135	2.99805958943056	2.90147709942215	0.00398098377564127
ENSG00000185305	ARL15	5e-30	1.08764934439078	1.14850601780741	1.0145072435845	1.04279493974079	0.989424798697857	0.00397141565728378
ENSG00000166262	FAM227B	3e-08	0.847115871388095	0.84799690655495	0.88503428587948	0.840219555963231	0.720007862280052	0.00395744847159377
ENSG00000233297	RASA4DP	3e-11	0.20163386116965	0.193132392603638	0.172522112928352	0.167456745851563	0.320645129003889	0.00395139064564468
ENSG00000214511	HIGD1C	7e-06	0.263034405833794	0.245756414401958	0.37851162325373	0.333423733725192	0.37851162325373	0.00394612236755879
ENSG00000163320	CGGBP1	8e-09	4.56165512722909	4.62243720613982	4.64814719157253	4.60486205815886	4.73067048300745	0.00394020776230697
ENSG00000108669	CYTH1	1e-15	5.28296110991962	5.22537235769773	5.17035126678472	5.16214765085059	5.12138799782317	0.00393313425172455
ENSG00000135999	EPC2	1e-09	2.3532922657967	2.39881118486426	2.40541308039044	2.34348423825381	2.50154649253352	0.00392918772954596
ENSG00000152684	PELO	2e-10	2.94341647163363	3.11138280344686	3.01716379182591	3.05703094503638	3.0040468330627	0.00390783814938432
ENSG00000161860	SYCE2	8e-23	1.0191088229477	0.915571218839294	0.950287787514548	0.916168409196529	0.847096066662497	0.00390597912327976
ENSG00000106399	RPA3	8e-06	4.31795919268442	4.16231181733244	4.23249747287398	4.27382066014345	4.30234369856896	0.00390453527603549
ENSG00000170525	PFKFB3	2e-15	4.08839511594571	4.03747470541866	4.13540911974181	3.9824416286157	4.11672360630168	0.00387559391160036
ENSG00000227036	LINC00511	7e-11	0.653085221640609	0.561486930792313	0.704683635359957	0.606518644087604	0.559890478764323	0.00386088294998618
ENSG00000138069	RAB1A	3e-06	5.59483724865627	5.7120744186245	5.6250092791722	5.64788390323186	5.54489933069131	0.00385787969562401
ENSG00000236281	NDUFB9P2	4e-08	0.252063288012791	0.249613890071472	0.31034012061215	0.341036917835067	0.180572245641821	0.00383864821069834
ENSG00000112514	CUTA	2e-10	5.8013974667612	5.94239103449823	5.79164783971261	5.82442843541655	5.80851231886327	0.0038364892471326
ENSG00000156471	PTDSS1	3e-08	4.91742126310069	4.80626978094523	4.81990729401388	4.87341103569718	4.95105546362916	0.00383398797163865
ENSG00000144036	EXOC6B	8e-06	0.763668387705678	0.813848684143105	0.859039077346535	0.792653872711175	0.921727295088322	0.00382811749541873
ENSG00000161203	AP2M1	6e-09	5.63590743665923	5.58875407988353	5.63492687812256	5.65375040800398	5.75578777990931	0.00382720419541693
ENSG00000166436	TRIM66	2e-17	1.59811386837246	1.62440877466106	1.72849950134636	1.60090404459018	1.56756732339778	0.00382710588195975
ENSG00000095203	EPB41L4B	2e-09	0.383664111019332	0.312590230308026	0.214738848793012	0.337459246960349	0.30546967215419	0.00381981375011188
ENSG00000197134	ZNF257	6e-12	0.731997786643742	0.825413621187825	0.832566865985344	0.885791262070232	0.758271972818157	0.00380008949011022
ENSG00000090975	PITPNM2	2e-15	0.210319589035873	0.325027333546249	0.349584437790227	0.277276328409573	0.220806170444496	0.00379460911742485
ENSG00000072163	LIMS2	3e-06	0.27249473508286	0.194010619966625	0.208909191972826	0.217673872433918	0.343954401217361	0.003792027154902
ENSG00000115548	KDM3A	4e-08	3.72702279091863	3.75994072988975	3.62407599932883	3.64447657036519	3.74464489672883	0.00379089726640642
ENSG00000140718	FTO	2e-48	1.80961797356617	1.9018196060611	1.89249437453201	1.84454548136602	1.97134979524325	0.00377725460377534
ENSG00000151532	VTI1A	7e-06	2.42884329880387	2.49623358212682	2.50340287108154	2.50250034052918	2.60108216608443	0.00377682496943805
ENSG00000133027	PEMT	4e-08	2.18080537080043	2.29433053632333	2.24954216950568	2.33428530140735	2.31542945758862	0.00376090330305616
ENSG00000250988	SNHG21	1e-08	1.2761857734851	1.24968485217477	1.29278174922785	1.19690481676378	1.14338608048682	0.00376085822430851
ENSG00000160211	G6PD	2e-19	3.97299556089712	4.09014028409903	4.08746284125034	4.13944132799143	4.06051378472173	0.00375811701216242
ENSG00000171044	XKR6	5e-08	0.764601868838789	0.807788750068959	0.812607458348258	0.793549122532573	0.925146005315787	0.00375633015824537
ENSG00000087448	KLHL42	3e-06	1.98806038668847	1.94978064451226	2.03037364904352	1.95669621577914	1.86411657191823	0.00375618462158199
ENSG00000177971	IMP3	1e-07	4.25873426840017	4.19750124579474	4.1826584913501	4.26900096176034	4.11859117295845	0.00375122817456364
ENSG00000263878	DLGAP1-AS4	3e-06	0.304511041809953	0.201633861169651	0.156119201917282	0.180572245641821	0.263034405833794	0.00373995058753596
ENSG00000136250	AOAH	5e-09	0.35868664489748	0.203899281746461	0.232290882402686	0.258016331067169	0.222392421336448	0.00373756097212761
ENSG00000179115	FARSA	3e-21	5.66744301009234	5.73791442355976	5.66336884618648	5.7502837645803	5.60108216608443	0.00371886160447279
ENSG00000008441	NFIX	9e-10	0.303000813151439	0.305432989891742	0.265733555434749	0.291810782253973	0.422716801841468	0.00369145741393706
ENSG00000107566	ERLIN1	6e-11	2.8118774807483	2.84588615995914	2.93525910876166	2.82278496262721	2.77219408247719	0.00369125733658963
ENSG00000065665	SEC61A2	1e-09	2.07716786052246	2.15806484623225	2.19024498582191	2.14734171607519	2.04390282187682	0.00367507652037646
ENSG00000101246	ARFRP1	2e-13	2.57435440115518	2.42732387260667	2.52222674537319	2.55359832981182	2.46971040541151	0.00366220936318738
ENSG00000113231	PDE8B	2e-32	0.478616295053349	0.458050388238936	0.452157980762947	0.428931940937224	0.325166468953907	0.00365563448546013
ENSG00000139697	SBNO1	6e-07	3.44203207056041	3.59379406768488	3.56694466566239	3.51340923969612	3.56729385262815	0.00365373310702449
ENSG00000140320	BAHD1	6e-13	3.14325705098023	3.0411691889764	3.12136818126411	3.08289300834835	3.20022360197535	0.00363630530149008
ENSG00000235072	ARNILA	5e-18	0.639050016283453	0.622728871268862	0.736034522794174	0.570251717345715	0.627445832042669	0.00363505592370914
ENSG00000265545	ELOCP27	2e-08	0.473931188332412	0.600904044590178	0.459431618637297	0.53605290024021	0.468148835738406	0.00363133613947861
ENSG00000130287	NCAN	3e-14	0.317304068361915	0.209346534939805	0.175161649808459	0.191562650700756	0.171318236742179	0.0036303344324314
ENSG00000264966	MIR5094	3e-08	1.0898855035172	0.985500430304885	1.00514330327596	1.10175349880073	0.973527788638809	0.00362881585341971
ENSG00000111642	CHD4	3e-09	2.32825571485937	2.20163386116965	2.24307267417612	2.29373120305671	2.18604466680559	0.00362810786026823
ENSG00000124721	DNAH8	2e-08	0.190521906049426	0.344706343401764	0.218365356500065	0.222392421336448	0.223036337901875	0.0036192898582818
ENSG00000120008	WDR11	3e-07	3.27192471494471	3.30050911125246	3.41982573812789	3.32192809488736	3.27748331821256	0.00361345425669825
ENSG00000100796	PPP4R3A	3e-12	4.50901364748786	4.65655658445784	4.62345347718718	4.58366918369964	4.54037840725411	0.00358433482250923
ENSG00000137812	KNL1	3e-09	3.07152129738132	3.13577677903047	3.10004717685033	3.12439929310924	3.22989895639502	0.00358358915643052
ENSG00000214178	PPIAP23	7e-18	0.292781749227846	0.20163386116965	0.137503523749935	0.263034405833794	0.214124805352847	0.00357754034917173
ENSG00000255123	MTND5P21	2e-06	0.289506617194985	0.263034405833794	0.217230716220669	0.37851162325373	0.263034405833794	0.00357123576688648
ENSG00000104369	JPH1	6e-10	0.257298036284649	0.241660755041227	0.159198594849254	0.213532444416219	0.321928094887362	0.00355886132409028
ENSG00000099810	MTAP	9e-07	1.74959320249396	1.71970224002261	1.85480208446006	1.8488584742371	1.79572959693798	0.00355027811195907
ENSG00000197157	SND1	5e-105	6.34882541347815	6.44625622988956	6.29774558030879	6.34348423825381	6.3037807481771	0.00353905183835128
ENSG00000112787	FBRSL1	3e-19	2.14074270569394	2.05767827614184	2.06195999210135	2.08216048990616	2.19598453416284	0.00353314174822229
ENSG00000251027	LINC01950	4e-10	0.137503523749935	0.263034405833794	0.222392421336448	0.137503523749935	0.137503523749935	0.0035272076387249
ENSG00000169371	SNUPN	1e-07	2.81413345468867	2.72935241005633	2.7514728377507	2.79399653920259	2.88181857365169	0.00352630213608946
ENSG00000176973	FAM89B	1e-11	1.71668946003329	1.73529413729908	1.65778593588963	1.72058445258275	1.82209993744466	0.00349747902047449
ENSG00000077420	APBB1IP	4e-08	5.173883015011	5.13015054255192	5.12708880353205	5.11726605216975	5.25982259294514	0.00348603282588639
ENSG00000197410	DCHS2	4e-06	0.257559275767643	0.172594188218297	0.232660756790275	0.258152184454047	0.336496567774815	0.00347160671444571
ENSG00000101158	NELFCD	1e-07	3.97803466850321	3.87929303704449	3.98553918690446	3.97752613820158	4.04291972470699	0.00346806461818368
ENSG00000184162	NR2C2AP	3e-14	3.23367234620245	3.18670071419314	3.28461493641931	3.33428530140735	3.21426454045305	0.00346252938184109
ENSG00000005884	ITGA3	8e-11	0.625604485218502	0.676172372197156	0.641152441568812	0.769180219031376	0.635923915296734	0.00345959086440095
ENSG00000120071	KANSL1	5e-10	1.63686360263319	1.59505131834474	1.72618191845297	1.71350662134222	1.71902342345585	0.00345943676922115
ENSG00000163577	EIF5A2	1e-11	0.55215971073876	0.645434697320286	0.617338502675823	0.708768702335554	0.592592941845534	0.00345855977246715
ENSG00000271612	HSPE1P14	2e-06	0.459431618637297	0.409875794163065	0.424026282506098	0.470629825242161	0.321928094887362	0.00345380787911939
ENSG00000124216	SNAI1	1e-14	0.353942902032004	0.369756619977978	0.396890152568585	0.373087951298708	0.246695669019046	0.00344771513041418
ENSG00000164040	PGRMC2	3e-08	3.63558857379112	3.77665812483469	3.72734117527781	3.75890375661099	3.67528310792585	0.0034412186713259
ENSG00000273611	ZNHIT3	3e-08	2.9100578746872	2.82246181444781	2.84415484026056	2.83370624900456	2.74585369029841	0.00343825276043556
ENSG00000166225	FRS2	2e-08	1.59496845642689	1.65896308216493	1.71687417622674	1.67516030969273	1.74826824323171	0.00342748677233667
ENSG00000121671	CRY2	1e-13	2.34395440121736	2.49353947295756	2.4312530853257	2.40628502526988	2.46971040541151	0.0033941169371546
ENSG00000146909	NOM1	3e-09	2.55560044108981	2.68044280957538	2.67903082508206	2.69924592821705	2.67908467808571	0.00339377921069039
ENSG00000159884	CCDC107	3e-22	1.1124125427871	0.991779493195032	1.13538658273783	1.12691211248222	1.09227426975694	0.00339046080657288
ENSG00000054118	THRAP3	5e-11	5.87725884814745	5.97800289772747	5.99351056530075	5.98953947246616	6.03354673712146	0.00338553352419548
ENSG00000213619	NDUFS3	4e-09	4.60529634324368	4.50562354115707	4.51015391307262	4.582374706232	4.46604781131213	0.0033536473122314
ENSG00000159692	CTBP1	5e-34	3.75547456017397	3.66974292091818	3.74232735520165	3.74277121584741	3.83260559917301	0.00334898969026982
ENSG00000118257	NRP2	3e-20	0.308549065086162	0.229867541898594	0.327751944629555	0.315675885575023	0.199017912962639	0.00334154449815873
ENSG00000228536	LYPLAL1-AS1	2e-22	0.25621313997778	0.261029269943417	0.141596278383818	0.170670387685134	0.152557869472224	0.00333553665328831
ENSG00000142856	ITGB3BP	8e-09	3.13966378625622	3.10786403331006	3.10362263107416	3.14032128839741	3	0.00331486061675011
ENSG00000123200	ZC3H13	8e-09	3.61244323714326	3.76329974197967	3.72037162046296	3.68725338168075	3.73250092737339	0.00331411727083808
ENSG00000178904	DPY19L3	9e-07	1.9100578746872	2.0075732197048	2.06746296777874	2.01543004056961	2.02012159592077	0.00331397684593322
ENSG00000181751	MACIR	6e-37	3.09397614820901	3.1529519228386	3.2052993315442	3.23233065839257	3.12045632517801	0.00331281284588865
ENSG00000177990	DPY19L2	8e-06	0.394058056459714	0.256339753259785	0.326360341202623	0.254997086768376	0.303513475188864	0.00330920825107911
ENSG00000137871	ZNF280D	1e-08	1.10691520391651	1.11944355220494	1.11429613258861	1.085819368461	0.981236950154616	0.00330813981082746
ENSG00000198625	MDM4	3e-08	3.15398345757329	3.23910856658831	3.31114441917412	3.22571277962806	3.20198621067461	0.0032959461025573
ENSG00000163681	SLMAP	3e-08	2.27028248933666	2.40168794561982	2.3879256536616	2.33428530140735	2.40384981864639	0.00328755893830713
ENSG00000175931	UBE2O	5e-08	3.67087021080778	3.77776576023719	3.72386060654284	3.70876870233555	3.81543726835546	0.0032824152985969
ENSG00000143333	RGS16	1e-20	4.98104970625864	5.01792190799726	4.97581748542143	5.0607540310791	4.90635015917557	0.00326279236457616
ENSG00000102753	KPNA3	9e-09	4.44567432203015	4.55878320452165	4.57276068938148	4.59205509397824	4.53619263534041	0.00326041464713968
ENSG00000262188	LINC01978	2e-08	0.271027196587324	0.259867126755111	0.304061674093849	0.183883459032232	0.173482820855502	0.00325577488692731
ENSG00000115970	THADA	1e-59	2.1504168425531	2.29433053632333	2.26239477157774	2.25850271474573	2.20374666853905	0.00323693848074131
ENSG00000109606	DHX15	3e-06	5.10276886372634	5.19086433913468	5.22266646351429	5.23973966490034	5.23636362012115	0.00323528338349198
ENSG00000128833	MYO5C	2e-09	0.552901291488857	0.398235143714308	0.490897804681828	0.478763096889231	0.449079072639383	0.00322374992680728
ENSG00000102103	PQBP1	5e-09	4.7862516730728	4.88187065974356	4.80845077857888	4.9192478021285	4.80909066925823	0.00321704107678258
ENSG00000158669	GPAT4	2e-06	3.27684020535882	3.38142910663602	3.4298296071235	3.39009959752894	3.36031692409167	0.00321508261605598
ENSG00000158079	PTPDC1	3e-14	1.19610893324597	1.21477923722657	1.20696238076684	1.10469737866669	1.1024505371237	0.00318885525787378
ENSG00000068784	SRBD1	1e-06	3.14146153731862	3.24392558288609	3.2893321996114	3.19893344851246	3.18782467325088	0.0031824828203214
ENSG00000118997	DNAH7	2e-11	0.20163386116965	0.137503523749935	0.137503523749935	0.232660756790275	0.263034405833794	0.00317532283807745
ENSG00000214810	CYCSP55	1e-08	0.53605290024021	0.622261042144132	0.648227394179173	0.634482636564955	0.689476668384887	0.00317492750924874
ENSG00000015413	DPEP1	2e-08	0.137503523749935	0.137503523749935	0.263034405833794	0.137503523749935	0.137503523749935	0.00315160047135033
ENSG00000185053	SGCZ	1e-09	0.263034405833794	0.137503523749935	0.137503523749935	0.137503523749935	0.137503523749935	0.00315160047135033
ENSG00000159377	PSMB4	7e-09	7.02480479847429	6.98677018697606	7.00431012946907	7.0993902332523	6.9484328578517	0.00313368117709592
ENSG00000204842	ATXN2	1e-31	1.80054438994071	1.83102382795124	1.81609855512958	1.83588062023889	1.9421190839195	0.00313052971917551
ENSG00000167985	SDHAF2	1e-12	2.6240623204101	2.50428585442156	2.58751820562491	2.61818812425481	2.51862000589246	0.00312713486445983
ENSG00000183579	ZNRF3	3e-08	0.30367639033114	0.176322772640463	0.177814273016601	0.171403930368225	0.197827275739916	0.00311944622129594
ENSG00000115840	SLC25A12	1e-08	3.42146376843828	3.56328660406965	3.53021953612672	3.53364372343618	3.54385729739148	0.00310788559707753
ENSG00000143126	CELSR2	4e-10	0.229734396677616	0.241972790305964	0.207077999859778	0.236658990409496	0.349543399088469	0.00308984355489803
ENSG00000183597	TANGO2	2e-08	1.85414913353655	1.86059694333458	1.93325118214541	1.92436556216315	1.98779094230478	0.00308444476552845
ENSG00000104643	MTMR9	4e-10	1.80054438994071	1.85220915784186	1.94525703540557	1.83152859569919	1.88621034276884	0.00307810557991063
ENSG00000245954	LINC02273	7e-07	0.223184893227227	0.247713606550038	0.244655876518939	0.327834735854084	0.346865996637264	0.003064951375957
ENSG00000084764	MAPRE3	3e-08	0.752419246572719	0.823320306017857	0.73266179157698	0.699245928217047	0.681108093622003	0.00306355575704969
ENSG00000165879	FRAT1	8e-16	0.384596385714707	0.340624188597268	0.438121112391885	0.486534462572741	0.398549376490275	0.00305932218373451
ENSG00000254401	LINC02752	2e-06	0.286051058558766	0.27237227041313	0.364395120793035	0.22924609237751	0.231523433088576	0.00302234993726735
ENSG00000109332	UBE2D3	2e-09	4.99553421642797	5.1061014246108	5.10629841862493	5.12039118577184	5.13159688278321	0.00302072842356752
ENSG00000214182	PTMAP5	3e-09	1.69921967997884	1.70626879694329	1.71594009070308	1.75086003582459	1.83260559917301	0.00301716363212458
ENSG00000145901	TNIP1	5e-30	6.99640364655081	6.9229990118438	6.95568081922054	6.87565853358082	6.86550738957235	0.00300060844222646
ENSG00000144460	NYAP2	2e-81	0.263034405833794	0.137503523749935	0.137503523749935	0.153805336079035	0.137503523749935	0.00300011220026922
ENSG00000157540	DYRK1A	2e-06	2.25375659224578	2.29123129766445	2.35830048455232	2.23562824849314	2.34763380907984	0.00299770334605926
ENSG00000101391	CDK5RAP1	7e-11	3.13786379221001	3.18336114084801	3.19862789750132	3.27141282363312	3.13897641314881	0.00299751957883552
ENSG00000152253	SPC25	8e-10	3.93722020566973	3.8658146526056	3.84201592950422	3.97259384265935	3.87188793760174	0.00298859368395028
ENSG00000187323	DCC	4e-08	0.263034405833794	0.137503523749935	0.137503523749935	0.156119201917282	0.137503523749935	0.00298722491598275
ENSG00000176148	TCP11L1	2e-07	2.27028248933666	2.3310111996498	2.36725208539685	2.29056392397803	2.40384981864639	0.00298258286521804
ENSG00000229246	LINC00377	1e-09	0.284096021361624	0.174497731232136	0.20163386116965	0.180572245641821	0.137503523749935	0.00297856864251477
ENSG00000189108	IL1RAPL2	5e-06	0.269698136114805	0.137503523749935	0.15200309344505	0.208586621811418	0.156119201917282	0.0029771693043957
ENSG00000183023	SLC8A1	7e-07	0.159198594849254	0.137503523749935	0.137503523749935	0.263034405833794	0.137503523749935	0.00297339555215428
ENSG00000243147	MRPL33	1e-07	4.20645087746743	4.23023537929405	4.25196077030832	4.27141282363312	4.34922530956212	0.00297305898833038
ENSG00000177398	UMODL1	2e-06	0.236399279330327	0.273261147681042	0.189033824390017	0.158759083789986	0.142019004872428	0.00296872839591073
ENSG00000101040	ZMYND8	5e-08	3.72821955170139	3.69810147607189	3.7695916949411	3.74161195902257	3.84167918279847	0.00296413446848601
ENSG00000182901	RGS7	1e-06	0.16349873228288	0.137503523749935	0.137503523749935	0.137503523749935	0.263034405833794	0.00296043049897515
ENSG00000235534	FECHP1	1e-08	0.137503523749935	0.137503523749935	0.16349873228288	0.137503523749935	0.263034405833794	0.00296043049897515
ENSG00000268510	IFNL3P1	1e-05	0.583504496513295	0.528928465806828	0.538601832070905	0.542924707552568	0.660848918543492	0.00295926514412051
ENSG00000227905	MED6P1	4e-08	0.263034405833794	0.169925001442312	0.137503523749935	0.137503523749935	0.137503523749935	0.00295484124518317
ENSG00000249352	LINC02198	1e-10	0.263034405833794	0.169925001442312	0.137503523749935	0.137503523749935	0.137503523749935	0.00295484124518317
ENSG00000256232	LINC02387	6e-29	0.263034405833794	0.137503523749935	0.169925001442312	0.137503523749935	0.137503523749935	0.00295484124518317
ENSG00000105607	GCDH	8e-23	3.63813750562182	3.57862097384733	3.53552356798665	3.66296501272243	3.55631229596441	0.00294504416147388
ENSG00000180773	SLC36A4	6e-10	1.35948409951097	1.38259445002805	1.26814129626688	1.32997230853626	1.26100672448681	0.00293643761815339
ENSG00000188064	WNT7B	4e-09	0.308285486928694	0.261290967505743	0.177104227046618	0.188129596819903	0.225972311612249	0.00291295124865235
ENSG00000165898	ISCA2	3e-06	3.26863839224604	3.23104429158936	3.31114441917412	3.35262489211028	3.35557381283565	0.00291201747777369
ENSG00000136404	TM6SF1	1e-08	0.909879753192946	0.981660409297067	0.884203000900623	1.01543004056961	0.925136304536528	0.0029033861321737
ENSG00000198700	IPO9	8e-12	3.42589601475354	3.47863126566139	3.48433013761466	3.48598075117048	3.57547550994837	0.00289822846689366
ENSG00000149925	ALDOA	4e-09	3.78130206222129	3.81103830855872	3.66989524855435	3.76313738906682	3.73311055976822	0.00289142885306074
ENSG00000203914	HSP90B3P	9e-09	0.342822431727441	0.483184876383572	0.37851162325373	0.426485953441328	0.386144948156157	0.00287134828621706
ENSG00000182704	TSKU	1e-08	0.322740651958061	0.300370557106767	0.20163386116965	0.267835392097615	0.210566985939658	0.0028689531033714
ENSG00000129911	KLF16	2e-09	2.82536071011192	2.758819318997	2.8334284336675	2.90171035650284	2.86856247694942	0.00286060196339368
ENSG00000231889	TRAF3IP2-AS1	7e-10	0.931828497358421	0.996198429840144	0.979908582060531	0.961483924954774	0.860549956898034	0.00285299184841099
ENSG00000140365	COMMD4	3e-11	2.78222420673392	2.69223923703923	2.76282376208723	2.84021955596323	2.78636141440378	0.00285192063392147
ENSG00000178662	CSRNP3	2e-08	0.246914740470517	0.137503523749935	0.137503523749935	0.149377624038227	0.228268987673117	0.00283926782608651
ENSG00000239256	RPL35AP35	2e-06	0.881471611106038	0.79867779853765	0.82781902461732	0.807354922057604	0.734233585968145	0.00282535193772495
ENSG00000106244	PDAP1	1e-08	5.47982467172563	5.53343220008107	5.50407939866293	5.57490883605723	5.43490929950323	0.00281051450598275
ENSG00000136436	CALCOCO2	3e-08	4.04487445731558	4.10874453076851	4.15793814876219	4.17766065022192	4.15180045350639	0.00280233902450293
ENSG00000095485	CWF19L1	1e-09	3.71016305766542	3.73962074551016	3.80625823250203	3.80513709680779	3.69293868716583	0.00278810030039994
ENSG00000185236	RAB11B	2e-23	4.76658351304767	4.63715871184658	4.66518469921524	4.6986486626151	4.73919275697604	0.00278080827302584
ENSG00000168301	KCTD6	1e-10	1.5833762498292	1.62391613506573	1.55393560510053	1.51829146107587	1.49005085369569	0.00277894757020209
ENSG00000161204	ABCF3	6e-09	3.49502037540836	3.60382152797247	3.59769599062894	3.62700427153808	3.54940613131211	0.00277529432264542
ENSG00000249129	SUDS3P1	2e-21	0.579549004534792	0.636764930955724	0.669224003194112	0.631233654651386	0.722466024471091	0.00277210168993692
ENSG00000183379	SYNDIG1L	6e-09	0.137503523749935	0.169925001442312	0.15200309344505	0.137503523749935	0.263034405833794	0.00276786462454352
ENSG00000196466	ZNF799	2e-08	0.797811149386733	0.767320260255351	0.884203000900624	0.880380080405753	0.860549956898035	0.00276251110024459
ENSG00000118733	OLFM3	4e-09	0.280664299855585	0.187627003175771	0.206710799104178	0.15994091286969	0.147557188413858	0.00274964637972984
ENSG00000149782	PLCB3	5e-08	2.2098817828677	2.22130728022407	2.30649805431776	2.32502733354625	2.2957560385342	0.00274858001976772
ENSG00000197451	HNRNPAB	7e-19	7.0104896812554	7.04255218480772	7.01087028522698	7.13083346850837	7.0083341914658	0.00274436455658957
ENSG00000108395	TRIM37	3e-08	2.75664796002791	2.84165537968112	2.88003937595909	2.88500747771007	2.81888731792523	0.00274044291746619
ENSG00000166478	ZNF143	1e-10	2.65962350563304	2.80300945178164	2.75375017846177	2.76004920727925	2.74343508949576	0.00273861671115329
ENSG00000075413	MARK3	2e-08	3.28824496863107	3.37558822804696	3.40396386375337	3.37821326836881	3.29740577575329	0.00273350282636661
ENSG00000198947	DMD	1e-08	2.046026616334	1.95331425775466	2.05643594562971	1.94264062055772	2.0133116941484	0.00273070224787736
ENSG00000103496	STX4	6e-11	3.53932927191533	3.55684886451224	3.66699826958717	3.6295133070242	3.59304484701901	0.0027276086892568
ENSG00000228126	FALEC	9e-10	0.528258742758412	0.400206694353049	0.435844798319681	0.404479307580267	0.460605655084203	0.00272596890645542
ENSG00000268433	MTDHP3	2e-13	0.263034405833794	0.137503523749935	0.137503523749935	0.180572245641821	0.20163386116965	0.00272324305383299
ENSG00000196739	COL27A1	2e-10	0.285402218862248	0.144389909335175	0.178970141045319	0.204482223478681	0.210566985939658	0.00271165758848889
ENSG00000240236	HNRNPA1P23	4e-13	0.169925001442312	0.137503523749935	0.263034405833794	0.137503523749935	0.159198594849254	0.002706297699619
ENSG00000105397	TYK2	8e-29	4.93099721237957	4.86893624424731	4.81173336256818	4.80347148757038	4.87244143656916	0.00269238460554381
ENSG00000026652	AGPAT4	3e-08	0.852394029864016	0.817300109332033	0.86326366320826	0.774631214335654	0.740527406198659	0.00269106147477026
ENSG00000148120	AOPEP	1e-09	0.661128141654239	0.728436122289176	0.750104705793371	0.630766190334281	0.733719934662552	0.00268925434919122
ENSG00000228060	PABPC4-AS1	9e-09	0.666215547422851	0.722936034262148	0.722968443086961	0.761715564672923	0.805864277832458	0.00268816201635945
ENSG00000250959	GLUD1P3	3e-10	1.23905554289935	1.24520740886192	1.3480877349735	1.21385440988005	1.24585517163518	0.00268345596937926
ENSG00000235106	BRD3OS	5e-11	2.1504168425531	2.14438990933517	2.21359547309929	2.12261928666396	2.24536575774079	0.00268140347827014
ENSG00000154743	TSEN2	5e-16	1.47519893449561	1.58900649787751	1.59515826782704	1.53658772695287	1.59035575949137	0.00267520236560209
ENSG00000176182	MYPOP	5e-06	2.02748073642211	1.98856510493772	1.9884429685776	2.04955582447423	2.11298120461587	0.00266512970747216
ENSG00000165591	FAAH2	4e-09	1.60594752585049	1.63128812372208	1.49797919912652	1.55781982526251	1.59250743034642	0.00265943683107748
ENSG00000179088	C12orf42	4e-13	0.351519347758049	0.239055542899354	0.338585438840971	0.327048579555964	0.373458395527445	0.00265558642230462
ENSG00000276476	LINC00540	3e-09	0.813645401764173	0.909116196701995	0.837728571101123	0.81575170047876	0.919946748433965	0.00265144635844501
ENSG00000133059	DSTYK	2e-12	0.664132714154764	0.638622633880758	0.560194595572214	0.646707734203303	0.700190311097358	0.00265041456920385
ENSG00000099625	CBARP	2e-08	0.289313730632643	0.287802310982736	0.217731043966585	0.192033636932655	0.182803792940403	0.00265029593357261
ENSG00000170606	HSPA4	5e-10	5.84286834817356	5.90587782263545	5.87795304871062	5.94188376382572	5.81082433064156	0.00264566824856803
ENSG00000004399	PLXND1	4e-11	0.281037640533684	0.230517609516897	0.297735496938796	0.197331158782964	0.179266048141196	0.00264420105671464
ENSG00000230240	RPL34P19	1e-18	0.350497247084133	0.321928094887362	0.333423733725192	0.37851162325373	0.450661409009565	0.00264073296772269
ENSG00000172238	ATOH1	2e-06	0.172060745786303	0.180572245641821	0.137503523749935	0.137503523749935	0.263034405833794	0.00263814489148998
ENSG00000164161	HHIP	2e-10	0.159198594849254	0.263034405833794	0.222392421336448	0.137503523749935	0.222392421336448	0.00263566325982162
ENSG00000172977	KAT5	1e-16	2.64955229516415	2.68988765535983	2.74003189721399	2.73230421679634	2.78400983272438	0.00262900250658793
ENSG00000236053	LINC01067	1e-08	0.263034405833794	0.180572245641821	0.180572245641821	0.137503523749935	0.137503523749935	0.00262678398310795
ENSG00000159210	SNF8	3e-14	3.56902095685213	3.56457071188998	3.60275808368521	3.67637418863762	3.54802092233302	0.00261229766279785
ENSG00000117560	FASLG	5e-08	0.137503523749935	0.246914740470517	0.137503523749935	0.228268987673117	0.169925001442312	0.00260998883723826
ENSG00000141542	RAB40B	5e-09	0.832055362685928	0.742119706130209	0.872514435475204	0.819272617518319	0.773142911870736	0.00260572857115717
ENSG00000278318	ZNF229	8e-06	0.444872728819607	0.379704426166563	0.497695664503506	0.440395996117888	0.375144772155331	0.00260525420771966
ENSG00000156515	HK1	2e-20	5.32192809488736	5.34378181971816	5.28067206694985	5.32927794475014	5.42022046184577	0.00260189757048917
ENSG00000184517	ZFP1	6e-38	2.53112434909361	2.54908546439256	2.63276322152286	2.54564957669633	2.63540223926831	0.00259267863118113
ENSG00000197959	DNM3	2e-10	0.231150344814008	0.205318907977506	0.286074647231862	0.178145508247281	0.154405583660355	0.00258921441103531
ENSG00000006025	OSBPL7	5e-08	1.78682610869293	1.74755700543392	1.88003937595909	1.77825380265684	1.77219408247719	0.00258234220897108
ENSG00000184661	CDCA2	5e-19	3.99304723935823	4.00946032924907	3.9551861526493	4.05982415992806	4.08077262370553	0.00257926545136849
ENSG00000112996	MRPS30	1e-09	3.38853776371125	3.49488715641931	3.48158476087585	3.49838814285415	3.41453084605471	0.00255838288760784
ENSG00000109323	MANBA	1e-17	2.49502037540836	2.50428585442156	2.47883414985981	2.40042040320666	2.40384981864639	0.00254577065725371
ENSG00000137440	FGFBP1	7e-07	0.207324973247506	0.216491819896764	0.137503523749935	0.169925001442312	0.271027196587325	0.00254494505718562
ENSG00000136527	TRA2B	3e-06	4.65270710735699	4.73049695199727	4.7514728377507	4.77881901129909	4.68917349570929	0.00250939580772552
ENSG00000184056	VPS33B	6e-07	1.71137388026347	1.63471553591826	1.65486451395131	1.66541233314117	1.57411511848416	0.00250049148843095
ENSG00000106636	YKT6	4e-09	4.79198576265984	4.87308788751778	4.83558010452255	4.89807308993145	4.91658399181236	0.00249949613489942
ENSG00000128683	GAD1	9e-09	0.361852142051709	0.30477651150265	0.283792966000591	0.247493554938016	0.2376031906782	0.00248247070753154
ENSG00000235904	RBMS3-AS3	3e-06	0.340452712505809	0.347019075850192	0.319706854970684	0.285754482333877	0.225559700415131	0.00247786790708176
ENSG00000163581	SLC2A2	4e-27	0.257797757467647	0.137503523749935	0.137503523749935	0.189033824390017	0.192645077942396	0.00246598611954709
ENSG00000125970	RALY	2e-17	4.93151682162015	4.84535799043434	4.86009638412958	4.90844104717192	4.96513573664447	0.00246575532577575
ENSG00000114316	USP4	2e-06	4.43471986514054	4.324962154977	4.39669586328933	4.3157095721522	4.36897233344554	0.00246556468120114
ENSG00000149716	LTO1	7e-12	1.52562836133875	1.50695998871988	1.63523570720238	1.55359832981182	1.56866068839206	0.00243784595131798
ENSG00000144455	SUMF1	9e-09	1.30341947731454	1.24904606755469	1.30152538229982	1.1867186480122	1.28847469917355	0.00243505442242305
ENSG00000248278	SUMO2P17	4e-08	0.495445582995233	0.509810985797201	0.47496825912261	0.464911370052446	0.3831282513241	0.00243379598066349
ENSG00000254087	LYN	2e-06	5.7195204597068	5.81330865230416	5.82126512474083	5.72469720848805	5.79777080299576	0.00243359654471184
ENSG00000164941	INTS8	1e-07	3.30116953472056	3.36972360598374	3.40251318988465	3.37223317673543	3.28913815976969	0.00242080098610445
ENSG00000197912	SPG7	2e-09	1.78222420673392	1.71091516179965	1.79855797382045	1.76918021903138	1.68413790581199	0.00240615700944859
ENSG00000124196	GTSF1L	8e-09	0.376691187629361	0.349732500158784	0.37851162325373	0.35135420882058	0.469234793667656	0.00239560417206207
ENSG00000153214	TMEM87B	3e-09	3.54069223379364	3.61501973457734	3.66094414806802	3.57718515012944	3.64320764175711	0.00239252152552566
ENSG00000125912	NCLN	3e-08	4.13515958328164	4.16654632298734	4.20613109578799	4.26497221007529	4.18960248621878	0.0023519846930417
ENSG00000131778	CHD1L	3e-08	4.77934054588801	4.74812221407617	4.791924881488	4.79623154358589	4.67908467808571	0.00234718520741726
ENSG00000177058	SLC38A9	2e-08	1.50901364748786	1.46906338096135	1.52222674537319	1.56936564567014	1.59035575949137	0.00234662323479841
ENSG00000113163	CERT1	2e-11	2.47804729680464	2.54388655771824	2.57726810893116	2.4748616592069	2.47263380061828	0.00233075674049572
ENSG00000132823	OSER1	4e-11	4.72282629293117	4.81006420931559	4.80351285576321	4.78502173551071	4.70479737637808	0.00232939287137421
ENSG00000233859	ADH5P4	2e-06	0.964693131264047	0.895797627356653	1.02962204963038	0.959810909884301	0.9421190839195	0.00232457486098853
ENSG00000236848	RPL23AP95	1e-12	0.669998604576955	0.748721435915894	0.802456122644765	0.717936365990577	0.728901849452766	0.00232059573929618
ENSG00000196411	EPHB4	3e-08	0.357395606434735	0.361524269233157	0.38557789880518	0.331409147898248	0.260267971542417	0.00231782974080739
ENSG00000178966	RMI1	2e-09	3.2098817828677	3.20163386116965	3.25276607037997	3.29056392397803	3.31053619668207	0.00230478718593336
ENSG00000156162	DPY19L4	2e-08	1.70652448060207	1.6875322343617	1.79855797382045	1.70876870233555	1.67857838047009	0.00229217179287641
ENSG00000068400	GRIPAP1	5e-12	3.6317567122001	3.64689024986436	3.7514728377507	3.67879888675608	3.64968003951692	0.00227749162208578
ENSG00000169554	ZEB2	5e-10	0.270820150800389	0.212742251302728	0.249906971848181	0.150824902247769	0.189767273841955	0.00227361021284453
ENSG00000131470	PSMC3IP	2e-12	2.05062607306997	2.1201423630885	2.12489124782781	2.17508670655809	2.07885542071124	0.00226402811719467
ENSG00000182141	ZNF708	2e-13	2.09953567355091	2.10256973364055	2.21028273905845	2.11547721741994	2.10169539706935	0.00226358053747304
ENSG00000107864	CPEB3	2e-19	0.731565210078771	0.823320306017857	0.789707056238179	0.761880038795116	0.850696056155905	0.00224735469380585
ENSG00000127415	IDUA	3e-08	0.524955191356879	0.577858114021206	0.5423897846929	0.555710621610666	0.453457717592664	0.0022463227794
ENSG00000137710	RDX	3e-10	3.84203945125855	3.88855100490558	3.9342554947797	3.84346521546688	3.81428541596622	0.00222818022077626
ENSG00000267652	NPM1P1	2e-09	0.578076115135916	0.553851968181126	0.641546029087524	0.630662544726212	0.533888316126887	0.00221978392672839
ENSG00000108785	HSD17B1P1	3e-16	0.599771186235235	0.528600058102044	0.569753225393067	0.541695046816987	0.475213014308243	0.00218570977562141
ENSG00000244585	RPL12P33	9e-20	0.578267848147148	0.504042505337589	0.454504937557371	0.48910248531364	0.479690457621097	0.00218423537249005
ENSG00000160299	PCNT	2e-09	2.96388057419335	3.0018970351726	3.02472708590238	3.05516579281682	3.08459940324604	0.0021814788123697
ENSG00000158941	CCAR2	2e-08	4.00987474793512	4.02073144158409	4.09286957477728	4.09746580943562	4.10828950929114	0.00217491046549368
ENSG00000143420	ENSA	4e-07	5.14505033280328	5.08701611728303	5.02047761290102	5.05703094503638	5.05808295846697	0.00215560475867174
ENSG00000125450	NUP85	8e-09	3.87806776044276	3.83847413243644	3.91199748604161	3.96466692688772	3.90256142494549	0.00214879627325545
ENSG00000203896	LIME1	4e-15	0.570089224239626	0.555710621610666	0.640339257757529	0.633801638185121	0.660745087382773	0.00214485541842977
ENSG00000133466	C1QTNF6	7e-09	0.74770609294969	0.782408564927373	0.843727311722566	0.743466323083643	0.72785928324131	0.00214047820602748
ENSG00000107651	SEC23IP	1e-09	3.71982130321553	3.84165537968112	3.8073549220576	3.81839319351005	3.80039097430784	0.00213141939112744
ENSG00000013573	DDX11	3e-08	1.81368254202962	1.9018196060611	1.90893552159354	1.93657461985837	1.88621034276884	0.0021261563547865
ENSG00000213133	PPP1R14BP5	6e-11	0.286881147788162	0.321928094887362	0.254421275529086	0.35453276031929	0.245756414401958	0.0020950979297173
ENSG00000223768	LINC00205	2e-06	0.884522782580064	0.825892719848086	0.901560182970358	0.828037498917864	0.929408032169946	0.00209178439470042
ENSG00000204531	POU5F1	2e-32	0.351429521779508	0.42336585903799	0.374848409163145	0.37609707032043	0.297566811793222	0.00208938239752481
ENSG00000233428	PPIAP65	6e-19	0.341036917835067	0.307428525192247	0.255500733148386	0.245756414401958	0.341036917835067	0.00208217855731105
ENSG00000144827	ABHD10	4e-08	3.9870609442925	3.92999027875226	3.87481788983634	3.89963304147023	3.96305842161186	0.00207796709484048
ENSG00000159733	ZFYVE28	8e-06	0.407555917909392	0.346277956303111	0.294061301454418	0.371334021180683	0.312041746570249	0.0020703723104328
ENSG00000182481	KPNA2	3e-09	6.28560545828512	6.29703691934565	6.24246466895217	6.35887566488346	6.33704554066126	0.00206914387944362
ENSG00000221676	RNU6ATAC	2e-08	0.839063781784943	0.925999418556223	0.888869187970478	0.905140813658559	0.818002166257113	0.00206026677908989
ENSG00000143226	FCGR2A	2e-06	0.334293089003616	0.276479936898745	0.320065350870173	0.326672691734112	0.226184000498822	0.00205972293474841
ENSG00000106245	BUD31	2e-08	4.42515825199602	4.48745926945176	4.41479766966465	4.46576386746101	4.37132391512494	0.00205899773002602
ENSG00000176124	DLEU1	2e-10	0.528928465806828	0.53133220692879	0.623328940518206	0.590124205836935	0.520881283848963	0.00205743411300364
ENSG00000204310	AGPAT1	6e-27	3.51457317282976	3.46769134563123	3.49253506043639	3.49976017818427	3.58766165032211	0.00205556839499337
ENSG00000255258	LINC02743	5e-08	0.238786859587116	0.137503523749935	0.137503523749935	0.137503523749935	0.137503523749935	0.00205166282366146
ENSG00000124614	RPS10	6e-07	1.47462858657718	1.39361851564394	1.47331714489225	1.45971364288624	1.38162557879224	0.00204953893362312
ENSG00000284770	TBCE	2e-11	0.643983014533357	0.669504241946519	0.715005400005735	0.709717531729103	0.761715564672923	0.00204907404815896
ENSG00000262246	CORO7	2e-10	1.90541014905389	1.89366876494023	1.91627334773606	1.91616840919653	1.80920631152039	0.00203410732460489
ENSG00000166965	RCCD1	4e-06	2.79141337818858	2.673318375142	2.70515441201314	2.71822903158462	2.69419157047591	0.00202650935851359
ENSG00000126581	BECN1	3e-06	3.35793863065306	3.41171167357207	3.44541114832236	3.42084312096005	3.33804776025064	0.00202632849978556
ENSG00000106460	TMEM106B	2e-13	1.61270245824555	1.61005348168399	1.55393560510053	1.50359494986917	1.57139048114763	0.00202421194741911
ENSG00000103150	MLYCD	5e-08	0.89649542424614	0.827605117723772	0.836010053874823	0.83761776077495	0.928556633478439	0.00200491459735449
ENSG00000149932	TMEM219	2e-16	4.46876948321663	4.37339178757061	4.46708519118073	4.48874718546185	4.4475940544528	0.00200406368744622
ENSG00000101417	PXMP4	2e-16	1.53112434909361	1.43576894086293	1.54344323128289	1.46646573808585	1.50154649253352	0.00200371286518446
ENSG00000119139	TJP2	2e-08	0.289054290795014	0.344828496997441	0.38573112976681	0.331409147898248	0.274305518168814	0.00199612987441357
ENSG00000171861	MRM3	4e-06	3.54069223379364	3.46769134563123	3.48021011089963	3.57718515012944	3.5200337199114	0.00199437124488576
ENSG00000106344	RBM28	2e-10	2.09211820198843	2.15806484623225	2.1801207685482	2.20903403848143	2.13529136634095	0.00197566171901015
ENSG00000135828	RNASEL	1e-20	2	2.02260142893713	2.02661173024732	1.95269428522164	2.07501335441685	0.00197512022750075
ENSG00000225767	FAF1-AS1	4e-09	0.36197625552743	0.36197625552743	0.368967850582859	0.273018494406416	0.296981737757132	0.0019667911216435
ENSG00000131323	TRAF3	2e-08	4.40883128201254	4.42166623774475	4.30959729297664	4.36246234723808	4.36504449262866	0.00196129130719886
ENSG00000196417	ZNF765	3e-22	1.2057637162061	1.24520740886192	1.30649805431776	1.20567502639151	1.20515348975329	0.00195317683274547
ENSG00000263412	NFE2L1-DT	3e-10	0.574354401155175	0.494170460242218	0.487617708443052	0.466465738085847	0.469125014841141	0.00194500637233171
ENSG00000198860	TSEN15	7e-09	2.35018635492888	2.42449782852791	2.41119543298445	2.46084118889197	2.36975661997798	0.00194222293738291
ENSG00000112715	VEGFA	2e-15	3.18743365129705	3.2407160264102	3.13715466749364	3.14909149802515	3.21740500737653	0.00193240720089736
ENSG00000219797	PPIAP9	4e-11	0.460402803487765	0.340393288540033	0.409617223494591	0.422233000683048	0.423211430724544	0.00192575224130803
ENSG00000196378	ZNF34	2e-08	1.66213036124362	1.6828098241193	1.70750599369254	1.61565929794407	1.60428459812278	0.00192487205672506
ENSG00000251619	LINC02508	3e-06	0.371558862611963	0.282933963271499	0.333423733725192	0.398549376490275	0.333423733725192	0.0019219746519378
ENSG00000076258	FMO4	4e-06	1.49782990899518	1.47944842515131	1.4760782845693	1.5677966460148	1.55713881849684	0.00190865618093238
ENSG00000151835	SACS	2e-08	2.98405845613098	3.09370249588633	3.04532399050949	3.0249906788777	3.07885542071124	0.00190793162578186
ENSG00000214073	RPL21P17	7e-23	0.395484701857443	0.338801913451758	0.303906687249322	0.294061301454418	0.373678469517786	0.0019050694594307
ENSG00000185000	DGAT1	4e-22	2.45220729186938	2.40168794561982	2.44822616392942	2.4748616592069	2.52144604997122	0.00189890940865183
ENSG00000134962	KLB	2e-14	0.15410003428063	0.245476034449489	0.144771524213974	0.151740761406708	0.145050332803283	0.0018815244476867
ENSG00000279141	LINC01451	2e-07	0.249307422722282	0.15994091286969	0.146220740851044	0.147557188413858	0.160134498249503	0.00188066811949769
ENSG00000113851	CRBN	9e-09	2.21330454850849	2.25351163171529	2.30649805431776	2.24547603444949	2.19315155329985	0.001878361259394
ENSG00000203867	RBM20	5e-14	0.247391428081293	0.234705682775299	0.254997086768375	0.180013819065896	0.158064846232251	0.00187573102783406
ENSG00000170917	NUDT6	2e-08	0.616326671630491	0.553231142650113	0.598202999961483	0.607537136922625	0.514086789151199	0.00186196413245691
ENSG00000128563	PRKRIP1	2e-06	3.3548427173601	3.27092231526411	3.24631104824267	3.25688079772174	3.29410441266304	0.00186146237805735
ENSG00000170638	TRABD	8e-10	4.58364074612491	4.59630747431517	4.51418942630777	4.63264347757495	4.57683461983776	0.00184724025054365
ENSG00000087494	PTHLH	7e-21	0.190183840426112	0.240823126743635	0.137503523749935	0.173482820855502	0.137503523749935	0.00184336550333655
ENSG00000137767	SQOR	5e-10	3.65711228647699	3.6768849901622	3.69096385457804	3.73347097386834	3.61702370995345	0.00183960789379621
ENSG00000178177	LCORL	1e-15	1.21467138427239	1.2812687545558	1.31021634256387	1.30821178979745	1.23713743672351	0.00183630756753713
ENSG00000244544	RN7SL446P	7e-07	0.37851162325373	0.405992359675837	0.359895945086383	0.302562770020431	0.405992359675837	0.00182786827007029
ENSG00000138190	EXOC6	2e-14	1.52727935717893	1.53709984879188	1.57314759191119	1.60396926183578	1.62755437744562	0.00182780347225006
ENSG00000223529	EEF1A1P8	3e-11	0.439159223611036	0.337581359198848	0.375835008309921	0.337943375437849	0.349449157651267	0.00182446259925898
ENSG00000175806	MSRA	4e-17	1.52452664685918	1.4176926506228	1.4244075444113	1.44782089806855	1.4431298063082	0.00182335597600231
ENSG00000249550	LINC01234	4e-08	0.239465934695389	0.142957953842043	0.137503523749935	0.145197915539936	0.154885601978171	0.00181913221677104
ENSG00000074211	PPP2R2C	7e-70	0.222392421336448	0.144771524213974	0.146220740851044	0.137503523749935	0.218046951060484	0.00180992934462769
ENSG00000047188	YTHDC2	5e-08	2.63686360263319	2.69223923703923	2.75375017846177	2.67272948343797	2.68161350439645	0.00180709793993647
ENSG00000145996	CDKAL1	5e-183	2.96996362624519	3.0703893278914	3.07111999138683	3.02308361311304	3.0141145294729	0.00180658726321838
ENSG00000112782	CLIC5	5e-21	0.181606806489948	0.247204176732073	0.148765837313013	0.14012422390907	0.192033636932655	0.00180262231211714
ENSG00000258331	LINC02461	9e-06	0.222392421336448	0.222392421336448	0.137503523749935	0.137503523749935	0.180572245641821	0.00180160917674371
ENSG00000184719	RNLS	7e-12	1.6404277001883	1.57989151117373	1.64016800274461	1.60039254129076	1.54051772404635	0.00179753084035351
ENSG00000111271	ACAD10	9e-09	2.23703919730085	2.19501598240514	2.2591923395394	2.18194037759915	2.28248978376033	0.00179602049165219
ENSG00000234685	NUS1P2	4e-08	0.395815519341325	0.280736407567253	0.344422732674449	0.314986485468515	0.328325866085513	0.00178849598721287
ENSG00000167118	URM1	2e-10	4.07998287612951	4.06313958881201	4.13628215761468	4.11278979961542	4.02809230702935	0.00178480607410941
ENSG00000085978	ATG16L1	2e-15	2.31557259984754	2.30666133823405	2.36129052715814	2.37672056772774	2.40690961839544	0.00177119962034019
ENSG00000145934	TENM2	2e-08	0.335740851333731	0.269698136114805	0.28203536776385	0.217417605921155	0.276331228447251	0.00176920396007364
ENSG00000182759	MAFA	3e-10	0.260806304941677	0.186500557644495	0.17730453180791	0.180572245641821	0.147557188413858	0.00176893155209158
ENSG00000060303	RPS17P5	6e-11	0.307428525192247	0.32716474325351	0.250961573533219	0.341036917835067	0.252980741169871	0.00175231407900628
ENSG00000230622	UQCRHP1	9e-11	0.58953523051098	0.571541984958835	0.579293750634464	0.606988807051155	0.498250867527825	0.00174565832803024
ENSG00000120254	MTHFD1L	2e-07	4.48089004657347	4.51893263038596	4.4760782845693	4.5093280628843	4.41224870209206	0.00174525575290801
ENSG00000173567	ADGRF3	7e-09	0.448726723134423	0.493000046875043	0.550795897569964	0.533375788614923	0.476134073360505	0.00173521773974389
ENSG00000088808	PPP1R13B	2e-11	1.02436644478452	1.01660891755544	1.08131061426874	1.01312602883548	1.10320528212699	0.0017292441682244
ENSG00000167562	ZNF701	2e-08	1.18569231730063	1.23298383260416	1.25083259449412	1.17026969026032	1.15362318911321	0.00172564696299183
ENSG00000227347	HNRNPKP2	1e-08	0.92516476707741	0.955273642873025	0.974451204417439	0.971803108169348	1.03838882920431	0.00172041736116001
ENSG00000105662	CRTC1	1e-09	0.684004860866379	0.7044060529261	0.781694536186795	0.730435440575341	0.768392512317332	0.00171135197099486
ENSG00000112699	GMDS	7e-09	3.37942597526969	3.48407027320016	3.44681934271517	3.46506165521016	3.41605027225191	0.0017112208552008
ENSG00000196353	CPNE4	2e-10	0.248534836138679	0.161887682376894	0.146220740851044	0.165337731946661	0.15754127698648	0.00170040675190919
ENSG00000112367	FIG4	2e-18	3.16992500144231	3.11664491885227	3.16308757138876	3.08837507336476	3.18782467325088	0.00169815363663182
ENSG00000103126	AXIN1	9e-13	2.59811386837246	2.59505131834474	2.6253202383373	2.61818812425481	2.69669407767908	0.00169808228712832
ENSG00000236790	LINC00299	7e-09	0.245756414401958	0.164984260172042	0.159604816178388	0.152673958391288	0.144046369616707	0.00169694650741375
ENSG00000130702	LAMA5	4e-08	0.246196394594721	0.286606112987807	0.329206094935814	0.35391264638716	0.299671596626209	0.00169631851704744
ENSG00000140104	CLBA1	7e-06	0.577545029158673	0.56354351708625	0.597188803054415	0.490956519800039	0.577377905493164	0.00169091056973463
ENSG00000242696	RN7SL40P	6e-11	0.425305834732671	0.333423733725192	0.373880174522084	0.416424039549806	0.42809365210429	0.00167735032500368
ENSG00000283542	OASL2P	3e-06	0.295455883526171	0.20163386116965	0.192645077942396	0.238786859587116	0.245756414401958	0.00167302225582629
ENSG00000169814	BTD	1e-11	0.818634846923607	0.845463639809428	0.829979071496188	0.880380080405753	0.918300464401384	0.00165686015432251
ENSG00000145569	OTULINL	2e-11	0.319177483871328	0.317577945011078	0.409538518874354	0.312590230308026	0.329775956710047	0.00165050984054772
ENSG00000068028	RASSF1	3e-06	3.68326457433296	3.63593764106621	3.73427722248818	3.71232359951218	3.72883771328281	0.00163418219689784
ENSG00000183763	TRAIP	2e-09	2.71137388026347	2.68517296148778	2.69807658077261	2.77372414417632	2.76505790119556	0.00161532048360524
ENSG00000234215	CT66	2e-15	0.255500733148386	0.176322772640463	0.271596419337218	0.235448574161894	0.195347598322219	0.00161061095432399
ENSG00000172336	POP7	2e-10	4.86180270607998	4.85378558674491	4.82478951539362	4.92742752661121	4.83544722908696	0.00160721024438487
ENSG00000253650	SMARCE1P4	2e-10	0.37851162325373	0.405992359675837	0.37851162325373	0.470629825242161	0.37851162325373	0.0015950431995243
ENSG00000172818	OVOL1	2e-09	0.221693610452894	0.255257055242074	0.167007518060018	0.19513034133199	0.261154672615571	0.00159158164355045
ENSG00000124507	PACSIN1	6e-07	0.245186404500869	0.183735358158411	0.185355042011918	0.180572245641821	0.264615441653274	0.00159155307472789
ENSG00000196440	ARMCX4	3e-06	0.538783726421633	0.430144391669052	0.508266803528353	0.488747185461853	0.497089744695822	0.00157852252884122
ENSG00000160563	MED27	5e-09	3.10323015710866	3.03191518007676	3.0582796456134	3.12439929310924	3.11485361894864	0.00157401673024661
ENSG00000138375	SMARCAL1	9e-09	3.39156228272441	3.38869710710006	3.33719485154067	3.29689154395004	3.36661691244741	0.00157343835574784
ENSG00000178694	NSUN3	4e-09	1.89308479608349	1.94978064451226	1.97288815438276	1.89963304147023	1.88181857365169	0.00156988600276911
ENSG00000241095	CYP51A1P1	5e-08	0.358557016878085	0.360948162360718	0.342651573897162	0.370925128781922	0.443847723418842	0.00156752885659234
ENSG00000237169	RPL12P27	2e-11	0.286881147788162	0.263034405833794	0.263034405833794	0.222392421336448	0.330148601692331	0.00155458846972602
ENSG00000256092	SBNO1-AS1	1e-08	0.901596295939005	0.855570126259751	0.835880620238893	0.831528595699186	0.793860820716975	0.00154652743687292
ENSG00000114770	ABCC5	3e-11	0.955729733072484	0.908307284406685	1.01146518649345	0.991442603408803	0.968038961797341	0.00153688171014034
ENSG00000090612	ZNF268	1e-12	1.19541682719245	1.28501277492929	1.28209274164948	1.23233065839257	1.22123409526789	0.00153620678608583
ENSG00000164037	SLC9B1	1e-14	0.471621027645211	0.510162420758227	0.474422234981431	0.464218549094289	0.402010818982604	0.00153479814160665
ENSG00000090316	MAEA	2e-07	2.76133203895072	2.68044280957538	2.74003189721399	2.77372414417632	2.70417565904854	0.00152452617506768
ENSG00000100395	L3MBTL2	8e-10	3.13786379221001	3.09370249588633	3.09646283950129	3.17851761195836	3.16631826196158	0.00151812558257332
ENSG00000167005	NUDT21	3e-08	5.28214648819222	5.3012795759121	5.3002795315826	5.32541427066561	5.38224756416117	0.0015153522071168
ENSG00000185787	MORF4L1	2e-07	5.03523718005654	5.00094882939355	5.01384234148982	4.9819508325433	4.93259630980099	0.00151305507914704
ENSG00000204764	RANBP17	2e-08	0.149377624038227	0.137503523749935	0.147557188413858	0.225559700415131	0.20163386116965	0.00151137610609154
ENSG00000178665	ZNF713	4e-08	0.251674543669246	0.232007510213169	0.219730621612933	0.249148879578844	0.319981575535332	0.00150981895650298
ENSG00000155980	KIF5A	2e-08	0.252607034383456	0.236366455371714	0.163159713355015	0.190884620077958	0.245332404100335	0.00150604758581593
ENSG00000268535	MTDHP4	1e-10	0.27500704749987	0.305345210691758	0.258734268400168	0.239950792720753	0.20163386116965	0.00150421447638141
ENSG00000140961	OSGIN1	5e-08	0.260202815050631	0.355658952199912	0.335662205921191	0.350186354928876	0.337104080213141	0.00149875570486569
ENSG00000168944	CEP120	4e-13	2.94341647163363	2.9808911770523	3.03412578390463	3.00773564877961	2.9484328578517	0.00149796414459758
ENSG00000175548	ALG10B	2e-08	1.58707479252	1.64446351246982	1.68381588764744	1.60039254129076	1.64320764175711	0.00149573090916721
ENSG00000125746	EML2	2e-13	3.53523264339585	3.47863126566139	3.57082461880568	3.48736463141173	3.49581012298437	0.00149255279745916
ENSG00000237298	TTN-AS1	4e-09	0.296791094209991	0.309114901820134	0.395121782531993	0.31748218985617	0.323239040039709	0.00149216392199823
ENSG00000085382	HACE1	4e-06	1.50455055022113	1.46136312227977	1.46777896135082	1.40803977315402	1.4215069946084	0.0014896075465696
ENSG00000136014	USP44	1e-10	0.137503523749935	0.137503523749935	0.137503523749935	0.146841388329271	0.225559700415131	0.00148599152745148
ENSG00000105993	DNAJB6	1e-06	2.66463286844679	2.673318375142	2.71453782747178	2.75086003582459	2.6638179214324	0.00146359419365373
ENSG00000146872	TLK2	8e-12	2.10691520391651	2.19169562411353	2.18350340794285	2.16128090703306	2.20374666853905	0.00146149000001092
ENSG00000217404	RPS4XP9	4e-22	0.137503523749935	0.137503523749935	0.222392421336448	0.137503523749935	0.137503523749935	0.0014412249866907
ENSG00000166825	ANPEP	6e-11	0.21864028647534	0.240108008984286	0.165337731946661	0.222392421336448	0.269033146455237	0.00143899890223776
ENSG00000090581	GNPTG	2e-21	2.48089004657347	2.38724643323134	2.40830715365962	2.42084312096005	2.39154530874326	0.00142563807704493
ENSG00000224971	SUMO2P3	2e-09	0.509013647487857	0.46739290433998	0.46948528330122	0.478971805032942	0.556633777662662	0.0014141792775273
ENSG00000129757	CDKN1C	5e-14	0.232007510213169	0.30592021868697	0.297968195943181	0.243582043167621	0.227410496103072	0.00141399118878312
ENSG00000147439	BIN3	7e-10	2.13966378625622	2.1061014246108	2.1801207685482	2.20230817529312	2.14265207129221	0.00141110179119734
ENSG00000285230	RALY-AS1	3e-11	0.663131885088689	0.6249012460913	0.641152441568812	0.647698256069119	0.721974726989453	0.00139722519978962
ENSG00000143368	SF3B4	3e-10	5.37980678431001	5.41989366713119	5.38645875466294	5.47311653374809	5.40231748176214	0.00139488562909829
ENSG00000205464	ATP6AP1L	7e-06	1.28532091507565	1.30604729479389	1.2940340887517	1.23233065839257	1.22470628717469	0.00139271050894696
ENSG00000148337	CIZ1	5e-06	3.86398200413923	3.94978064451226	3.94625302787929	3.95369580906672	3.93047157445246	0.00139218924543814
ENSG00000227398	KIF9-AS1	5e-08	0.697754270974338	0.636670407546479	0.636223516238499	0.608554911244122	0.685146430872908	0.00138993126986797
ENSG00000165055	METTL2B	4e-20	2.15754127698648	2.20163386116965	2.13540911974181	2.21238524798107	2.22123409526789	0.00138768276663302
ENSG00000087299	L2HGDH	1e-08	2.08466239706938	2.13058410981014	2.11429613258861	2.09383638603493	2.17890259756157	0.00138657829981338
ENSG00000143363	PRUNE1	6e-14	3.03909981968894	3.10433665981474	3.06012099243757	3.10649962130068	3.12974608709527	0.00138007929486529
ENSG00000130584	ZBTB46	6e-13	0.886239255169086	0.865606306148328	0.799440086376749	0.818393193510052	0.81520697143728	0.00136867971159589
ENSG00000174417	TRHR	4e-08	0.137503523749935	0.137503523749935	0.137503523749935	0.149377624038227	0.222392421336448	0.0013686259098915
ENSG00000119906	SLF2	2e-08	2.66962489779054	2.6875322343617	2.70985374854896	2.65805788200202	2.75067876182239	0.00134625750584812
ENSG00000164627	KIF6	2e-08	0.304854581528421	0.23764908741388	0.224330876503309	0.298523490552419	0.248114985998054	0.00134319789159291
ENSG00000055130	CUL1	5e-08	4.92265791146684	5.01040295916884	5.01051322668268	4.9941709211978	4.99543370275799	0.00134059018137367
ENSG00000215367	TMED11P	6e-17	0.253756592245783	0.224560258019158	0.217230716220669	0.210566985939658	0.298658315564515	0.00131215349856208
ENSG00000108468	CBX1	5e-11	5.13966378625622	5.11094342624203	5.08610798589246	5.04861870522018	5.06536318438313	0.00130988839923319
ENSG00000173295	FAM86B3P	5e-08	0.854149133536545	0.831877241191673	0.820450579669287	0.803360378552578	0.757886245793304	0.0013085192978492
ENSG00000100347	SAMM50	3e-10	3.78682610869293	3.74868720137178	3.766211697204	3.81729315911372	3.72271161048596	0.00130271498021138
ENSG00000250682	LINC00491	5e-22	0.137503523749935	0.172836596862216	0.137503523749935	0.189033824390017	0.222392421336448	0.00130253858276399
ENSG00000108556	CHRNE	7e-09	0.22860090876992	0.318175960026255	0.246196394594721	0.236298023361666	0.245756414401958	0.0013002062656408
ENSG00000036828	CASR	3e-09	0.240443701619219	0.164696486640501	0.155425431747197	0.197331158782964	0.158759083789986	0.00129690250648363
ENSG00000186635	ARAP1	5e-21	4.26451993372296	4.26303440583379	4.25517927703278	4.23562824849314	4.33081619101956	0.00129452393279582
ENSG00000132842	AP3B1	8e-06	3.97400479146706	3.9789663001278	3.97679260883867	3.90482073149322	3.99898651556008	0.00129428620040235
ENSG00000141560	FN3KRP	2e-10	4.17519994348299	4.0856751148247	4.13628215761468	4.16301387425752	4.11672360630168	0.00129217735608041
ENSG00000163904	SENP2	2e-06	2.9679387907677	3.03747470541866	3.05458988646434	3.05516579281682	3.0320612092323	0.00128703974665405
ENSG00000172530	BANP	8e-09	1.27159641933722	1.324962154977	1.36725208539685	1.33735813545697	1.34635934341313	0.00128615605941536
ENSG00000149089	APIP	2e-10	2.61890983264449	2.5874913270319	2.68142534022245	2.63826072688121	2.60641561038747	0.00128444440176023
ENSG00000090447	TFAP4	2e-09	1.82312223791592	1.76999439455368	1.81609855512958	1.87023212502967	1.80966878789585	0.00128295967317838
ENSG00000245864	MEF2C-AS2	4e-11	0.373880174522084	0.375144772155331	0.360402242701998	0.437405312307298	0.342761598304528	0.00127637737083713
ENSG00000198056	PRIM1	7e-15	3.21159418074339	3.21314260058947	3.23168077597083	3.29846912206337	3.22817014247827	0.00127464736645847
ENSG00000246067	RAB30-DT	1e-08	1.74959320249396	1.73026811623807	1.74873527518187	1.66492320106634	1.70417565904854	0.00127242731140115
ENSG00000132570	PCBD2	2e-06	0.917631094392002	0.954490208131596	0.970540399526336	0.974963449062676	1.01611966536328	0.00127054027789164
ENSG00000197291	RAMP2-AS1	9e-09	0.192922492622779	0.203126561810718	0.184933667787146	0.181897643108388	0.268105395381216	0.00126521939937086
ENSG00000241458	RPL7P19	6e-09	0.350497247084133	0.266194746727122	0.287487449558333	0.31034012061215	0.266566096804047	0.0012506311405207
ENSG00000256166	LINC02571	2e-23	0.337034987277571	0.296981737757132	0.271027196587324	0.282933963271499	0.241008099503795	0.00124570484464382
ENSG00000204463	BAG6	4e-19	5.53489073202065	5.55974940282156	5.54837103423249	5.55656785753102	5.62558572345688	0.00123809619409335
ENSG00000214960	CRPPA	2e-09	0.194647430853544	0.165517899919532	0.187521961489396	0.236723128717946	0.249613890071472	0.00123799054746175
ENSG00000185634	SHC4	4e-08	0.208994566120905	0.172836596862216	0.169142840923892	0.256027616728735	0.195920209975257	0.00123123701502537
ENSG00000115234	SNX17	4e-14	5.36449547008939	5.27641830301896	5.35680313616582	5.33850876295985	5.32354819055552	0.00121856575745723
ENSG00000219806	ATP5PBP6	1e-12	0.137503523749935	0.180572245641821	0.232660756790275	0.180572245641821	0.20163386116965	0.0012076853162362
ENSG00000198455	ZXDB	4e-09	1.54694532677161	1.639597757298	1.59006939115424	1.57978226161548	1.61172941028394	0.00120612993453013
ENSG00000259577	CERNA1	2e-10	0.477298946286842	0.384596385714707	0.407175381505873	0.414253212746406	0.411301558371399	0.00120099183924138
ENSG00000264107	MIR4733HG	4e-08	0.603109847431415	0.546769347218338	0.515641440217249	0.551603903774725	0.58626164087278	0.00118976647885068
ENSG00000076984	MAP2K7	2e-20	2.9577717646107	3.01134497359401	2.99423305678111	3.00387300914721	3.05369712317975	0.00118901062247851
ENSG00000006194	ZNF263	2e-08	2.78912156668059	2.85431068048715	2.83772857110112	2.83588062023889	2.88401612935593	0.00118818379635561
ENSG00000100014	SPECC1L	1e-07	2.36257007938471	2.40455898147458	2.41982573812789	2.42950798208718	2.45500390659649	0.00117237410501807
ENSG00000167363	FN3K	5e-13	0.318887640567311	0.359895945086383	0.39611283841137	0.320024384418623	0.321232652578939	0.00117232066812333
ENSG00000266962	HSD17B1-AS1	3e-24	0.6634885819682	0.643491673402493	0.704580147368572	0.690895945470221	0.730792584911029	0.00117179461998386
ENSG00000215016	RPL24P7	5e-06	0.35453276031929	0.337581359198848	0.331011199649801	0.269033146455237	0.298658315564515	0.0011647708993806
ENSG00000068024	HDAC4	1e-08	0.752419246572719	0.759267987960618	0.740950518729197	0.770999506839788	0.828047317210705	0.00115951345618134
ENSG00000087365	SF3B2	1e-09	5.34278290700692	5.43436485798725	5.38499036263706	5.41066789965108	5.38999983988536	0.00115428874767095
ENSG00000188612	SUMO2	8e-09	4.65711228647699	4.64628394809419	4.62718458713117	4.68000970935413	4.59035575949137	0.00114042538105992
ENSG00000196274	Metazoa_SRP	9e-11	0.432959407276106	0.490570130446201	0.437808806937502	0.404695555057385	0.412028749406506	0.00113606364651574
ENSG00000112561	TFEB	3e-10	4.54545248571373	4.4594316186373	4.52289450518187	4.48320900192042	4.49437245964578	0.00113593528649459
ENSG00000186577	SMIM29	7e-17	2.84755645622612	2.91597370037096	2.91097755313176	2.93657461985837	2.91443552523379	0.00113546152087282
ENSG00000138160	KIF11	7e-06	4.92370296405935	4.9274972851461	4.85002054616007	4.92946523180999	4.91819324467402	0.00113430859895479
ENSG00000140443	IGF1R	3e-08	0.321264634291219	0.248264946503453	0.243997625783454	0.241501244284152	0.273138364377893	0.00112582239034401
ENSG00000147647	DPYS	2e-09	0.20163386116965	0.137503523749935	0.150559676575381	0.137503523749935	0.202816882999687	0.00112193919486013
ENSG00000206921	RNU6-481P	2e-06	1.07246963833245	1.02581629180414	1.0860477405573	1.00389391610449	1.04890960048095	0.00112076138531325
ENSG00000230037	UBBP1	1e-08	0.391358502809333	0.302562770020431	0.330148601692331	0.361598240317383	0.339137384919586	0.00112011439347519
ENSG00000146243	IRAK1BP1	3e-08	1.02592443094121	1.03673467203958	1.06526429571353	0.998447880387259	0.979593789338163	0.0011135109770729
ENSG00000170175	CHRNB1	4e-06	1.86289276660852	1.83953532780675	1.84201592950422	1.85315861167073	1.92087135021546	0.00110861648481024
ENSG00000213186	TRIM59	8e-14	2.18569231730063	2.25032335408424	2.19024498582191	2.25200407744699	2.1966919110051	0.0011059944575883
ENSG00000186184	POLR1D	3e-08	3.96996362624519	3.87826069707852	3.93124045702427	3.92232063617812	3.93895180484082	0.00109938331202782
ENSG00000204428	LY6G5C	6e-15	0.445237737054543	0.431271057123336	0.412708693218871	0.459713642886243	0.374542721050784	0.00108761913909078
ENSG00000149084	HSD17B12	2e-13	3.40957743927815	3.36972360598374	3.40830715365962	3.46224938328478	3.40843708814204	0.00108597815928156
ENSG00000159202	UBE2Z	2e-13	5.2060214400358	5.13101754680932	5.20945336562895	5.16128090703306	5.18381656591347	0.00107368030464318
ENSG00000138769	CDKL2	6e-11	0.169925001442312	0.157324964662679	0.225174862007775	0.22633960585311	0.214940117632749	0.00106712331841494
ENSG00000177479	ARIH2	8e-06	3.37942597526969	3.46769134563123	3.42125911632915	3.43812111239188	3.44163864851044	0.00106387210360333
ENSG00000105705	SUGP1	4e-12	2.90583328882548	2.92599941855622	2.93926659756319	2.97061619321891	2.98574601631976	0.0010607851632951
ENSG00000196782	MAML3	2e-12	0.208586621811418	0.137503523749935	0.187627003175771	0.137503523749935	0.147557188413858	0.00105509898975617
ENSG00000204525	HLA-C	1e-17	8.99739663982128	8.95333876650002	8.93142908159679	8.99957575813989	9.00145563768092	0.00103991939843158
ENSG00000272325	NUDT3	8e-11	0.525393234487887	0.508266803528353	0.551482940809816	0.533375788614924	0.592592941845534	0.001034353744616
ENSG00000204393	NOL4L-DT	4e-08	0.16349873228288	0.214124805352847	0.137503523749935	0.156119201917282	0.20163386116965	0.00103349090169125
ENSG00000185122	HSF1	4e-20	3.78912156668059	3.76665095147931	3.81173336256818	3.82278496262721	3.85069605615591	0.00103035764781366
ENSG00000232625	RPL23AP31	1e-15	0.247927513443585	0.263034405833794	0.286881147788162	0.313660478903762	0.232660756790275	0.0010285831861604
ENSG00000100325	ASCC2	4e-14	4.11242518530879	4.16231181733244	4.1750318918754	4.18279480169335	4.19492281815204	0.00102069244580013
ENSG00000104324	CPQ	6e-13	0.181329764714562	0.16635838642212	0.152330941427574	0.165517899919532	0.233537508589297	0.0010073158591314
ENSG00000188603	CLN3	1e-10	0.20233847414624	0.203655858754862	0.247437550782775	0.235628248493142	0.277817623634257	0.00100611813767172
ENSG00000229932	YWHAZP3	1e-08	0.492190529389543	0.468938704381673	0.491547731731034	0.520990171629827	0.55019708256048	0.000985916740480383
ENSG00000189045	ANKDD1B	5e-25	0.373570881983459	0.354956895274833	0.432959407276106	0.393941663823336	0.3618328821071	0.000984502541688026
ENSG00000174502	SLC26A9	1e-09	0.207324973247506	0.137503523749935	0.137503523749935	0.137503523749935	0.137503523749935	0.000975006961988378
ENSG00000109180	OCIAD1	1e-10	4.85030706724215	4.82514290617072	4.83450467022684	4.82607003814351	4.76803560099545	0.000972300053702295
ENSG00000271614	ATP2B1-AS1	4e-08	0.597590109048906	0.653180729570927	0.639182891719043	0.576665166328209	0.625908050720072	0.000968197732901333
ENSG00000138336	TET1	1e-15	0.34520294741462	0.287389676182884	0.336129787114659	0.29373120305671	0.35563139855557	0.000963256132981031
ENSG00000260420	LINC02182	8e-09	0.263034405833794	0.20163386116965	0.20163386116965	0.263034405833794	0.222392421336448	0.000962274249418798
ENSG00000172987	HPSE2	2e-10	0.209792384556814	0.137503523749935	0.137503523749935	0.176322772640463	0.149377624038227	0.000962170736061057
ENSG00000236762	RPL19P16	5e-17	0.382469636822413	0.348610137539868	0.333423733725192	0.30653604447038	0.374470458031866	0.00095371709556001
ENSG00000131828	PDHA1	8e-11	4.75782040628576	4.72763389283003	4.67603208145223	4.73696559416621	4.70976149324447	0.000950250876882981
ENSG00000237784	RPS20P12	7e-22	0.398549376490275	0.397963985919902	0.350497247084133	0.432959407276106	0.374065718222538	0.000948284743982036
ENSG00000114861	FOXP1	1e-11	0.189033824390017	0.196673300267917	0.245332404100335	0.172836596862216	0.168530419370559	0.000940564005821216
ENSG00000240857	RDH14	3e-09	3.56232630427813	3.50294692621326	3.54738681927159	3.57718515012944	3.51862000589246	0.000937866708776862
ENSG00000188825	LINC00910	4e-11	0.46948528330122	0.402837045673317	0.465557721434139	0.423636628205043	0.466781074372842	0.000932124386697848
ENSG00000181513	ACBD4	5e-08	2.16816239274305	2.1409508253684	2.15621758202171	2.09019780897158	2.12417941122073	0.000926307693314531
ENSG00000230753	ZNF341-AS1	5e-06	0.178337241258512	0.235448574161894	0.189033824390017	0.241972790305964	0.184424571137428	0.000919929002945151
ENSG00000225914	TSBP1-AS1	8e-09	0.218423519133502	0.153474480661718	0.169925001442312	0.158064846232251	0.210566985939658	0.000918776621657948
ENSG00000243660	ZNF487	6e-10	0.281615831575519	0.290610650186219	0.347484727633105	0.301714873997853	0.341889826545033	0.00090921359188209
ENSG00000243629	LINC00880	3e-19	0.214825312791174	0.263034405833794	0.217805151840796	0.221214230139166	0.178145508247281	0.000907969190728359
ENSG00000104343	UBE2W	7e-10	1.69187770463767	1.75657387879136	1.74919189649947	1.71822903158462	1.69419157047591	0.000907408285474524
ENSG00000075399	VPS9D1	2e-16	1.38216555945995	1.35792235375139	1.41810380232663	1.37791485177019	1.43055591643967	0.000903870761427371
ENSG00000176428	VPS37D	1e-10	0.473106555534374	0.454654478375425	0.400783515598602	0.417970233056653	0.416774639814901	0.000900981272519443
ENSG00000204188	GGNBP1	2e-13	0.249798578677099	0.228268987673117	0.198144875089771	0.222392421336448	0.27762194205684	0.000899471166097518
ENSG00000146166	LGSN	4e-08	0.253756592245783	0.184706045148834	0.200174381995217	0.208994566120905	0.17730453180791	0.000898832795181188
ENSG00000181722	ZBTB20	2e-11	0.165644004114436	0.190614860209497	0.15890359535106	0.162004485602549	0.230005605446323	0.000894484545487555
ENSG00000118046	STK11	9e-10	3.13786379221001	3.08119608284798	3.09466732583968	3.08655003195643	3.14448639454109	0.000893718986651625
ENSG00000225499	RPL15P4	4e-11	0.228268987673117	0.263034405833794	0.192645077942396	0.263034405833794	0.222392421336448	0.000890931339247969
ENSG00000262585	LINC01979	2e-08	0.171318236742179	0.194010619966625	0.210804447061236	0.152330941427574	0.137503523749935	0.000890118297434431
ENSG00000218233	NEPNP	8e-13	0.257720605937326	0.24872656914991	0.285509438589613	0.235147448082552	0.204617719608472	0.000883870156960475
ENSG00000160321	ZNF208	7e-23	0.241660755041227	0.182544487973426	0.171206827418142	0.207077999859778	0.228268987673117	0.000882342503683539
ENSG00000089234	BRAP	3e-07	3.0958317047875	3.1749782291686	3.14931472176703	3.15606948038772	3.15362318911321	0.000881770941047316
ENSG00000241431	RPL37P6	5e-12	0.639263885124868	0.635367454158399	0.617977557949119	0.650057528943041	0.574878719992125	0.000872291178541597
ENSG00000237781	ADAMTSL4-AS2	9e-10	0.25032335408424	0.204931451270226	0.183599938339389	0.244887059123534	0.242856523896164	0.000867955913069524
ENSG00000103494	RPGRIP1L	9e-13	0.870716983055034	0.874745205380554	0.847143997844983	0.828037498917864	0.805037339164205	0.000858846283136321
ENSG00000100319	ZMAT5	4e-09	2.28336824835632	2.24712801492443	2.2940340887517	2.23233065839257	2.23162570111448	0.00085356609204636
ENSG00000269929	MIRLET7A1HG	3e-14	0.441304273937934	0.476028129167992	0.469307161806965	0.475919741425866	0.408711861029429	0.000852974139942101
ENSG00000160801	PTH1R	2e-08	0.187932950593075	0.165337731946661	0.137503523749935	0.153805336079035	0.211715628548814	0.000848470849601339
ENSG00000165066	NKX6-3	8e-79	0.251352600786159	0.199122642013601	0.210566985939658	0.228268987673117	0.174497731232136	0.000846176393213733
ENSG00000116678	LEPR	2e-09	0.46259889771598	0.538668848447221	0.490897804681828	0.484318340722402	0.512951255805768	0.000842074623585979
ENSG00000164530	PI16	5e-08	0.211106613789933	0.169925001442312	0.158064846232251	0.178337241258512	0.226841754210413	0.000838782368759174
ENSG00000198492	YTHDF2	1e-10	4.3447348692055	4.41028396930821	4.40686084272056	4.41358243607846	4.38457762395308	0.000827508416609705
ENSG00000223729	LINC02247	2e-08	0.20163386116965	0.137503523749935	0.137503523749935	0.137503523749935	0.137503523749935	0.00082254003551331
ENSG00000135373	EHF	5e-06	0.137503523749935	0.137503523749935	0.137503523749935	0.20163386116965	0.137503523749935	0.00082254003551331
ENSG00000197826	CFAP299	2e-08	0.137503523749935	0.137503523749935	0.20163386116965	0.137503523749935	0.137503523749935	0.00082254003551331
ENSG00000226926	PDZPH1P	1e-16	0.137503523749935	0.20163386116965	0.137503523749935	0.137503523749935	0.137503523749935	0.00082254003551331
ENSG00000146966	DENND2A	3e-09	0.137503523749935	0.137503523749935	0.137503523749935	0.137503523749935	0.20163386116965	0.000822540035513309
ENSG00000158786	PLA2G2F	1e-08	0.137503523749935	0.137503523749935	0.137503523749935	0.137503523749935	0.20163386116965	0.000822540035513309
ENSG00000188425	NANOS2	5e-06	0.137503523749935	0.137503523749935	0.137503523749935	0.137503523749935	0.20163386116965	0.000822540035513309
ENSG00000229165	GDI2P1	9e-11	0.137503523749935	0.137503523749935	0.137503523749935	0.137503523749935	0.20163386116965	0.000822540035513309
ENSG00000130035	GALNT8	1e-06	0.244125943283729	0.170376478535932	0.199364877675655	0.189824558880017	0.180572245641821	0.000814127207972315
ENSG00000155657	TTN	1e-08	0.341454062565713	0.339437477492875	0.404253823565603	0.34348423825381	0.374765982791722	0.000803417165540129
ENSG00000100150	DEPDC5	3e-08	1.0375560046236	1.01735934412159	1.0326261007749	1.02917737102572	1.09032060720469	0.000803082225134937
ENSG00000168671	UGT3A2	3e-08	0.147557188413858	0.153805336079035	0.147957881387101	0.137503523749935	0.208586621811417	0.000800187174262494
ENSG00000241318	WDR82P2	9e-09	0.272113699744656	0.321928094887362	0.288797501898876	0.259595321867023	0.321178448187778	0.000800061487259635
ENSG00000108590	MED31	2e-08	2.32192809488736	2.24712801492443	2.27513388340842	2.29056392397803	2.30234369856896	0.000799450592701661
ENSG00000196114	IFITM3P3	5e-07	0.405387329245125	0.467778961350817	0.420575682820274	0.420180802554803	0.393431043089469	0.000797954283746358
ENSG00000186940	CHCHD2P9	6e-11	0.37851162325373	0.312787441030894	0.354182293891989	0.313660478903762	0.332382452524529	0.000790558954775748
ENSG00000260192	LINC02240	6e-06	0.240597016714039	0.19960902569216	0.172389041393793	0.182203331220749	0.175442006409878	0.000788331406907097
ENSG00000267374	MIR924HG	5e-13	0.20163386116965	0.137503523749935	0.18168845075815	0.19377174339668	0.149377624038227	0.000786164734078966
ENSG00000204632	HLA-G	2e-08	1.09412217736455	1.17026969026032	1.12136818126411	1.11762355311096	1.11676706555314	0.000783366216894607
ENSG00000186628	FSD2	1e-08	0.235289415350889	0.183475637728371	0.200207568378355	0.252476214135217	0.205020470801978	0.00078197192046533
ENSG00000231848	KRTCAP2P1	2e-14	0.371968777386958	0.307428525192247	0.326729081151183	0.300509111252457	0.326360341202623	0.0007766699945859
ENSG00000165533	TTC8	1e-23	0.421036239900287	0.410040815042958	0.354446093750262	0.401007939374786	0.421506994608402	0.000767286083681198
ENSG00000180389	ATP5F1EP2	5e-10	0.952246868551632	0.906054008144723	0.94315413959529	0.983373681412591	0.950582676465815	0.00076368523632121
ENSG00000160808	MYL3	2e-08	0.201633861169651	0.143452790081121	0.180572245641821	0.137503523749935	0.148391839892671	0.000761136620046167
ENSG00000122641	INHBA	1e-10	0.188367606395777	0.14172810961166	0.150892900977114	0.142740172116082	0.200103150107337	0.000753523591358365
ENSG00000187486	KCNJ11	3e-48	0.239575433009805	0.18269229751619	0.16635838642212	0.189033824390017	0.193910045178974	0.000748305262802158
ENSG00000125755	SYMPK	4e-06	4.21073823587052	4.1749782291686	4.18856254243486	4.22322322760236	4.24365538997568	0.000744633878729989
ENSG00000095777	MYO3A	1e-09	0.180572245641821	0.137503523749935	0.192645077942396	0.137503523749935	0.137503523749935	0.000741613534611995
ENSG00000101421	CHMP4B	6e-09	6.65664094586592	6.6027281629782	6.60244222270072	6.62197307187628	6.58546897607861	0.000739091125749772
ENSG00000177875	CCDC184	2e-09	0.214124805352847	0.250650681377961	0.245756414401958	0.208586621811417	0.185555653156076	0.000737420927664372
ENSG00000204685	STARD7-AS1	3e-08	1.45567948377619	1.52184422580586	1.49525969777292	1.48265401247681	1.46090450803617	0.000723388748271238
ENSG00000187942	LDLRAD2	5e-10	0.263034405833794	0.225881407416328	0.207476429343481	0.237304130740376	0.273230172939682	0.00072240446322978
ENSG00000176697	BDNF	2e-10	0.198643818563839	0.137503523749935	0.137503523749935	0.149377624038227	0.175977671564571	0.00071836272932658
ENSG00000256862	PARP11-AS1	4e-06	0.218487966880532	0.215678596607928	0.258574757643094	0.241008099503795	0.278366059589784	0.000710733418557995
ENSG00000224467	TANK-AS1	6e-09	0.36764381260858	0.316332631993843	0.302562770020431	0.346865996637264	0.315945936872236	0.000709637374023867
ENSG00000271356	USP21P2	1e-23	0.16349873228288	0.137503523749935	0.137503523749935	0.169925001442312	0.20163386116965	0.000709012164785919
ENSG00000204290	BTNL2	3e-20	0.18997094364407	0.158219500790034	0.163935317258488	0.171450855673273	0.22404027421793	0.000708228527250962
ENSG00000228285	LYPLA2P1	2e-08	0.215012890970851	0.180572245641821	0.228268987673117	0.231523433088576	0.252542032016151	0.000706756151499989
ENSG00000134014	ELP3	2e-08	3.6253475722019	3.67925784438278	3.63647036285402	3.68484286309007	3.66892481186548	0.000704200316906179
ENSG00000025423	HSD17B6	7e-15	0.579609266226949	0.593124870674516	0.595267509112895	0.634768120891777	0.63800873508279	0.000701588706272218
ENSG00000107679	PLEKHA1	1e-10	0.263034405833794	0.294061301454418	0.307118434908219	0.246546283045225	0.302119613807182	0.000699052626941229
ENSG00000232202	CHORDC1P1	8e-12	0.173767067736707	0.21364637887163	0.229867541898594	0.244210531542139	0.210896782498618	0.000697939537354103
ENSG00000259050	CHORDC2P	5e-08	0.20163386116965	0.16349873228288	0.137503523749935	0.153805336079035	0.137503523749935	0.000697210902821048
ENSG00000110435	PDHX	3e-08	3.60072981657947	3.63226821549951	3.65364550666215	3.64943003459932	3.67019871485412	0.000695286815264027
ENSG00000167711	SERPINF2	2e-06	0.242512081960448	0.186798820006708	0.187224802158143	0.199787802004277	0.174807222822058	0.000690935550466673
ENSG00000140479	PCSK6	2e-08	0.15548126467899	0.211666014743389	0.208419478783843	0.203424916695638	0.165737204478879	0.000690897793489788
ENSG00000142149	HUNK	4e-06	0.202816882999687	0.186413124230881	0.188129596819903	0.199122642013601	0.137503523749935	0.000690083559117721
ENSG00000152527	PLEKHH2	4e-13	0.137503523749935	0.16349873228288	0.137503523749935	0.20163386116965	0.159198594849254	0.000689589268666316
ENSG00000159167	STC1	3e-09	0.204617719608472	0.15704371014558	0.147068387785469	0.137503523749935	0.151243580376237	0.000687050072667881
ENSG00000146729	NIPSNAP2	2e-08	3.52287249604825	3.51096191927738	3.54080817111492	3.52423627018048	3.47117284349	0.000686393796622396
ENSG00000136463	TACO1	4e-08	3.84424878559674	3.82031334786924	3.80406234921525	3.87235217690404	3.82690549282115	0.000677237359242403
ENSG00000259471	LINC01169	5e-08	0.180572245641821	0.137503523749935	0.180572245641821	0.20163386116965	0.149377624038227	0.000676381524821341
ENSG00000152932	RAB3C	1e-08	0.217805151840796	0.182415945625509	0.189033824390017	0.220329954879556	0.158337027167101	0.000672447232166391
ENSG00000244157	EIF4E2P2	2e-11	0.385324835637222	0.391424942056893	0.432959407276106	0.418445250242799	0.444932048942182	0.000666501010305709
ENSG00000151353	TMEM18	2e-17	2.67459971320583	2.65655658445784	2.69807658077261	2.70876870233555	2.71902342345585	0.000651403798255816
ENSG00000178996	SNX18	1e-08	0.295824340951463	0.2784644464034	0.240646174082934	0.238260904407799	0.276632009234516	0.000642540336300937
ENSG00000144962	SPATA16	2e-11	0.204358498506186	0.219445137286111	0.19377174339668	0.151487753185636	0.187627003175771	0.000641820330820562
ENSG00000259493	TFDP1P3	2e-07	0.358066854456732	0.361438109894788	0.364077991767492	0.353188843090399	0.415037499278844	0.000640278182990894
ENSG00000231646	FSIP2-AS1	3e-09	0.31034012061215	0.285837355358048	0.28154153478691	0.283973743526157	0.24031432933371	0.00063672784568775
ENSG00000234814	SVIL2P	1e-08	0.352381891429076	0.341036917835067	0.325027333546249	0.393072167782052	0.353355013038488	0.000632967229313287
ENSG00000105792	CFAP69	5e-08	0.20163386116965	0.14147242595288	0.148098638989134	0.146220740851044	0.170670387685134	0.000627226931437291
ENSG00000134443	GRP	2e-10	0.189033824390017	0.185866545311334	0.16349873228288	0.137503523749935	0.137503523749935	0.000625130042795589
ENSG00000231993	EP300-AS1	8e-10	0.604629534177233	0.619413010597937	0.645891499363488	0.603044859704614	0.577873075934837	0.000621503612684605
ENSG00000100867	DHRS2	4e-21	0.293435884374345	0.252766070379967	0.248587634727529	0.2487437482834	0.296981737757132	0.000616647011020623
ENSG00000223820	CFL1P1	3e-14	0.362209810924629	0.375002837476591	0.426121977222552	0.399095955409822	0.400783515598602	0.000616526218646686
ENSG00000168056	LTBP3	4e-20	0.678071905112638	0.62686945245508	0.626314857501745	0.615659297944073	0.62545438429334	0.000615131140206846
ENSG00000161040	FBXL13	1e-08	0.203091865377511	0.20782421887612	0.248587634727529	0.192008454394128	0.185279248319348	0.000610344967525382
ENSG00000182272	B4GALNT4	4e-18	0.153805336079035	0.165737204478879	0.137503523749935	0.196800707433707	0.137503523749935	0.000605700213417509
ENSG00000131781	FMO5	9e-12	0.23764908741388	0.210566985939658	0.247092861964772	0.232990779676511	0.277984747299765	0.000601552275304753
ENSG00000108786	HSD17B1	3e-24	0.319361021183564	0.279923419538939	0.329276302832158	0.29373120305671	0.338047760250639	0.000598443490541929
ENSG00000170209	ANKK1	3e-08	0.189717728190873	0.186126420128012	0.204482223478681	0.162782932198293	0.142539113647233	0.000597474594507684
ENSG00000108255	CRYBA1	5e-11	0.168397531695719	0.176322772640463	0.192645077942396	0.231523433088576	0.187932950593075	0.000594972628238052
ENSG00000197296	FITM2	1e-11	0.988060386688475	1.0060617527872	1.03562390973072	1.0480561413445	1.00646949532956	0.000594816459974895
ENSG00000260886	TAT-AS1	7e-09	0.231873474347333	0.187627003175771	0.204931451270226	0.209263149392813	0.167174390426278	0.000589126003609878
ENSG00000224043	CCNT2-AS1	7e-08	0.863938450423971	0.859760355870788	0.912201386125459	0.85144009444443	0.880418384247328	0.000578122107672404
ENSG00000229596	MYL12BP3	2e-08	0.225559700415131	0.27392272197653	0.272252935863173	0.263034405833794	0.289506617194985	0.000573022599852094
ENSG00000222011	FAM185A	3e-11	1.02124541589638	1.03005723385618	1.00994174913871	1.01235720651998	0.968038961797341	0.000570266132027727
ENSG00000173950	XXYLT1	2e-08	1.74959320249396	1.72476514056068	1.74461916670964	1.73230421679634	1.78636141440378	0.000567667947405269
ENSG00000214855	APOC1P1	3e-06	0.197446064206217	0.176322772640463	0.153805336079035	0.20163386116965	0.150559676575381	0.000564233765356703
ENSG00000133216	EPHB2	5e-07	0.219445137286111	0.155278225477911	0.195550809117807	0.20163386116965	0.200024608307993	0.000560765140916451
ENSG00000260704	LINC00543	5e-10	0.232660756790275	0.175086706558091	0.205318907977506	0.202967837261815	0.230612928141416	0.000556614090177176
ENSG00000225968	ELFN1	3e-06	0.218046951060484	0.17980054461198	0.188556189874517	0.223721481808968	0.170840707624047	0.000551296169691067
ENSG00000198060	MARCHF5	9e-33	3.21671921292125	3.27876733209839	3.23982701467247	3.25200407744699	3.23162570111449	0.000546846938323902
ENSG00000231690	LINC00574	5e-06	0.19377174339668	0.148391839892671	0.137503523749935	0.149377624038227	0.137503523749935	0.000544123485130864
ENSG00000133195	SLC39A11	5e-11	2.50063398187188	2.49623358212682	2.55131965689352	2.53498265164447	2.52708158464066	0.000543604100264831
ENSG00000184304	PRKD1	2e-08	0.251352600786159	0.24184018356467	0.212791651054172	0.211012193485512	0.263034405833794	0.000540921734080114
ENSG00000132517	SLC52A1	1e-05	0.224815083603303	0.190720201017903	0.164386817900882	0.205318907977506	0.212660883318674	0.000539477530296071
ENSG00000158022	TRIM63	7e-10	0.194647430853544	0.165337731946661	0.214124805352847	0.225972311612249	0.192645077942396	0.000536927633274954
ENSG00000178055	PRSS42P	8e-12	0.16349873228288	0.137503523749935	0.146841388329271	0.149940626988158	0.196800707433707	0.000535275048604167
ENSG00000230587	LINC02580	4e-08	0.196800707433707	0.14373547746145	0.16349873228288	0.161887682376894	0.137503523749935	0.000534593753215335
ENSG00000177468	OLIG3	3e-08	0.137503523749935	0.189033824390017	0.137503523749935	0.137503523749935	0.137503523749935	0.00053107437681145
ENSG00000128534	LSM8	5e-14	3.431784574116	3.41313796636336	3.41982573812789	3.45236303496766	3.38999983988536	0.00053081399961024
ENSG00000175877	TMEM270	3e-09	0.15200309344505	0.174497731232136	0.189033824390017	0.137503523749935	0.137503523749935	0.000527847167652959
ENSG00000226855	RPSAP17	5e-10	0.255802836602718	0.241544982859574	0.22650852980868	0.249359468936717	0.288125386796624	0.000521310052869419
ENSG00000266258	LINC01909	3e-06	0.235350847148079	0.208853367682731	0.21864028647534	0.20040341756339	0.174029399775049	0.000518059979500971
ENSG00000160695	VPS11	2e-08	3.22522068148727	3.27406544295809	3.2783011624871	3.24220090241663	3.26573355543475	0.000512531947020405
ENSG00000183117	CSMD1	2e-08	0.184424571137428	0.137503523749935	0.137503523749935	0.137503523749935	0.169925001442312	0.000498422411621672
ENSG00000162009	SSTR5	1e-08	0.15200309344505	0.137503523749935	0.137503523749935	0.189033824390017	0.137503523749935	0.000498405162526034
ENSG00000223979	SMCR2	4e-08	0.305678743242287	0.263034405833794	0.27876733209839	0.245756414401958	0.2784644464034	0.000490891745095331
ENSG00000182771	GRID1	6e-11	0.187345474237247	0.146368037297227	0.162271428898877	0.155393682645824	0.198328716445978	0.000483727375265546
ENSG00000255418	LINC02718	6e-07	0.212408332763826	0.188129596819903	0.206107337748959	0.165586065717975	0.16635838642212	0.000473501323505096
ENSG00000213261	EEF1B2P6	2e-22	0.446952679355606	0.409090119512803	0.398549376490275	0.391099444622089	0.417726586806484	0.000469591663853802
ENSG00000130720	FIBCD1	2e-09	0.19423540884849	0.155119066666906	0.157852169141737	0.19960902569216	0.193132392603638	0.000467301801234061
ENSG00000205476	CCDC85C	1e-09	0.346450414021431	0.335832240195914	0.363081582684124	0.345927414182139	0.390927319853588	0.000467117957999623
ENSG00000231402	WASF5P	2e-302	0.187085552600495	0.137503523749935	0.152851488083371	0.137503523749935	0.137503523749935	0.000462689197785862
ENSG00000239198	RPL5P22	2e-08	0.231783471849354	0.218365356500065	0.173926931999809	0.206710799104178	0.211504105193712	0.000461739868695349
ENSG00000165496	RPL10L	2e-09	0.185866545311334	0.169925001442312	0.16349873228288	0.137503523749935	0.137503523749935	0.000446375934493358
ENSG00000259248	USP3-AS1	2e-15	0.236840465288566	0.229621725738366	0.256485620004856	0.240752958457787	0.199364877675655	0.000442104433018989
ENSG00000270617	URGCP-MRPS24	3e-08	0.137503523749935	0.180572245641821	0.137503523749935	0.169925001442312	0.137503523749935	0.000441578243625887
ENSG00000198892	SHISA4	4e-14	0.264594919821411	0.26023577248112	0.239383137769148	0.242360837569044	0.211769933596188	0.000437495603055988
ENSG00000234308	LINC01878	5e-10	0.137503523749935	0.148391839892671	0.191141487352008	0.16115479181458	0.147557188413858	0.000431542750310961
ENSG00000256356	HSPA8P5	4e-55	0.173926931999808	0.18938531544813	0.19423540884849	0.219168520462161	0.223036337901875	0.000430949926265342
ENSG00000179698	WDR97	8e-09	0.190521906049426	0.175340344927396	0.203283598388743	0.177146228736386	0.147713722352154	0.000429477623844132
ENSG00000118420	UBE3D	4e-08	0.918470114503402	0.948994220376744	0.930837975492604	0.947072866872981	0.973002367063	0.00042500237833905
ENSG00000155849	ELMO1	8e-06	4.15754127698648	4.13491263103165	4.18687813472351	4.15258470806324	4.17711154203558	0.000422336234461651
ENSG00000172765	TMCC1	7e-06	2.15754127698648	2.19832871644598	2.19360399791182	2.15432814639129	2.16812275880833	0.000416968871089469
ENSG00000165060	FXN	2e-08	1.20163386116965	1.19567913803203	1.19628558797921	1.24220090241663	1.19456873911213	0.000415276275936456
ENSG00000166391	MOGAT2	3e-11	0.20163386116965	0.158429362604483	0.155605330125246	0.166116262558014	0.151101127150657	0.00041386499232474
ENSG00000157368	IL34	4e-08	0.184424571137428	0.137503523749935	0.150559676575381	0.137503523749935	0.137503523749935	0.000413148726366035
ENSG00000248727	LINC01948	1e-08	0.153805336079035	0.156119201917282	0.167456745851563	0.197446064206217	0.146220740851044	0.000403127202866452
ENSG00000213432	RPL17P34	6e-19	0.35267161831847	0.313307612315018	0.332878394447903	0.350497247084133	0.309798873169715	0.000403096922727658
ENSG00000079308	TNS1	4e-08	0.244577501126233	0.257085139502607	0.217805151840796	0.221835288662643	0.208814014835907	0.000402582094722361
ENSG00000226251	LINC02608	5e-08	0.413501900367619	0.406453653058149	0.443606651475615	0.415037499278844	0.451301043265615	0.000402143397887976
ENSG00000166126	AMN	2e-08	0.250785860112273	0.195065482157798	0.224560258019158	0.23139874034512	0.223721481808968	0.000400925308232838
ENSG00000238099	LINC01625	1e-12	0.17730453180791	0.137503523749935	0.149377624038227	0.137503523749935	0.176322772640463	0.000398550711543006
ENSG00000178082	TWF1P1	5e-11	0.235832678275156	0.241660755041227	0.242275845666996	0.196397212803503	0.242543880046009	0.000398002962330287
ENSG00000130203	APOE	2e-26	0.230368216913471	0.235174601372802	0.207691371990019	0.221040317169167	0.185866545311334	0.000394142550987585
ENSG00000196132	MYT1	2e-12	0.152851488083371	0.154220918694869	0.173926931999809	0.16635838642212	0.201633861169651	0.000393057701265315
ENSG00000196526	AFAP1	3e-09	0.227114831578851	0.188709295080159	0.18653626835975	0.226668660231275	0.20163386116965	0.000392452557749443
ENSG00000164111	ANXA5	9e-06	6.32450203855119	6.360512139108	6.33186984402607	6.36227379662148	6.36779510364469	0.000388702130653513
ENSG00000162836	ACP6	5e-08	0.925999418556223	0.917984425492103	0.935660358949448	0.91370015360578	0.883576885924045	0.000386276975080504
ENSG00000231254	PCED1CP	5e-10	0.180572245641821	0.189033824390017	0.192645077942396	0.230612928141416	0.207324973247506	0.000385647244980007
ENSG00000184106	TREML3P	2e-06	0.15754127698648	0.187085552600495	0.153805336079035	0.185866545311334	0.197939377611909	0.000383475059146159
ENSG00000132394	EEFSEC	2e-08	3.84314454134773	3.85326030181615	3.82478951539362	3.87869370377787	3.84844711565234	0.00037959529379406
ENSG00000183682	BMP8A	3e-08	0.264726716926246	0.247128014924433	0.250650681377961	0.230612928141416	0.282201816571751	0.00037753533552167
ENSG00000197506	SLC28A3	2e-09	0.197146470177337	0.160223600250018	0.144639705031564	0.162938571126206	0.160026540376074	0.000374933953533835
ENSG00000171435	KSR2	2e-15	0.16635838642212	0.137503523749935	0.137503523749935	0.180572245641821	0.144389909335175	0.000373184483168203
ENSG00000270858	VDAC1P5	2e-07	0.137503523749935	0.180572245641821	0.137503523749935	0.137503523749935	0.159198594849254	0.000371680284720896
ENSG00000163599	CTLA4	2e-16	0.137503523749935	0.137503523749935	0.180572245641821	0.137503523749935	0.137503523749935	0.000370982961080121
ENSG00000165078	CPA6	9e-06	0.180572245641821	0.137503523749935	0.137503523749935	0.137503523749935	0.137503523749935	0.000370982961080121
ENSG00000227968	BUB3P1	8e-06	0.180572245641821	0.137503523749935	0.137503523749935	0.137503523749935	0.137503523749935	0.000370982961080121
ENSG00000240704	KLF7P1	1e-11	0.137503523749935	0.180572245641821	0.137503523749935	0.137503523749935	0.137503523749935	0.000370982961080121
ENSG00000170044	ZPLD1	3e-06	0.137503523749935	0.137503523749935	0.137503523749935	0.137503523749935	0.180572245641821	0.000370982961080121
ENSG00000104626	ERI1	2e-08	2.78222420673392	2.82246181444781	2.78303305031487	2.81839319351005	2.80039097430784	0.000359598330058829
ENSG00000139547	RDH16	4e-08	0.171809645787255	0.170746815785747	0.199053779931972	0.19576753575522	0.153805336079035	0.000358744488393948
ENSG00000213235	EEF1A1P16	4e-08	0.360116355298543	0.327286299898557	0.312277924853643	0.317800209264686	0.322718396216842	0.000352769106748994
ENSG00000139219	COL2A1	2e-16	0.143452790081121	0.137503523749935	0.180572245641821	0.137503523749935	0.137503523749935	0.000352438985348136
ENSG00000151726	ACSL1	2e-18	4.52562836133875	4.51029570128314	4.54146738750331	4.56018899929516	4.5284870353518	0.000350225878937016
ENSG00000230204	FTH1P5	3e-06	0.282933963271499	0.241008099503795	0.256692878959967	0.235020029664197	0.248820546614093	0.000348544334318446
ENSG00000278811	LINC00624	6e-06	0.225906905512685	0.246815895275665	0.260062839302503	0.211666014743389	0.234121713918555	0.000348284530992929
ENSG00000112981	NME5	1e-08	0.20163386116965	0.221835288662643	0.194647430853544	0.198735912339421	0.169925001442312	0.000344808963779432
ENSG00000187166	H1-7	5e-14	0.185866545311334	0.159198594849254	0.148391839892671	0.168037891898047	0.137503523749935	0.00034374207630912
ENSG00000226677	IGBP1P1	4e-08	0.339517491637866	0.314314910777487	0.350139124942319	0.333423733725192	0.305125739322827	0.000340363183577012
ENSG00000218890	NUFIP1P1	2e-06	0.323269512967164	0.344959063542703	0.368613162187492	0.362570079384708	0.33783143634298	0.000339978427419252
ENSG00000153993	SEMA3D	2e-08	0.16115479181458	0.137503523749935	0.137503523749935	0.145677455195635	0.180572245641821	0.000339822637286151
ENSG00000217325	PRELID1P1	3e-12	0.222392421336448	0.189636328070058	0.190331212104149	0.225972311612249	0.192645077942396	0.000335739421492314
ENSG00000169519	METTL15	5e-08	1.48486050918814	1.52764984748707	1.50610708000992	1.48320900192042	1.49581012298437	0.000332347548009734
ENSG00000214439	FAM185BP	5e-13	0.381283372503784	0.336812331973342	0.344053756958655	0.346650524298594	0.339575960706787	0.000326818465541732
ENSG00000258725	PRC1-AS1	1e-22	0.264574923909576	0.293773860469847	0.280686424195831	0.296981737757131	0.255684950098249	0.000323488186805462
ENSG00000169783	LINGO1	5e-65	0.181474776194176	0.148391839892671	0.144389909335175	0.137503523749935	0.165737204478879	0.000319330641120658
ENSG00000168509	HJV	9e-22	0.204617719608472	0.16635838642212	0.168953162374988	0.158064846232252	0.175571564583454	0.000318791427322457
ENSG00000100330	MTMR3	6e-13	0.592342031086754	0.622930350920177	0.615336149764675	0.585996320214258	0.624403240319052	0.000318732857379133
ENSG00000179965	ZNF771	1e-06	0.549655631985203	0.509095733063874	0.531812794202392	0.540859217981143	0.511814827987346	0.000316524297564276
ENSG00000175779	LINC02694	2e-13	0.184424571137427	0.150941898074739	0.155882053064789	0.139976009429456	0.143452790081121	0.000310522280198781
ENSG00000132874	SLC14A2	4e-11	0.157239741811197	0.146624913718483	0.145850866463455	0.162667447304023	0.189033824390017	0.000309096677775383
ENSG00000181322	NME9	8e-12	0.166116262558014	0.182268536302719	0.20006486151431	0.190183840426112	0.156947147444102	0.000307935393176309
ENSG00000115239	ASB3	1e-08	0.424124749901345	0.44248958208888	0.428404723016672	0.42084312096005	0.394631288617007	0.000303923510915013
ENSG00000249252	C1QTNF7-AS1	3e-08	0.246758866120963	0.27500704749987	0.273018494406416	0.263034405833794	0.234618723669707	0.000302999734218717
ENSG00000069020	MAST4	2e-08	0.187085552600495	0.181256473798298	0.15666310203339	0.198440879325793	0.162667447304023	0.000299577693992099
ENSG00000196296	ATP2A1	2e-12	0.577545029158673	0.596056330604741	0.623328940518206	0.589138176692349	0.605350497721237	0.000298974485465298
ENSG00000106246	PTCD1	2e-08	0.85677779209716	0.816438026820042	0.841159476501396	0.859157352292172	0.84979690060116	0.000298033779223381
ENSG00000159197	KCNE2	8e-08	0.203533394085132	0.204617719608472	0.185497805362773	0.175742328037626	0.165337731946661	0.000295492024415047
ENSG00000256849	TCP1P3	2e-09	0.221214230139166	0.210804447061236	0.230005605446323	0.240597016714038	0.196088581923967	0.000295451204923315
ENSG00000112182	BACH2	1e-11	0.168397531695719	0.144512582269298	0.144771524213974	0.155749232677945	0.184895578337461	0.000294895952608642
ENSG00000236565	HNRNPA3P5	8e-10	0.454031630894707	0.42508011384652	0.442443656619496	0.412693558810544	0.420331798948357	0.000286339875170811
ENSG00000104835	SARS2	4e-09	0.840048153439459	0.852209157841864	0.88253899259517	0.865131253336805	0.846194663920965	0.000286294526431449
ENSG00000234264	DEPDC1-AS1	7e-06	0.245476034449489	0.216491819896763	0.20945336562895	0.220742684117355	0.245504481276217	0.000284953962268478
ENSG00000230584	CCT5P2	5e-09	0.182415945625509	0.21377929103174	0.212050477114989	0.22474592110942	0.194447320576381	0.000284223858322691
ENSG00000234380	LINC01426	5e-19	0.176322772640463	0.137503523749935	0.146220740851044	0.137503523749935	0.137503523749935	0.000282745209654456
ENSG00000229536	LINC02572	6e-19	0.192998636341638	0.149747119504682	0.158064846232251	0.172594188218297	0.16115479181458	0.000279712639208279
ENSG00000101052	IFT52	4e-12	3.24207478719815	3.21314260058947	3.22019820792354	3.19724312021026	3.22817014247827	0.000279712211882651
ENSG00000170891	CYTL1	5e-11	0.180572245641821	0.15200309344505	0.16349873228288	0.169925001442312	0.137503523749935	0.000275388098386925
ENSG00000187957	DNER	7e-08	0.174497731232136	0.137503523749935	0.137503523749935	0.137503523749935	0.137503523749935	0.000273714277447234
ENSG00000238184	CD81-AS1	4e-06	0.194417793759404	0.215099928770092	0.202816882999687	0.177482961718581	0.217534857687146	0.000267695080449747
ENSG00000180815	MAP3K15	8e-11	0.185279248319349	0.162361707365844	0.17758096312527	0.207324973247506	0.186798820006708	0.00026571459266736
ENSG00000168477	TNXB	3e-14	0.189033824390017	0.196673300267917	0.180572245641821	0.165517899919532	0.157372629486038	0.000264551823661658
ENSG00000134369	NAV1	2e-14	0.178999825823067	0.208291441239362	0.193428938347927	0.202308175293115	0.222392421336448	0.00026345133801605
ENSG00000148737	TCF7L2	8e-62	0.149377624038226	0.180054686877207	0.175667895170803	0.182339171816009	0.150779952175609	0.000263103179222141
ENSG00000272752	STAG3L5P-PVRIG2P-PILRB	9e-09	0.193132392603637	0.182981154267758	0.200103150107337	0.186621290314626	0.15754127698648	0.000262664125703361
ENSG00000184305	CCSER1	1e-08	0.230466543377363	0.203846018578631	0.244745486576353	0.210804447061236	0.224451943514742	0.00026155902836088
ENSG00000118520	ARG1	2e-08	0.206450877467426	0.190979468704986	0.205923769299016	0.208994566120905	0.170606965549026	0.000261206387179385
ENSG00000185924	RTN4RL1	3e-07	0.169925001442312	0.16349873228288	0.137503523749935	0.137503523749935	0.137503523749935	0.000261100309129763
ENSG00000269136	BRI3BPP1	3e-06	0.137503523749935	0.16349873228288	0.169925001442312	0.137503523749935	0.137503523749935	0.000261100309129763
ENSG00000163141	BNIPL	4e-13	0.230130663373132	0.243997625783454	0.241739627470565	0.25180715041054	0.273386951831708	0.000258322648949761
ENSG00000159110	IFNAR2	6e-07	1.61114643252481	1.62981673650542	1.65486451395131	1.63975497356154	1.63800873508279	0.000255430810282136
ENSG00000172965	MIR4435-2HG	2e-13	0.143073781792881	0.169142840923892	0.15250048874075	0.182544487973426	0.151425899982304	0.000251938917405388
ENSG00000232553	CLK2P1	1e-14	0.242856523896163	0.243669080966862	0.218365356500065	0.243669080966862	0.263034405833794	0.000251709861223236
ENSG00000267586	LINC00907	1e-09	0.172836596862216	0.137503523749935	0.137503523749935	0.137503523749935	0.137503523749935	0.000249685211111556
ENSG00000005249	PRKAR2B	3e-08	0.168037891898047	0.14359085362885	0.137503523749935	0.14147242595288	0.169925001442312	0.000242538729801295
ENSG00000135973	GPR45	6e-06	0.160464672193246	0.163498732282879	0.17951105027151	0.198643818563839	0.16853041937056	0.000240250835707065
ENSG00000277914	DDX6P2	6e-22	0.172389041393793	0.15200309344505	0.15754127698648	0.185031893832521	0.185497805362773	0.000237435590882769
ENSG00000058404	CAMK2B	2e-13	0.178500895622126	0.157712811977573	0.142180010959408	0.159723688591498	0.141142100813283	0.000233682371257096
ENSG00000103932	RPAP1	1e-13	3.16286160891974	3.16992500144231	3.14931472176703	3.16647357625338	3.19137811110863	0.00023202848077956
ENSG00000227646	STEAP2-AS1	2e-15	0.144389909335175	0.137503523749935	0.137503523749935	0.16349873228288	0.169925001442312	0.000230356787819529
ENSG00000197614	MFAP5	2e-08	0.194321655749779	0.170433798852237	0.160134498249503	0.18377112730914	0.160274831408593	0.000225392086687044
ENSG00000170382	LRRN2	3e-09	0.152415233153863	0.179323699444562	0.187345474237247	0.187521961489396	0.167919865551935	0.000222014934250129
ENSG00000214432	VPS33B-DT	6e-07	0.206330647871049	0.190521906049426	0.180572245641821	0.172975097802262	0.169925001442312	0.000218143883455001
ENSG00000232203	SLC25A6P2	5e-11	0.191951307772311	0.175849835399418	0.156119201917282	0.186621290314626	0.165737204478879	0.000216270068697997
ENSG00000226327	RPSAP49	4e-10	0.231601897997137	0.20822152120441	0.207324973247506	0.190884620077958	0.204482223478681	0.000215400005231181
ENSG00000234558	API5P1	1e-09	0.169925001442312	0.160134498249503	0.137503523749935	0.143452790081121	0.137503523749935	0.000213616264970432
ENSG00000213449	GAPDHP28	1e-11	0.169925001442312	0.137503523749935	0.137503523749935	0.137503523749935	0.137503523749935	0.000210230443151465
ENSG00000230817	LINC01362	9e-09	0.169925001442312	0.137503523749935	0.137503523749935	0.137503523749935	0.137503523749935	0.000210230443151465
ENSG00000246363	LINC02458	2e-09	0.169925001442312	0.137503523749935	0.137503523749935	0.137503523749935	0.137503523749935	0.000210230443151465
ENSG00000145888	GLRA1	1e-08	0.137503523749935	0.169925001442312	0.137503523749935	0.137503523749935	0.137503523749935	0.000210230443151464
ENSG00000183734	ASCL2	1e-16	0.137503523749935	0.137503523749935	0.137503523749935	0.169925001442312	0.137503523749935	0.000210230443151464
ENSG00000270800	RPS10-NUDT3	8e-11	0.137503523749935	0.137503523749935	0.169925001442312	0.137503523749935	0.137503523749935	0.000210230443151464
ENSG00000065361	ERBB3	9e-06	0.137503523749935	0.137503523749935	0.137503523749935	0.137503523749935	0.169925001442312	0.000210230443151464
ENSG00000255002	LINC02324	2e-08	0.167174390426278	0.196607044094818	0.160464672193246	0.178145508247281	0.16485401189489	0.000210047377589643
ENSG00000224540	TFDP1P1	3e-08	0.18541350871132	0.170606965549026	0.177642914603149	0.172522112928352	0.146841388329271	0.000209302184245147
ENSG00000110076	NRXN2	2e-06	0.153409914659296	0.137503523749935	0.137503523749935	0.169925001442312	0.16115479181458	0.000206837186384212
ENSG00000151655	ITIH2	1e-09	0.173767067736706	0.152275274379899	0.153520921087303	0.167877172793454	0.137503523749935	0.00020349660719983
ENSG00000163635	ATXN7	4e-31	0.156119201917282	0.166172866581205	0.167577246585889	0.160991876672304	0.19285475675112	0.00020219539278314
ENSG00000188501	LCTL	5e-08	0.17730453180791	0.159813685475023	0.185031893832521	0.183832574805407	0.198904068414078	0.000201837289268697
ENSG00000149970	CNKSR2	3e-08	0.238287743498108	0.256187240437519	0.259150971346566	0.236225609211678	0.269348179765996	0.000201589504035193
ENSG00000237187	NR2F1-AS1	6e-10	0.174903495555129	0.137503523749935	0.145677455195635	0.148391839892671	0.146841388329271	0.00020134799486615
ENSG00000175984	DENND2C	3e-08	0.184424571137427	0.155358888307648	0.178642218543421	0.193428938347927	0.181196113777332	0.00020017834714983
ENSG00000169071	ROR2	4e-06	0.17364808748503	0.158064846232251	0.144771524213974	0.180572245641821	0.159723688591498	0.000197224728342984
ENSG00000245573	BDNF-AS	5e-10	0.318075769391756	0.331205908475373	0.338585438840971	0.302134225522734	0.323916647980816	0.000192619380968858
ENSG00000102539	MLNR	5e-21	0.16635838642212	0.137503523749935	0.153805336079035	0.150559676575381	0.172836596862216	0.000191768562676186
ENSG00000092445	TYRO3	8e-14	0.137503523749935	0.137503523749935	0.137503523749935	0.137503523749935	0.168037891898047	0.000186469527640886
ENSG00000231280	SALL4P6	3e-08	0.137503523749935	0.137503523749935	0.16115479181458	0.16349873228288	0.137503523749935	0.000185544705006494
ENSG00000227313	LINC02630	9e-07	0.16635838642212	0.16115479181458	0.169925001442312	0.137503523749935	0.169925001442312	0.000185032102424194
ENSG00000010219	DYRK4	2e-08	1.82312223791592	1.82246181444781	1.82911544079641	1.83588062023889	1.85518344714822	0.000181000008531214
ENSG00000236493	EIF2S2P3	1e-71	0.218365356500065	0.190183840426112	0.196169100692839	0.182544487973426	0.200298650485831	0.000180539903847928
ENSG00000163803	PLB1	2e-08	0.165142205072215	0.137503523749935	0.137503523749935	0.158064846232252	0.137503523749935	0.000180504153525934
ENSG00000225465	RFPL1S	6e-09	0.172836596862216	0.156119201917282	0.137503523749935	0.156119201917282	0.16635838642212	0.000179235384964653
ENSG00000172640	OR10AD1	5e-14	0.185497805362773	0.182303133720937	0.182415945625509	0.178642218543421	0.211635253327149	0.000179010330650846
ENSG00000100583	SAMD15	2e-08	0.311708252569483	0.282296307994427	0.312717972147245	0.311151611234965	0.297191416565856	0.000174775763932864
ENSG00000165029	ABCA1	3e-08	0.137503523749935	0.152415233153863	0.154658244789002	0.174497731232136	0.156504485679991	0.000173820599741423
ENSG00000174792	ODAPH	6e-11	0.166819090574491	0.146418248557683	0.152851488083371	0.173926931999809	0.144046369616707	0.00016993495024676
ENSG00000163684	RPP14	1e-14	1.70165872543025	1.72016323860167	1.72618191845297	1.70876870233555	1.73371993466255	0.000167736333164713
ENSG00000205100	HSP90AA4P	3e-06	0.178145508247281	0.19428357333815	0.20066852487342	0.204846991764837	0.176709606009422	0.000166357702928651
ENSG00000235590	GNAS-AS1	1e-15	0.233021836767354	0.215267986903066	0.22097034626725	0.20163386116965	0.204617719608472	0.000161724121900424
ENSG00000214894	LINC00243	3e-23	0.152557869472224	0.172522112928352	0.160134498249503	0.15754127698648	0.137503523749935	0.000161601069253346
ENSG00000174460	ZCCHC12	4e-24	0.137503523749935	0.137503523749935	0.16349873228288	0.137503523749935	0.156119201917282	0.000156067024466065
ENSG00000175600	SUGCT	4e-09	0.208762206919757	0.192873334416393	0.196334004626276	0.18938531544813	0.174193333079116	0.000155988117706428
ENSG00000244009	B3GAT3P1	5e-12	0.180572245641821	0.195920209975257	0.165337731946661	0.169925001442312	0.187085552600495	0.000155051132696516
ENSG00000250107	CACNA1G-AS1	4e-06	0.156119201917282	0.137503523749935	0.16349873228288	0.159198594849254	0.137503523749935	0.000153418610590317
ENSG00000220267	ACTBP8	2e-08	0.181784085310629	0.19148114480876	0.177031887936572	0.20163386116965	0.205318907977506	0.000149342617265894
ENSG00000070182	SPTB	7e-06	0.154509949055625	0.137503523749935	0.137503523749935	0.137503523749935	0.16349873228288	0.000148785316447721
ENSG00000226508	LINC01918	6e-06	0.229587922740652	0.236298023361666	0.225387118915925	0.204931451270226	0.231325546106456	0.000147580791632448
ENSG00000088727	KIF9	5e-08	0.642968104156722	0.615019734577336	0.631277693633697	0.61768271348037	0.636966701782965	0.000146764371761895
ENSG00000132837	DMGDH	2e-15	0.165838870737396	0.17951105027151	0.145677455195635	0.165059246270496	0.161394143957956	0.000146583238760629
ENSG00000213071	LPAL2	4e-11	0.137503523749935	0.137503523749935	0.137503523749935	0.165337731946661	0.146841388329271	0.00014639656548673
ENSG00000132437	DDC	7e-10	0.16349873228288	0.137503523749935	0.137503523749935	0.137503523749935	0.153805336079035	0.000145923089280908
ENSG00000187094	CCK	3e-08	0.137503523749935	0.153805336079035	0.137503523749935	0.16349873228288	0.137503523749935	0.000145923089280908
ENSG00000145248	SLC10A4	2e-08	0.169142840923892	0.148098638989134	0.166897308744744	0.160920188181103	0.141596278383818	0.000144183518742784
ENSG00000165917	RAPSN	3e-10	0.168642035558839	0.192379852270008	0.192645077942396	0.195550809117807	0.175849835399418	0.000143884151989666
ENSG00000151952	TMEM132D	4e-06	0.16349873228288	0.137503523749935	0.156119201917282	0.156119201917282	0.137503523749935	0.000142329528234852
ENSG00000106034	CPED1	3e-07	0.15200309344505	0.137503523749935	0.137503523749935	0.16349873228288	0.137503523749935	0.000139505743816706
ENSG00000231969	MMADHC-DT	8e-06	0.137503523749935	0.137503523749935	0.15200309344505	0.137503523749935	0.16349873228288	0.000139505743816706
ENSG00000178660	ARMC10P1	4e-09	0.15200309344505	0.15200309344505	0.137503523749935	0.167456745851563	0.16349873228288	0.000137550873250992
ENSG00000101134	DOK5	1e-22	0.137503523749935	0.137503523749935	0.137503523749935	0.137503523749935	0.16349873228288	0.000135150173334255
ENSG00000204385	SLC44A4	1e-15	0.16349873228288	0.137503523749935	0.137503523749935	0.137503523749935	0.137503523749935	0.000135150173334255
ENSG00000265479	DTX2P1-UPK3BP1-PMS2P11	3e-10	0.137503523749935	0.16349873228288	0.137503523749935	0.137503523749935	0.137503523749935	0.000135150173334255
ENSG00000151418	ATP6V1G3	2e-09	0.176322772640463	0.189033824390017	0.174497731232136	0.201633861169651	0.192645077942396	0.000130078225675036
ENSG00000214866	DCDC2C	3e-06	0.145677455195635	0.14373547746145	0.145197915539936	0.167456745851563	0.137503523749935	0.000130034057245838
ENSG00000143452	HORMAD1	6e-16	0.16349873228288	0.137503523749935	0.137503523749935	0.142957953842043	0.137503523749935	0.000126921430092922
ENSG00000166510	CCDC68	8e-06	0.137503523749935	0.144389909335175	0.137503523749935	0.16349873228288	0.137503523749935	0.000126733331687317
ENSG00000228590	MIR4432HG	2e-15	0.191298652234879	0.182142953517047	0.176807522056757	0.168890440594185	0.196673300267917	0.000123463899103646
ENSG00000143869	GDF7	2e-09	0.14147242595288	0.137503523749935	0.141245925435752	0.137503523749935	0.16349873228288	0.000119570706454722
ENSG00000204709	LINC01556	2e-10	0.437808806937502	0.42701014094492	0.422691071822279	0.413397140897588	0.439111634257701	0.000115522268018691
ENSG00000230865	TSEN15P1	5e-10	0.397759507847008	0.41226041460827	0.417852514885898	0.424785475830406	0.404176506647077	0.000114945655973377
ENSG00000145423	SFRP2	4e-06	0.15200309344505	0.159198594849254	0.137503523749935	0.16635838642212	0.15200309344505	0.000114535811085993
ENSG00000147059	SPIN2A	5e-09	0.142740172116082	0.153805336079035	0.165059246270496	0.137503523749935	0.150559676575381	0.000112604921886819
ENSG00000234423	LINC01250	5e-08	0.137503523749935	0.137503523749935	0.15754127698648	0.156119201917282	0.137503523749935	0.000112309369134958
ENSG00000237064	EIF3IP1	8e-06	0.149377624038227	0.137503523749935	0.156119201917282	0.150559676575381	0.16635838642212	0.000110557241176486
ENSG00000187068	C3orf70	1e-10	0.159813685475024	0.164984260172042	0.150559676575381	0.168236651289543	0.142957953842043	0.000109025628203539
ENSG00000128606	LRRC17	4e-08	0.174497731232136	0.166760699598427	0.165187082435649	0.189411542690614	0.165187082435649	0.000107366098838432
ENSG00000145040	UCN2	5e-06	0.16115479181458	0.152851488083371	0.137503523749935	0.14373547746145	0.137503523749935	0.000106151924483103
ENSG00000143632	ACTA1	2e-11	0.159813685475024	0.169925001442312	0.144046369616707	0.160854011027316	0.148863385914483	0.000105844597250004
ENSG00000213270	RPL6P25	5e-19	0.175258445745353	0.175086706558091	0.170958820935415	0.177642914603149	0.196800707433707	0.000103142185181801
ENSG00000173338	KCNK7	4e-08	0.178970141045319	0.17055348981683	0.182034683720307	0.179756010802006	0.198078963993024	0.000100924698668228
ENSG00000112167	SAYSD1	2e-08	1.83650126771712	1.81816167701419	1.82478951539362	1.82716340313778	1.80966878789585	0.00010090526019053
ENSG00000137204	SLC22A7	4e-10	0.171886517775598	0.164316354883901	0.182591413278473	0.160331453204196	0.157762362733735	0.000100815661998174
ENSG00000197852	INKA2	8e-09	0.184280294419382	0.192873334416393	0.167456745851562	0.178873958169795	0.172389041393793	9.92914342598385e-05
ENSG00000250514	LINC02125	3e-09	0.149377624038227	0.137503523749935	0.137503523749935	0.159198594849254	0.137503523749935	9.65731285326893e-05
ENSG00000156218	ADAMTSL3	6e-09	0.142019004872428	0.137503523749935	0.137503523749935	0.159198594849254	0.152851488083371	9.53009073244887e-05
ENSG00000130540	SULT4A1	9e-06	0.137503523749935	0.137503523749935	0.137503523749935	0.137503523749935	0.159198594849254	9.41352220009006e-05
ENSG00000176635	HORMAD2	4e-14	0.137503523749935	0.137503523749935	0.137503523749935	0.137503523749935	0.159198594849254	9.41352220009006e-05
ENSG00000120054	CPN1	2e-08	0.159198594849254	0.137503523749935	0.137503523749935	0.137503523749935	0.137503523749935	9.41352220009006e-05
ENSG00000187889	FYB2	5e-06	0.159198594849254	0.137503523749935	0.137503523749935	0.137503523749935	0.137503523749935	9.41352220009006e-05
ENSG00000231290	APCDD1L-DT	3e-06	0.159198594849254	0.137503523749935	0.137503523749935	0.137503523749935	0.137503523749935	9.41352220009006e-05
ENSG00000123612	ACVR1C	2e-10	0.137503523749935	0.137503523749935	0.149377624038227	0.158616510903133	0.153805336079035	9.16556103204176e-05
ENSG00000163632	C3orf49	3e-08	0.205548911173034	0.208762206919757	0.225292311842242	0.226692558770073	0.215205880743179	9.06170704481562e-05
ENSG00000175707	KDF1	5e-09	0.15994091286969	0.15754127698648	0.177642914603149	0.169925001442312	0.155119066666906	8.95728263130783e-05
ENSG00000103375	AQP8	4e-08	0.137503523749935	0.149940626988158	0.145677455195635	0.151243580376237	0.16349873228288	8.94248835125337e-05
ENSG00000267778	CBARP-DT	2e-08	0.17730453180791	0.192645077942396	0.169925001442312	0.180572245641821	0.169925001442312	8.79904948211602e-05
ENSG00000246228	CASC8	7e-11	0.149747119504682	0.16349873228288	0.150559676575381	0.146220740851044	0.137503523749935	8.79543233704965e-05
ENSG00000186642	PDE2A	8e-11	0.156119201917282	0.144771524213974	0.156119201917282	0.137503523749935	0.137503523749935	8.74680567263894e-05
ENSG00000105610	KLF1	9e-11	0.162507529879829	0.16729474539764	0.176051104239154	0.185031893832521	0.164571766948106	8.73847654937587e-05
ENSG00000224897	POT1-AS1	1e-19	0.151347173887996	0.164571766948106	0.150941898074739	0.14172810961166	0.142444265020205	8.50845592735598e-05
ENSG00000205978	NYNRIN	1e-09	0.15754127698648	0.137503523749935	0.137503523749935	0.147557188413858	0.137503523749935	8.03722604227904e-05
ENSG00000137080	IFNA21	5e-11	0.137503523749935	0.137503523749935	0.137503523749935	0.137503523749935	0.15754127698648	8.03023109537339e-05
ENSG00000228696	ARL17B	3e-09	0.220221322294821	0.211106613789933	0.221758130255275	0.209217032588715	0.231325546106456	7.96634679547258e-05
ENSG00000231871	IPO9-AS1	2e-14	0.20798336232494	0.199469277056328	0.205809537140844	0.217946516305256	0.194897529673774	7.73930357285127e-05
ENSG00000121653	MAPK8IP1	4e-09	0.218046951060484	0.217417605921155	0.210976377270694	0.2147031557478	0.196800707433707	7.61111621329544e-05
ENSG00000203739	PRDX6-AS1	5e-09	0.622518505344759	0.617001458846202	0.622332259966725	0.625748115567657	0.640090546469842	7.60218522890193e-05
ENSG00000188779	SKOR1	3e-08	0.147820814735448	0.162782932198293	0.143452790081121	0.148391839892671	0.140351886058965	7.40808001512326e-05
ENSG00000224596	ZMIZ1-AS1	1e-08	0.137503523749935	0.152557869472224	0.153805336079035	0.137503523749935	0.137503523749935	7.39351701976689e-05
ENSG00000122194	PLG	6e-12	0.15704371014558	0.142352923411331	0.137503523749935	0.137503523749935	0.137503523749935	7.1591294961434e-05
ENSG00000175175	PPM1E	9e-11	0.158172860685256	0.139724763666613	0.14002351572845	0.137503523749935	0.14048122354983	7.1548423154223e-05
ENSG00000158315	RHBDL2	7e-06	0.153409914659296	0.151101127150657	0.15994091286969	0.167109985835258	0.145430439521564	6.98941324776487e-05
ENSG00000147883	CDKN2B	3e-18	0.161463422694116	0.143320850345249	0.141043881455184	0.142846844824245	0.149377624038227	6.98100446099331e-05
ENSG00000196557	CACNA1H	7e-10	0.156119201917282	0.137503523749935	0.137503523749935	0.137503523749935	0.137503523749935	6.93086947260473e-05
ENSG00000226126	PSMC1P12	5e-08	0.137503523749935	0.137503523749935	0.137503523749935	0.137503523749935	0.156119201917282	6.93086947260473e-05
ENSG00000260302	LINC01882	3e-16	0.137503523749935	0.137503523749935	0.137503523749935	0.137503523749935	0.156119201917282	6.93086947260473e-05
ENSG00000183091	NEB	6e-06	0.159198594849254	0.166009951438929	0.158945245996045	0.150242635580612	0.145430439521564	6.59903673952959e-05
ENSG00000130783	CCDC62	3e-08	0.156417495114021	0.16580889297008	0.153314038597397	0.163846830979438	0.145940360898575	6.5173865873164e-05
ENSG00000188993	LRRC66	7e-13	0.162938571126206	0.145677455195635	0.142740172116082	0.145677455195635	0.147186077147274	6.46790925588397e-05
ENSG00000227456	LINC00310	8e-08	0.153246260295682	0.155014534910103	0.169460290521596	0.165059246270496	0.151101127150657	6.43158903233386e-05
ENSG00000255920	CCND2-AS1	1e-12	0.207740515962939	0.217048200559613	0.2147031557478	0.224330876503309	0.204140716780225	6.30175188729593e-05
ENSG00000244926	ALKBH3-AS1	3e-08	0.23427541285237	0.219091058246197	0.213494945032478	0.225906905512685	0.224401746230734	6.05584959501788e-05
ENSG00000106328	FSCN3	8e-10	0.137503523749935	0.154885601978171	0.137503523749935	0.137503523749935	0.137503523749935	6.0427328706505e-05
ENSG00000229785	SLC25A38P1	5e-08	0.229687148645357	0.232102546281903	0.2336505990527	0.217805151840796	0.217946516305256	6.02744458382095e-05
ENSG00000178882	RFLNA	1e-17	0.137503523749935	0.14373547746145	0.154885601978171	0.137503523749935	0.137503523749935	5.73623474261677e-05
ENSG00000147799	ARHGAP39	8e-08	0.162105496983013	0.147557188413858	0.146520397107369	0.142180010959408	0.149747119504682	5.62799850191038e-05
ENSG00000124194	GDAP1L1	1e-07	0.155481264678991	0.142180010959408	0.137503523749935	0.144389909335175	0.137503523749935	5.44903590314561e-05
ENSG00000158186	MRAS	8e-12	0.137503523749935	0.137503523749935	0.137503523749935	0.153805336079035	0.137503523749935	5.31498170426422e-05
ENSG00000185052	SLC24A3	3e-17	0.137503523749935	0.137503523749935	0.137503523749935	0.153805336079035	0.137503523749935	5.31498170426422e-05
ENSG00000188523	CFAP77	1e-08	0.137503523749935	0.137503523749935	0.137503523749935	0.153805336079035	0.137503523749935	5.31498170426422e-05
ENSG00000161973	CCDC42	6e-07	0.142019004872428	0.147957881387101	0.148098638989134	0.15666310203339	0.137503523749935	5.22430781826948e-05
ENSG00000172733	PURG	3e-12	0.152851488083371	0.137503523749935	0.150559676575381	0.137503523749935	0.144771524213974	5.10867428465993e-05
ENSG00000232709	MARK2P9	9e-33	0.14373547746145	0.143887140540789	0.140550399308799	0.153805336079035	0.156804079708871	5.03788921375931e-05
ENSG00000124664	SPDEF	5e-07	0.143887140540789	0.162039745095442	0.159198594849254	0.158219500790034	0.156119201917282	4.95784667575125e-05
ENSG00000152763	DNAI4	5e-08	0.162105496983013	0.145780626436133	0.147957881387101	0.147115118534226	0.145552052523481	4.9044969317542e-05
ENSG00000001617	SEMA3F	9e-07	0.154328146391294	0.140778655782796	0.137503523749935	0.14172810961166	0.137503523749935	4.83267085145412e-05
ENSG00000257773	ST13P3	4e-08	0.149377624038227	0.167007518060018	0.156119201917282	0.156119201917282	0.16349873228288	4.79726988593639e-05
ENSG00000250802	ZBED3-AS1	2e-32	0.153474480661718	0.140778655782796	0.137503523749935	0.137503523749935	0.137503523749935	4.79288916444193e-05
ENSG00000166407	LMO1	7e-13	0.137503523749935	0.150559676575381	0.149377624038227	0.137503523749935	0.137503523749935	4.67884700487016e-05
ENSG00000109511	ANXA10	5e-06	0.137503523749935	0.148863385914483	0.146220740851044	0.156119201917282	0.149377624038227	4.52931634277227e-05
ENSG00000165124	SVEP1	1e-06	0.148863385914483	0.149940626988158	0.137503523749935	0.137503523749935	0.137503523749935	4.26172232199003e-05
ENSG00000254226	LINC01933	1e-08	0.144771524213974	0.137503523749935	0.137503523749935	0.137503523749935	0.15200309344505	4.2073982490508e-05
ENSG00000080293	SCTR	7e-09	0.137503523749935	0.137503523749935	0.137503523749935	0.15200309344505	0.137503523749935	4.20475042686997e-05
ENSG00000223553	SMPD4P1	2e-08	0.15200309344505	0.137503523749935	0.137503523749935	0.137503523749935	0.137503523749935	4.20475042686997e-05
ENSG00000235033	DAAM2-AS1	4e-10	0.15200309344505	0.137503523749935	0.137503523749935	0.137503523749935	0.137503523749935	4.20475042686997e-05
ENSG00000257316	ASS1P14	1e-12	0.137503523749935	0.15200309344505	0.137503523749935	0.137503523749935	0.137503523749935	4.20475042686997e-05
ENSG00000130427	EPO	2e-10	0.158337027167101	0.146841388329271	0.145197915539936	0.143194635827791	0.152851488083371	3.86067662296121e-05
ENSG00000249375	CASC11	3e-08	0.137503523749935	0.151243580376237	0.137503523749935	0.137503523749935	0.137503523749935	3.77578312187995e-05
ENSG00000237080	EHMT2-AS1	1e-15	0.157852169141737	0.146841388329271	0.151389050004885	0.158616510903133	0.162105496983013	3.76631710602912e-05
ENSG00000196376	SLC35F1	2e-09	0.152851488083371	0.145050332803283	0.150824902247769	0.137503523749935	0.144575572425437	3.63034180181767e-05
ENSG00000130202	NECTIN2	7e-09	0.142180010959408	0.141245925435752	0.149940626988158	0.155605330125246	0.149377624038227	3.56124761495493e-05
ENSG00000068078	FGFR3	3e-16	0.137503523749935	0.149940626988158	0.137503523749935	0.143194635827791	0.148863385914483	3.55518548344412e-05
ENSG00000236444	UBE2L5	3e-09	0.15548126467899	0.152557869472224	0.162729500038108	0.165838870737396	0.153805336079035	3.43344988043398e-05
ENSG00000145012	LPP	2e-08	0.147068387785469	0.146520397107368	0.139349582915308	0.149856951261493	0.15548126467899	3.41775995617128e-05
ENSG00000130600	H19	2e-08	0.150559676575381	0.137503523749935	0.137503523749935	0.137503523749935	0.137503523749935	3.40926253202822e-05
ENSG00000227110	LMCD1-AS1	1e-06	0.137503523749935	0.137503523749935	0.137503523749935	0.137503523749935	0.150559676575381	3.40926253202822e-05
ENSG00000112164	GLP1R	2e-22	0.150559676575381	0.137503523749935	0.137503523749935	0.137503523749935	0.137503523749935	3.40926253202808e-05
ENSG00000166856	GPR182	4e-08	0.150559676575381	0.137503523749935	0.137503523749935	0.137503523749935	0.137503523749935	3.40926253202808e-05
ENSG00000164188	RANBP3L	3e-09	0.14373547746145	0.137503523749935	0.137503523749935	0.150559676575381	0.137503523749935	3.37235407269101e-05
ENSG00000227811	INKA2-AS1	8e-09	0.149377624038227	0.153156788061421	0.146841388329271	0.146520397107369	0.137503523749935	3.33712986682024e-05
ENSG00000215817	ZC3H11B	2e-22	0.163498732282879	0.163498732282879	0.153805336079035	0.1693199710116	0.165337731946661	3.26009809819189e-05
ENSG00000149926	TLCD3B	2e-09	0.143320850345249	0.140415119169838	0.152330941427574	0.143073781792881	0.137503523749935	3.08817567813172e-05
ENSG00000007402	CACNA2D2	2e-06	0.137503523749935	0.143320850345249	0.14373547746145	0.150892900977114	0.137503523749935	3.06322247210519e-05
ENSG00000129214	SHBG	1e-09	0.15754127698648	0.161463422694116	0.160274831408593	0.149377624038227	0.150892900977114	3.00991349405875e-05
ENSG00000160360	GPSM1	5e-26	0.137503523749935	0.144575572425437	0.137503523749935	0.149377624038227	0.137503523749935	2.98042045033561e-05
ENSG00000106633	GCK	9e-29	0.146220740851044	0.137503523749935	0.137503523749935	0.148391839892671	0.137503523749935	2.94174789142328e-05
ENSG00000104413	ESRP1	5e-06	0.151007788099683	0.141245925435752	0.137503523749935	0.14373547746145	0.148391839892671	2.93865362503909e-05
ENSG00000128918	ALDH1A2	4e-08	0.140698862909742	0.150304805973024	0.142019004872428	0.137503523749935	0.148391839892671	2.8957689709408e-05
ENSG00000129988	LBP	9e-06	0.137503523749935	0.137503523749935	0.137503523749935	0.149377624038227	0.137503523749935	2.81988515312818e-05
ENSG00000077092	RARB	6e-09	0.145850866463455	0.137503523749935	0.148765837313013	0.14603179513132	0.137503523749935	2.77251638368535e-05
ENSG00000203721	LINC00862	2e-09	0.169925001442312	0.165838870737396	0.161700234180582	0.165586065717975	0.175571564583454	2.77097266538818e-05
ENSG00000102683	SGCG	2e-08	0.137503523749935	0.137503523749935	0.137503523749935	0.148863385914483	0.137503523749935	2.58092936795046e-05
ENSG00000100625	SIX4	9e-16	0.151243580376237	0.137503523749935	0.144389909335175	0.143194635827791	0.141142100813283	2.55913752816597e-05
ENSG00000157152	SYN2	2e-07	0.167250867143987	0.153805336079035	0.162507529879829	0.163498732282879	0.162594504712765	2.43894523817155e-05
ENSG00000165914	TTC7B	4e-06	0.145197915539936	0.147557188413858	0.137503523749935	0.137503523749935	0.137503523749935	2.43202841535776e-05
ENSG00000237452	MEIOSIN	6e-12	0.144213745339488	0.137503523749935	0.151243580376237	0.144046369616707	0.145677455195635	2.40234645709367e-05
ENSG00000179292	TMEM151A	2e-11	0.148391839892671	0.137503523749935	0.137503523749935	0.137503523749935	0.137503523749935	2.37110856848337e-05
ENSG00000283632	EXOC3L2	3e-08	0.148391839892671	0.137503523749935	0.137503523749935	0.137503523749935	0.137503523749935	2.37110856848337e-05
ENSG00000106113	CRHR2	1e-20	0.137503523749935	0.146520397107369	0.137503523749935	0.146220740851044	0.137503523749935	2.35985715633774e-05
ENSG00000188107	EYS	9e-06	0.143638309922036	0.148098638989134	0.141355849245541	0.145312446960699	0.153583263417796	2.21844454669571e-05
ENSG00000164171	ITGA2	6e-06	0.148863385914483	0.137503523749935	0.142180010959408	0.137503523749935	0.142180010959408	2.17453034428374e-05
ENSG00000261272	MUC22	4e-09	0.146220740851044	0.145677455195635	0.137503523749935	0.137503523749935	0.137503523749935	2.1435212355199e-05
ENSG00000133958	UNC79	2e-08	0.149559541325005	0.142539113647233	0.137503523749935	0.139430972321049	0.141193282898996	2.12240121166819e-05
ENSG00000258388	PPT2-EGFL8	6e-27	0.14535138557262	0.146520397107368	0.155858670080747	0.153079330004389	0.152415233153863	2.03191866069513e-05
ENSG00000187240	DYNC2H1	2e-11	0.137503523749935	0.137503523749935	0.147557188413858	0.137503523749935	0.137503523749935	2.02152346349224e-05
ENSG00000132932	ATP8A2	5e-08	0.147557188413858	0.137503523749935	0.137503523749935	0.137503523749935	0.137503523749935	2.02152346349224e-05
ENSG00000224652	LINC00885	2e-09	0.147557188413858	0.137503523749935	0.137503523749935	0.137503523749935	0.137503523749935	2.02152346349224e-05
ENSG00000007952	NOX1	2e-06	0.225783010537222	0.222877279361811	0.233374432313554	0.227877960420177	0.222392421336448	1.99148447125034e-05
ENSG00000165325	DEUP1	6e-10	0.145940360898575	0.137503523749935	0.137503523749935	0.137503523749935	0.145197915539936	1.95851441691329e-05
ENSG00000230262	LINC02603	4e-13	0.20163386116965	0.209792384556814	0.20259855197182	0.210566985939658	0.20997316208238	1.93727073052655e-05
ENSG00000223617	LINC00370	5e-11	0.148391839892671	0.15704371014558	0.148391839892671	0.154885601978171	0.156119201917282	1.80252886323745e-05
ENSG00000170703	TTLL6	1e-07	0.146841388329271	0.142957953842043	0.144389909335175	0.137503523749935	0.137503523749935	1.75939483565014e-05
ENSG00000047662	FAM184B	4e-08	0.142637675221371	0.142180010959408	0.148765837313013	0.139976009429456	0.137503523749935	1.75761016946458e-05
ENSG00000177752	YIPF7	3e-08	0.137503523749935	0.146841388329271	0.137503523749935	0.137503523749935	0.137503523749935	1.74391429804042e-05
ENSG00000155893	PXYLP1	8e-06	0.145806827481144	0.137503523749935	0.137503523749935	0.143735477461449	0.145086695168999	1.68604024058229e-05
ENSG00000134317	GRHL1	4e-08	0.157165770726971	0.146841388329271	0.15315678806142	0.155014534910103	0.149940626988158	1.67662333784787e-05
ENSG00000170745	KCNS3	3e-09	0.153156788061421	0.147557188413858	0.151243580376237	0.15200309344505	0.143194635827791	1.65465042303542e-05
ENSG00000073711	PPP2R3A	3e-15	0.141797262160068	0.145086695168999	0.139519869348439	0.149940626988157	0.143073781792881	1.55464425550325e-05
ENSG00000089250	NOS1	4e-09	0.145430439521564	0.142539113647233	0.137503523749935	0.137503523749935	0.14373547746145	1.33362380363114e-05
ENSG00000248079	DPH6-DT	2e-09	0.15200309344505	0.145940360898575	0.152851488083371	0.145940360898575	0.152851488083371	1.3300385732128e-05
ENSG00000171056	SOX7	1e-22	0.155051724960782	0.157681405687565	0.149377624038226	0.154328146391294	0.149596595737955	1.30948562027992e-05
ENSG00000171532	NEUROD2	1e-14	0.137503523749935	0.144978644312082	0.137503523749935	0.137503523749935	0.137503523749935	1.11754854837257e-05
ENSG00000088538	DOCK3	2e-07	0.152368286470893	0.150892900977114	0.153805336079035	0.149226008774476	0.157681405687565	1.0358875701787e-05
ENSG00000136274	NACAD	7e-09	0.145940360898575	0.150559676575381	0.152330941427574	0.153805336079035	0.151243580376237	8.81088816806398e-06
ENSG00000179133	C10orf67	2e-08	0.137503523749935	0.137503523749935	0.137503523749935	0.144046369616707	0.137503523749935	8.56176640726667e-06
ENSG00000214892	USP8P1	8e-12	0.160134498249503	0.15704371014558	0.154509949055625	0.159198594849254	0.161751069996612	7.9416407739032e-06
ENSG00000026559	KCNG1	4e-08	0.137503523749935	0.14373547746145	0.137503523749935	0.137503523749935	0.137503523749935	7.767449412492e-06
ENSG00000077063	CTTNBP2	2e-08	0.14373547746145	0.137503523749935	0.137503523749935	0.137503523749935	0.137503523749935	7.767449412492e-06
ENSG00000188549	CCDC9B	2e-20	0.137503523749935	0.137503523749935	0.14086253583985	0.137503523749935	0.143452790081121	7.33698066665811e-06
ENSG00000212993	POU5F1B	7e-11	0.14147242595288	0.137503523749935	0.137503523749935	0.142957953842043	0.137503523749935	6.93578850440992e-06
ENSG00000263718	SEPTIN9-DT	8e-21	0.157852169141737	0.15704371014558	0.151487753185636	0.153805336079035	0.154509949055625	6.5741848369929e-06
ENSG00000240498	CDKN2B-AS1	4e-164	0.137503523749935	0.139976009429456	0.142019004872428	0.144271456603806	0.140415119169838	6.30599494661335e-06
ENSG00000203734	ECT2L	2e-08	0.137503523749935	0.14147242595288	0.142019004872428	0.142019004872428	0.137503523749935	5.68300727470173e-06
ENSG00000173175	ADCY5	6e-12	0.137503523749935	0.137503523749935	0.142740172116082	0.137503523749935	0.137503523749935	5.48449722213427e-06
ENSG00000236699	ARHGEF38	9e-06	0.141142100813283	0.142180010959408	0.137503523749935	0.14172810961166	0.137503523749935	5.37683406750299e-06
ENSG00000150672	DLG2	5e-06	0.137503523749935	0.137503523749935	0.140291341121554	0.137503523749935	0.137503523749935	1.55438513950041e-06
ENSG00000269821	KCNQ1OT1	2e-09	0.143452790081121	0.146220740851044	0.144481506112507	0.145552052523481	0.14393934873161	1.30405497910005e-06
ENSG00000055955	ITIH4	1e-12	0.145197915539936	0.144389909335175	0.142957953842043	0.14359085362885	0.144575572425437	7.67532092111368e-07
ENSG00000007171	NOS2	1e-14	0.137503523749935	0.137503523749935	0.137503523749935	0.137503523749935	0.137503523749935	0
ENSG00000030304	MUSK	1e-06	0.137503523749935	0.137503523749935	0.137503523749935	0.137503523749935	0.137503523749935	0
ENSG00000061492	WNT8A	1e-08	0.137503523749935	0.137503523749935	0.137503523749935	0.137503523749935	0.137503523749935	0
ENSG00000066248	NGEF	9e-06	0.137503523749935	0.137503523749935	0.137503523749935	0.137503523749935	0.137503523749935	0
ENSG00000072080	SPP2	7e-22	0.137503523749935	0.137503523749935	0.137503523749935	0.137503523749935	0.137503523749935	0
ENSG00000091831	ESR1	2e-10	0.137503523749935	0.137503523749935	0.137503523749935	0.137503523749935	0.137503523749935	0
ENSG00000101489	CELF4	3e-08	0.137503523749935	0.137503523749935	0.137503523749935	0.137503523749935	0.137503523749935	0
ENSG00000106331	PAX4	3e-132	0.137503523749935	0.137503523749935	0.137503523749935	0.137503523749935	0.137503523749935	0
ENSG00000109819	PPARGC1A	6e-06	0.137503523749935	0.137503523749935	0.137503523749935	0.137503523749935	0.137503523749935	0
ENSG00000111241	FGF6	2e-10	0.137503523749935	0.137503523749935	0.137503523749935	0.137503523749935	0.137503523749935	0
ENSG00000117707	PROX1	6e-45	0.137503523749935	0.137503523749935	0.137503523749935	0.137503523749935	0.137503523749935	0
ENSG00000129951	PLPPR3	1e-10	0.137503523749935	0.137503523749935	0.137503523749935	0.137503523749935	0.137503523749935	0
ENSG00000130829	DUSP9	7e-16	0.137503523749935	0.137503523749935	0.137503523749935	0.137503523749935	0.137503523749935	0
ENSG00000135517	MIP	2e-23	0.137503523749935	0.137503523749935	0.137503523749935	0.137503523749935	0.137503523749935	0
ENSG00000137834	SMAD6	3e-08	0.137503523749935	0.137503523749935	0.137503523749935	0.137503523749935	0.137503523749935	0
ENSG00000140832	MARVELD3	7e-09	0.137503523749935	0.137503523749935	0.137503523749935	0.137503523749935	0.137503523749935	0
ENSG00000141447	OSBPL1A	1e-06	0.137503523749935	0.137503523749935	0.137503523749935	0.137503523749935	0.137503523749935	0
ENSG00000143627	PKLR	7e-12	0.137503523749935	0.137503523749935	0.137503523749935	0.137503523749935	0.137503523749935	0
ENSG00000144644	GADL1	5e-06	0.137503523749935	0.137503523749935	0.137503523749935	0.137503523749935	0.137503523749935	0
ENSG00000145700	ANKRD31	2e-08	0.137503523749935	0.137503523749935	0.137503523749935	0.137503523749935	0.137503523749935	0
ENSG00000146147	MLIP	1e-10	0.137503523749935	0.137503523749935	0.137503523749935	0.137503523749935	0.137503523749935	0
ENSG00000146374	RSPO3	4e-22	0.137503523749935	0.137503523749935	0.137503523749935	0.137503523749935	0.137503523749935	0
ENSG00000156219	ART3	1e-08	0.137503523749935	0.137503523749935	0.137503523749935	0.137503523749935	0.137503523749935	0
ENSG00000163083	INHBB	8e-09	0.137503523749935	0.137503523749935	0.137503523749935	0.137503523749935	0.137503523749935	0
ENSG00000163499	CRYBA2	2e-08	0.137503523749935	0.137503523749935	0.137503523749935	0.137503523749935	0.137503523749935	0
ENSG00000164935	DCSTAMP	2e-09	0.137503523749935	0.137503523749935	0.137503523749935	0.137503523749935	0.137503523749935	0
ENSG00000165966	PDZRN4	2e-13	0.137503523749935	0.137503523749935	0.137503523749935	0.137503523749935	0.137503523749935	0
ENSG00000166603	MC4R	5e-27	0.137503523749935	0.137503523749935	0.137503523749935	0.137503523749935	0.137503523749935	0
ENSG00000170624	SGCD	4e-07	0.137503523749935	0.137503523749935	0.137503523749935	0.137503523749935	0.137503523749935	0
ENSG00000171385	KCND3	1e-11	0.137503523749935	0.137503523749935	0.137503523749935	0.137503523749935	0.137503523749935	0
ENSG00000175164	ABO	2e-10	0.137503523749935	0.137503523749935	0.137503523749935	0.137503523749935	0.137503523749935	0
ENSG00000175264	CHST1	9e-06	0.137503523749935	0.137503523749935	0.137503523749935	0.137503523749935	0.137503523749935	0
ENSG00000175318	GRAMD2A	2e-09	0.137503523749935	0.137503523749935	0.137503523749935	0.137503523749935	0.137503523749935	0
ENSG00000176571	CNBD1	5e-09	0.137503523749935	0.137503523749935	0.137503523749935	0.137503523749935	0.137503523749935	0
ENSG00000183775	KCTD16	3e-08	0.137503523749935	0.137503523749935	0.137503523749935	0.137503523749935	0.137503523749935	0
ENSG00000184611	KCNH7	2e-08	0.137503523749935	0.137503523749935	0.137503523749935	0.137503523749935	0.137503523749935	0
ENSG00000184985	SORCS2	5e-20	0.137503523749935	0.137503523749935	0.137503523749935	0.137503523749935	0.137503523749935	0
ENSG00000186119	OR5D18	5e-09	0.137503523749935	0.137503523749935	0.137503523749935	0.137503523749935	0.137503523749935	0
ENSG00000186509	OR9Q1	9e-09	0.137503523749935	0.137503523749935	0.137503523749935	0.137503523749935	0.137503523749935	0
ENSG00000187098	MITF	2e-22	0.137503523749935	0.137503523749935	0.137503523749935	0.137503523749935	0.137503523749935	0
ENSG00000188263	IL17REL	2e-12	0.137503523749935	0.137503523749935	0.137503523749935	0.137503523749935	0.137503523749935	0
ENSG00000196335	STK31	1e-11	0.137503523749935	0.137503523749935	0.137503523749935	0.137503523749935	0.137503523749935	0
ENSG00000197653	DNAH10	7e-14	0.137503523749935	0.137503523749935	0.137503523749935	0.137503523749935	0.137503523749935	0
ENSG00000198547	C20orf203	4e-08	0.137503523749935	0.137503523749935	0.137503523749935	0.137503523749935	0.137503523749935	0
ENSG00000204314	PRRT1	2e-18	0.137503523749935	0.137503523749935	0.137503523749935	0.137503523749935	0.137503523749935	0
ENSG00000214595	EML6	3e-09	0.137503523749935	0.137503523749935	0.137503523749935	0.137503523749935	0.137503523749935	0
ENSG00000223403	MEG9	4e-20	0.137503523749935	0.137503523749935	0.137503523749935	0.137503523749935	0.137503523749935	0
ENSG00000227964	LINC01429	1e-08	0.137503523749935	0.137503523749935	0.137503523749935	0.137503523749935	0.137503523749935	0
ENSG00000231426	FILNC1	2e-06	0.137503523749935	0.137503523749935	0.137503523749935	0.137503523749935	0.137503523749935	0
ENSG00000231852	CYP21A2	3e-10	0.137503523749935	0.137503523749935	0.137503523749935	0.137503523749935	0.137503523749935	0
ENSG00000231915	SALL4P5	5e-06	0.137503523749935	0.137503523749935	0.137503523749935	0.137503523749935	0.137503523749935	0
ENSG00000233684	LINC01865	4e-12	0.137503523749935	0.137503523749935	0.137503523749935	0.137503523749935	0.137503523749935	0
ENSG00000236720	LINC01741	7e-12	0.137503523749935	0.137503523749935	0.137503523749935	0.137503523749935	0.137503523749935	0
ENSG00000236780	LINC01829	5e-11	0.137503523749935	0.137503523749935	0.137503523749935	0.137503523749935	0.137503523749935	0
ENSG00000237417	XRCC6P1	6e-19	0.137503523749935	0.137503523749935	0.137503523749935	0.137503523749935	0.137503523749935	0
ENSG00000237941	KCNQ1DN	4e-14	0.137503523749935	0.137503523749935	0.137503523749935	0.137503523749935	0.137503523749935	0
ENSG00000242703	CCT4P1	3e-10	0.137503523749935	0.137503523749935	0.137503523749935	0.137503523749935	0.137503523749935	0
ENSG00000242849	ALDOAP1	2e-08	0.137503523749935	0.137503523749935	0.137503523749935	0.137503523749935	0.137503523749935	0
ENSG00000246430	LINC00968	5e-12	0.137503523749935	0.137503523749935	0.137503523749935	0.137503523749935	0.137503523749935	0
ENSG00000248672	LY75-CD302	9e-09	0.137503523749935	0.137503523749935	0.137503523749935	0.137503523749935	0.137503523749935	0
ENSG00000248858	FLJ46284	3e-08	0.137503523749935	0.137503523749935	0.137503523749935	0.137503523749935	0.137503523749935	0
ENSG00000250091	DNAH10OS	7e-14	0.137503523749935	0.137503523749935	0.137503523749935	0.137503523749935	0.137503523749935	0
ENSG00000257859	CASC18	4e-08	0.137503523749935	0.137503523749935	0.137503523749935	0.137503523749935	0.137503523749935	0
ENSG00000258990	MPPE1P1	1e-23	0.137503523749935	0.137503523749935	0.137503523749935	0.137503523749935	0.137503523749935	0
ENSG00000259043	BRD7P1	4e-21	0.137503523749935	0.137503523749935	0.137503523749935	0.137503523749935	0.137503523749935	0
ENSG00000261758	STAG1-DT	1e-09	0.137503523749935	0.137503523749935	0.137503523749935	0.137503523749935	0.137503523749935	0
ENSG00000277481	PKD1L3	6e-09	0.137503523749935	0.137503523749935	0.137503523749935	0.137503523749935	0.137503523749935	0
ENSG00000280236	OR12D2	3e-08	0.137503523749935	0.137503523749935	0.137503523749935	0.137503523749935	0.137503523749935	0
ENSG00000283324	CTXND2	1e-06	0.137503523749935	0.137503523749935	0.137503523749935	0.137503523749935	0.137503523749935	0
